arm,group,window_index,view,key,gt_class,gt_area,best_query,best_raw_iou,best_query_class,best_query_class_correct,best_query_p_thing,best_query_passes_reader,reader_best_iou,reader_query,bucket
g0plus,train7,0,0,8059,7,66,90,0.0637065637065637,19,False,0.8007372617721558,True,0.0637065637065637,90,no_mask_reaches_0.5
g0plus,train7,0,1,8059,7,1219,90,0.0024691358024691358,19,False,0.8007372617721558,True,0.0024691358024691358,90,no_mask_reaches_0.5
g0plus,train7,0,2,8059,7,94,90,0.08995215311004785,19,False,0.8007372617721558,True,0.08995215311004785,90,no_mask_reaches_0.5
g0plus,train7,0,3,8059,7,256,,0.0,,False,,False,0.0,,no_mask_reaches_0.5
g0plus,train7,1,0,8049,7,1156,,0.0,,False,,False,0.0,,no_mask_reaches_0.5
g0plus,train7,1,0,14030,13,1551,22,0.0827250608272506,7,False,0.8726003170013428,True,0.0827250608272506,22,no_mask_reaches_0.5
g0plus,train7,1,1,14030,13,11,22,0.003740224413464808,7,False,0.8726003170013428,True,0.003740224413464808,22,no_mask_reaches_0.5
g0plus,train7,1,2,8049,7,501,,0.0,,False,,False,0.0,,no_mask_reaches_0.5
g0plus,train7,1,2,14030,13,132,22,0.027054724328755893,7,False,0.8726003170013428,True,0.027054724328755893,22,no_mask_reaches_0.5
g0plus,train7,1,3,8049,7,264,,0.0,,False,,False,0.0,,no_mask_reaches_0.5
g0plus,train7,1,3,14030,13,78,22,0.0170194195941523,7,False,0.8726003170013428,True,0.0170194195941523,22,no_mask_reaches_0.5
g0plus,train7,2,1,8006,7,10058,14,0.003629417382999045,7,True,0.8778878450393677,True,0.003629417382999045,14,no_mask_reaches_0.5
g0plus,train7,2,1,8024,7,9030,14,0.04414995393664517,7,True,0.8778878450393677,True,0.04414995393664517,14,no_mask_reaches_0.5
g0plus,train7,2,3,8006,7,10749,14,0.010001852194850898,7,True,0.8778878450393677,True,0.010001852194850898,14,no_mask_reaches_0.5
g0plus,train7,2,3,8024,7,9352,14,0.05136673459349308,7,True,0.8778878450393677,True,0.05136673459349308,14,no_mask_reaches_0.5
g0plus,train7,3,0,5002,4,2458,,0.0,,False,,False,0.0,,no_mask_reaches_0.5
g0plus,train7,3,0,8001,7,3665,65,0.048014605203103605,7,True,0.8358136415481567,True,0.048014605203103605,65,no_mask_reaches_0.5
g0plus,train7,3,0,8017,7,9783,90,0.6656462259638382,4,False,0.7934535145759583,True,0.6656462259638382,90,reader_true_positive
g0plus,train7,3,0,8019,7,17620,65,0.3812652728753733,7,True,0.8358136415481567,True,0.3812652728753733,65,no_mask_reaches_0.5
g0plus,train7,3,0,8020,7,146,,0.0,,False,,False,0.0,,no_mask_reaches_0.5
g0plus,train7,3,1,8001,7,4082,65,0.006189821182943604,7,True,0.8358136415481567,True,0.006189821182943604,65,no_mask_reaches_0.5
g0plus,train7,3,1,8017,7,1770,90,0.550561797752809,4,False,0.7934535145759583,True,0.550561797752809,90,reader_true_positive
g0plus,train7,3,1,8019,7,28443,14,0.2993003550961572,7,True,0.8179910778999329,True,0.2993003550961572,14,no_mask_reaches_0.5
g0plus,train7,3,1,8020,7,418,65,0.0031191515907673115,7,True,0.8358136415481567,True,0.0031191515907673115,65,no_mask_reaches_0.5
g0plus,train7,3,2,5002,4,1293,,0.0,,False,,False,0.0,,no_mask_reaches_0.5
g0plus,train7,3,2,8001,7,4193,65,0.01965665236051502,7,True,0.8358136415481567,True,0.01965665236051502,65,no_mask_reaches_0.5
g0plus,train7,3,2,8017,7,7755,90,0.6326707000864304,4,False,0.7934535145759583,True,0.6326707000864304,90,reader_true_positive
g0plus,train7,3,2,8019,7,20535,65,0.3228800450007031,7,True,0.8358136415481567,True,0.3228800450007031,65,no_mask_reaches_0.5
g0plus,train7,3,2,8020,7,332,65,0.0041327489041953665,7,True,0.8358136415481567,True,0.0041327489041953665,65,no_mask_reaches_0.5
g0plus,train7,3,3,8001,7,4838,65,0.008692120227457351,7,True,0.8358136415481567,True,0.008692120227457351,65,no_mask_reaches_0.5
g0plus,train7,3,3,8017,7,1497,90,0.5227272727272727,4,False,0.7934535145759583,True,0.5227272727272727,90,reader_true_positive
g0plus,train7,3,3,8019,7,27870,14,0.31489056332974524,7,True,0.8179910778999329,True,0.31489056332974524,14,no_mask_reaches_0.5
g0plus,train7,3,3,8020,7,433,65,0.004765487835465262,7,True,0.8358136415481567,True,0.004765487835465262,65,no_mask_reaches_0.5
g0plus,train7,4,0,18009,17,6621,22,0.357412469087596,19,False,0.9153497219085693,True,0.357412469087596,22,no_mask_reaches_0.5
g0plus,train7,4,0,20017,19,9387,62,0.5739773716275022,19,True,0.8967887759208679,True,0.5739773716275022,62,reader_true_positive
g0plus,train7,4,1,18009,17,6895,14,0.15268564091589984,17,True,0.8985614776611328,True,0.15268564091589984,14,no_mask_reaches_0.5
g0plus,train7,4,1,20017,19,13130,22,0.1506271795138708,19,True,0.9153497219085693,True,0.1506271795138708,22,no_mask_reaches_0.5
g0plus,train7,4,2,18009,17,323,22,0.023681377825618945,19,False,0.9153497219085693,True,0.023681377825618945,22,no_mask_reaches_0.5
g0plus,train7,4,2,20017,19,12236,62,0.35554990787216467,19,True,0.8967887759208679,True,0.35554990787216467,62,no_mask_reaches_0.5
g0plus,train7,4,3,18009,17,1504,22,0.034564254062038405,19,False,0.9153497219085693,True,0.034564254062038405,22,no_mask_reaches_0.5
g0plus,train7,4,3,20017,19,12316,22,0.17419099716601857,19,True,0.9153497219085693,True,0.17419099716601857,22,no_mask_reaches_0.5
g0plus,train7,5,1,3055,2,577,90,0.028385416666666666,4,False,0.8938739895820618,True,0.028385416666666666,90,no_mask_reaches_0.5
g0plus,train7,5,1,5011,4,2367,90,0.21002661934338954,4,True,0.8938739895820618,True,0.21002661934338954,90,no_mask_reaches_0.5
g0plus,train7,5,1,9046,8,1075,92,0.000475476390768443,6,False,0.9344961643218994,True,0.000475476390768443,92,no_mask_reaches_0.5
g0plus,train7,5,1,13018,12,80,,0.0,,False,,False,0.0,,no_mask_reaches_0.5
g0plus,train7,6,0,5010,4,3332,62,0.14494347693247786,4,True,0.9616383910179138,True,0.14494347693247786,62,no_mask_reaches_0.5
g0plus,train7,6,0,5018,4,7404,62,0.2933204808346564,4,True,0.9616383910179138,True,0.2933204808346564,62,no_mask_reaches_0.5
g0plus,train7,6,0,6002,5,13453,22,0.30350459339911534,4,False,0.9393826723098755,True,0.30350459339911534,22,no_mask_reaches_0.5
g0plus,train7,6,0,7006,6,525,22,0.013839140345164442,4,False,0.9393826723098755,True,0.013839140345164442,22,no_mask_reaches_0.5
g0plus,train7,6,0,7007,6,213,92,0.19718309859154928,5,False,0.9568539261817932,True,0.19718309859154928,92,no_mask_reaches_0.5
g0plus,train7,6,1,5010,4,20091,62,0.22870423069626256,4,True,0.9616383910179138,True,0.22870423069626256,62,no_mask_reaches_0.5
g0plus,train7,6,1,5018,4,6309,62,0.16463867731748097,4,True,0.9616383910179138,True,0.16463867731748097,62,no_mask_reaches_0.5
g0plus,train7,6,1,6002,5,6160,62,0.15917228551499651,4,False,0.9616383910179138,True,0.15917228551499651,62,no_mask_reaches_0.5
g0plus,train7,6,1,7007,6,972,92,0.06961126178483792,5,False,0.9568539261817932,True,0.06961126178483792,92,no_mask_reaches_0.5
g0plus,train7,6,2,5010,4,16505,62,0.21357469269191257,4,True,0.9616383910179138,True,0.21357469269191257,62,no_mask_reaches_0.5
g0plus,train7,6,2,5018,4,5775,62,0.15248591721773205,4,True,0.9616383910179138,True,0.15248591721773205,62,no_mask_reaches_0.5
g0plus,train7,6,2,6002,5,12691,62,0.13669118470671696,4,False,0.9616383910179138,True,0.13669118470671696,62,no_mask_reaches_0.5
g0plus,train7,6,2,7006,6,915,22,0.045624222314392365,4,False,0.9393826723098755,True,0.045624222314392365,22,no_mask_reaches_0.5
g0plus,train7,6,2,7007,6,149,92,0.031919451585261355,5,False,0.9568539261817932,True,0.031919451585261355,92,no_mask_reaches_0.5
g0plus,train7,6,3,5010,4,16394,62,0.22262864448311376,4,True,0.9616383910179138,True,0.22262864448311376,62,no_mask_reaches_0.5
g0plus,train7,6,3,5018,4,6389,62,0.1534973787370708,4,True,0.9616383910179138,True,0.1534973787370708,62,no_mask_reaches_0.5
g0plus,train7,6,3,6002,5,11064,62,0.1442390876917027,4,False,0.9616383910179138,True,0.1442390876917027,62,no_mask_reaches_0.5
g0plus,train7,6,3,7007,6,724,92,0.07607843137254902,5,False,0.9568539261817932,True,0.07607843137254902,92,no_mask_reaches_0.5
g0plus,dev8,0,0,5010,4,6036,22,0.08271385195267511,4,True,0.9390300512313843,True,0.08271385195267511,22,no_mask_reaches_0.5
g0plus,dev8,0,0,5011,4,3692,,0.0,,False,,False,0.0,,no_mask_reaches_0.5
g0plus,dev8,0,0,5016,4,408,,0.0,,False,,False,0.0,,no_mask_reaches_0.5
g0plus,dev8,0,0,5019,4,2006,92,0.2569516728624535,6,False,0.9591697454452515,True,0.2569516728624535,92,no_mask_reaches_0.5
g0plus,dev8,0,0,6001,5,11729,22,0.24006187161639597,4,False,0.9390300512313843,True,0.24006187161639597,22,no_mask_reaches_0.5
g0plus,dev8,0,0,7007,6,9623,92,0.23805855161787365,6,True,0.9591697454452515,True,0.23805855161787365,92,no_mask_reaches_0.5
g0plus,dev8,0,0,8032,7,1348,57,0.16375968992248063,8,False,0.8957871794700623,True,0.16375968992248063,57,no_mask_reaches_0.5
g0plus,dev8,0,0,8033,7,362,57,0.09269311064718162,8,False,0.8957871794700623,True,0.09269311064718162,57,no_mask_reaches_0.5
g0plus,dev8,0,1,5010,4,3368,,0.0,,False,,False,0.0,,no_mask_reaches_0.5
g0plus,dev8,0,1,5011,4,3722,,0.0,,False,,False,0.0,,no_mask_reaches_0.5
g0plus,dev8,0,1,5012,4,461,90,0.10244444444444445,4,True,0.9223324060440063,True,0.10244444444444445,90,no_mask_reaches_0.5
g0plus,dev8,0,1,5019,4,1894,92,0.2227763923524522,6,False,0.9591697454452515,True,0.2227763923524522,92,no_mask_reaches_0.5
g0plus,dev8,0,1,6001,5,8037,65,0.08677266576454669,5,True,0.9455962181091309,True,0.08677266576454669,65,no_mask_reaches_0.5
g0plus,dev8,0,1,7007,6,14218,92,0.14671437865972675,6,True,0.9591697454452515,True,0.14671437865972675,92,no_mask_reaches_0.5
g0plus,dev8,0,1,8032,7,2058,57,0.19540507859733977,8,False,0.8957871794700623,True,0.19540507859733977,57,no_mask_reaches_0.5
g0plus,dev8,0,1,8033,7,365,57,0.07084019769357495,8,False,0.8957871794700623,True,0.07084019769357495,57,no_mask_reaches_0.5
g0plus,dev8,0,1,20031,19,2094,90,0.32012012012012014,4,False,0.9223324060440063,True,0.32012012012012014,90,no_mask_reaches_0.5
g0plus,dev8,0,1,20034,19,1608,92,0.05536332179930796,6,False,0.9591697454452515,True,0.05536332179930796,92,no_mask_reaches_0.5
g0plus,dev8,0,2,5010,4,5909,22,0.0660548379786993,4,True,0.9390300512313843,True,0.0660548379786993,22,no_mask_reaches_0.5
g0plus,dev8,0,2,5011,4,3767,,0.0,,False,,False,0.0,,no_mask_reaches_0.5
g0plus,dev8,0,2,5016,4,406,,0.0,,False,,False,0.0,,no_mask_reaches_0.5
g0plus,dev8,0,2,5019,4,1985,92,0.24391640423704553,6,False,0.9591697454452515,True,0.24391640423704553,92,no_mask_reaches_0.5
g0plus,dev8,0,2,6001,5,11279,22,0.21848462362931817,4,False,0.9390300512313843,True,0.21848462362931817,22,no_mask_reaches_0.5
g0plus,dev8,0,2,7007,6,10096,92,0.21799333043352181,6,True,0.9591697454452515,True,0.21799333043352181,92,no_mask_reaches_0.5
g0plus,dev8,0,2,8032,7,1933,57,0.18942849476790985,8,False,0.8957871794700623,True,0.18942849476790985,57,no_mask_reaches_0.5
g0plus,dev8,0,2,8033,7,423,57,0.09516672911202698,8,False,0.8957871794700623,True,0.09516672911202698,57,no_mask_reaches_0.5
g0plus,dev8,0,2,20034,19,7,,0.0,,False,,False,0.0,,no_mask_reaches_0.5
g0plus,dev8,0,3,5010,4,4668,,0.0,,False,,False,0.0,,no_mask_reaches_0.5
g0plus,dev8,0,3,5011,4,3660,,0.0,,False,,False,0.0,,no_mask_reaches_0.5
g0plus,dev8,0,3,5016,4,245,,0.0,,False,,False,0.0,,no_mask_reaches_0.5
g0plus,dev8,0,3,5019,4,1892,92,0.21846571622539035,6,False,0.9591697454452515,True,0.21846571622539035,92,no_mask_reaches_0.5
g0plus,dev8,0,3,6001,5,9573,65,0.08619880689054227,5,True,0.9455962181091309,True,0.08619880689054227,65,no_mask_reaches_0.5
g0plus,dev8,0,3,7007,6,11864,92,0.17385377942998761,6,True,0.9591697454452515,True,0.17385377942998761,92,no_mask_reaches_0.5
g0plus,dev8,0,3,8032,7,2079,57,0.19480209823557462,8,False,0.8957871794700623,True,0.19480209823557462,57,no_mask_reaches_0.5
g0plus,dev8,0,3,8033,7,396,57,0.07147456535737283,8,False,0.8957871794700623,True,0.07147456535737283,57,no_mask_reaches_0.5
g0plus,dev8,0,3,20031,19,177,90,0.13982011447260834,4,False,0.9223324060440063,True,0.13982011447260834,90,no_mask_reaches_0.5
g0plus,dev8,0,3,20034,19,1499,92,0.056903559551668925,6,False,0.9591697454452515,True,0.056903559551668925,92,no_mask_reaches_0.5
g0plus,dev8,1,0,8022,7,5571,65,0.13070829450139795,2,False,0.9275829195976257,True,0.13070829450139795,65,no_mask_reaches_0.5
g0plus,dev8,1,0,20031,19,19679,92,0.3334528344163119,2,False,0.9044798016548157,True,0.3334528344163119,92,no_mask_reaches_0.5
g0plus,dev8,1,1,8022,7,5067,65,0.19217991311014568,2,False,0.9275829195976257,True,0.19217991311014568,65,no_mask_reaches_0.5
g0plus,dev8,1,1,20031,19,3987,92,0.0006043513295729251,2,False,0.9044798016548157,True,0.0006043513295729251,92,no_mask_reaches_0.5
g0plus,dev8,1,2,8022,7,4943,65,0.17730966992867805,2,False,0.9275829195976257,True,0.17730966992867805,65,no_mask_reaches_0.5
g0plus,dev8,1,2,20031,19,15045,92,0.3097064709806538,2,False,0.9044798016548157,True,0.3097064709806538,92,no_mask_reaches_0.5
g0plus,dev8,1,3,8022,7,3211,65,0.21627573001436093,2,False,0.9275829195976257,True,0.21627573001436093,65,no_mask_reaches_0.5
g0plus,dev8,1,3,20031,19,11436,92,0.3047154248006599,2,False,0.9044798016548157,True,0.3047154248006599,92,no_mask_reaches_0.5
g0plus,dev8,2,0,5015,4,6528,62,0.0036864094372081593,4,True,0.971730649471283,True,0.0036864094372081593,62,no_mask_reaches_0.5
g0plus,dev8,2,0,5016,4,3530,92,0.23302231237322515,6,False,0.9755681753158569,True,0.23302231237322515,92,no_mask_reaches_0.5
g0plus,dev8,2,0,6013,5,16566,65,0.1258472768640091,6,False,0.9468830823898315,True,0.1258472768640091,65,no_mask_reaches_0.5
g0plus,dev8,2,0,7012,6,28729,62,0.30869018915339425,4,False,0.971730649471283,True,0.30869018915339425,62,no_mask_reaches_0.5
g0plus,dev8,2,1,5015,4,2454,,0.0,,False,,False,0.0,,no_mask_reaches_0.5
g0plus,dev8,2,1,5016,4,6127,92,0.2577834179357022,6,False,0.9755681753158569,True,0.2577834179357022,92,no_mask_reaches_0.5
g0plus,dev8,2,1,5017,4,1609,90,0.02275830678197542,4,True,0.9623370170593262,True,0.02275830678197542,90,no_mask_reaches_0.5
g0plus,dev8,2,1,6013,5,539,,0.0,,False,,False,0.0,,no_mask_reaches_0.5
g0plus,dev8,2,1,7012,6,21816,62,0.2686772872836353,4,False,0.971730649471283,True,0.2686772872836353,62,no_mask_reaches_0.5
g0plus,dev8,2,2,5015,4,5335,,0.0,,False,,False,0.0,,no_mask_reaches_0.5
g0plus,dev8,2,2,5016,4,7821,92,0.23049127927176707,6,False,0.9755681753158569,True,0.23049127927176707,92,no_mask_reaches_0.5
g0plus,dev8,2,2,5017,4,127,,0.0,,False,,False,0.0,,no_mask_reaches_0.5
g0plus,dev8,2,2,6013,5,3606,65,0.12056737588652482,6,False,0.9468830823898315,True,0.12056737588652482,65,no_mask_reaches_0.5
g0plus,dev8,2,2,7012,6,27651,62,0.267303428279038,4,False,0.971730649471283,True,0.267303428279038,62,no_mask_reaches_0.5
g0plus,dev8,2,3,5015,4,3403,,0.0,,False,,False,0.0,,no_mask_reaches_0.5
g0plus,dev8,2,3,5016,4,6387,92,0.24709825077652445,6,False,0.9755681753158569,True,0.24709825077652445,92,no_mask_reaches_0.5
g0plus,dev8,2,3,5017,4,1374,90,0.03586614901090775,4,True,0.9623370170593262,True,0.03586614901090775,90,no_mask_reaches_0.5
g0plus,dev8,2,3,6013,5,1047,65,0.01334668001334668,6,False,0.9468830823898315,True,0.01334668001334668,65,no_mask_reaches_0.5
g0plus,dev8,2,3,7012,6,24077,62,0.2743849602531741,4,False,0.971730649471283,True,0.2743849602531741,62,no_mask_reaches_0.5
g0plus,dev8,3,0,4004,3,16977,92,0.4028391353007009,2,False,0.9255694150924683,True,0.4028391353007009,92,no_mask_reaches_0.5
g0plus,dev8,3,0,5030,4,1178,,0.0,,False,,False,0.0,,no_mask_reaches_0.5
g0plus,dev8,3,0,7006,6,2944,22,0.23387096774193547,5,False,0.8516730070114136,True,0.23387096774193547,22,no_mask_reaches_0.5
g0plus,dev8,3,1,4004,3,37026,92,0.5024497981772487,2,False,0.9255694150924683,True,0.5024497981772487,92,reader_true_positive
g0plus,dev8,3,1,20008,19,1544,92,0.03317349607672188,2,False,0.9255694150924683,True,0.03317349607672188,92,no_mask_reaches_0.5
g0plus,dev8,3,2,4004,3,22277,92,0.5637488947833775,2,False,0.9255694150924683,True,0.5637488947833775,92,reader_true_positive
g0plus,dev8,3,3,4004,3,31642,92,0.5401344883988611,2,False,0.9255694150924683,True,0.5401344883988611,92,reader_true_positive
g0plus,dev8,4,0,6002,5,14952,62,0.5183175033921302,4,False,0.9478697776794434,True,0.5183175033921302,62,reader_true_positive
g0plus,dev8,4,0,6003,5,4018,90,0.18964536317087047,4,False,0.8314204216003418,True,0.18964536317087047,90,no_mask_reaches_0.5
g0plus,dev8,4,0,7015,6,676,92,0.07040199958342012,4,False,0.9101584553718567,True,0.07040199958342012,92,no_mask_reaches_0.5
g0plus,dev8,4,0,8013,7,17331,14,0.2746523570480642,7,True,0.6662832498550415,True,0.2746523570480642,14,no_mask_reaches_0.5
g0plus,dev8,4,0,20009,19,2670,92,0.0513150004283389,4,False,0.9101584553718567,True,0.0513150004283389,92,no_mask_reaches_0.5
g0plus,dev8,4,1,6002,5,21190,62,0.6808042726987119,4,False,0.9478697776794434,True,0.6808042726987119,62,reader_true_positive
g0plus,dev8,4,1,6003,5,13526,90,0.43270609318996417,4,False,0.8314204216003418,True,0.43270609318996417,90,no_mask_reaches_0.5
g0plus,dev8,4,1,7015,6,1405,92,0.16860814218806291,4,False,0.9101584553718567,True,0.16860814218806291,92,no_mask_reaches_0.5
g0plus,dev8,4,1,20009,19,4330,90,0.04003652134215933,4,False,0.8314204216003418,True,0.04003652134215933,90,no_mask_reaches_0.5
g0plus,dev8,4,2,6002,5,17059,62,0.5526607246453246,4,False,0.9478697776794434,True,0.5526607246453246,62,reader_true_positive
g0plus,dev8,4,2,6003,5,3378,92,0.13199413742564015,4,False,0.9101584553718567,True,0.13199413742564015,92,no_mask_reaches_0.5
g0plus,dev8,4,2,7015,6,731,92,0.07495898277276457,4,False,0.9101584553718567,True,0.07495898277276457,92,no_mask_reaches_0.5
g0plus,dev8,4,2,8013,7,17387,14,0.2880366342301088,7,True,0.6662832498550415,True,0.2880366342301088,14,no_mask_reaches_0.5
g0plus,dev8,4,2,20009,19,2954,90,0.09356879283078545,4,False,0.8314204216003418,True,0.09356879283078545,90,no_mask_reaches_0.5
g0plus,dev8,4,3,6002,5,27443,62,0.4806740052010972,4,False,0.9478697776794434,True,0.4806740052010972,62,no_mask_reaches_0.5
g0plus,dev8,4,3,6003,5,4609,90,0.21514368253002888,4,False,0.8314204216003418,True,0.21514368253002888,90,no_mask_reaches_0.5
g0plus,dev8,4,3,7015,6,986,92,0.11056290648127383,4,False,0.9101584553718567,True,0.11056290648127383,92,no_mask_reaches_0.5
g0plus,dev8,4,3,8013,7,5792,14,0.14745087261234024,7,True,0.6662832498550415,True,0.14745087261234024,14,no_mask_reaches_0.5
g0plus,dev8,4,3,20009,19,3799,90,0.23296137339055795,4,False,0.8314204216003418,True,0.23296137339055795,90,no_mask_reaches_0.5
g0plus,dev8,5,0,6006,5,33801,92,0.24478565722907605,4,False,0.9372618794441223,True,0.24478565722907605,92,no_mask_reaches_0.5
g0plus,dev8,5,1,6006,5,29815,62,0.20615728186313606,4,False,0.9535062313079834,True,0.20615728186313606,62,no_mask_reaches_0.5
g0plus,dev8,5,2,6006,5,34911,92,0.2553888208661978,4,False,0.9372618794441223,True,0.2553888208661978,92,no_mask_reaches_0.5
g0plus,dev8,5,3,6006,5,34354,92,0.24724832959050708,4,False,0.9372618794441223,True,0.24724832959050708,92,no_mask_reaches_0.5
g0plus,dev8,6,0,5021,4,6992,92,0.22938968441540386,19,False,0.9662491679191589,True,0.22938968441540386,92,no_mask_reaches_0.5
g0plus,dev8,6,0,9035,8,428,,0.0,,False,,False,0.0,,no_mask_reaches_0.5
g0plus,dev8,6,0,13012,12,16636,65,0.3096850861556744,19,False,0.9500907063484192,True,0.3096850861556744,65,no_mask_reaches_0.5
g0plus,dev8,6,1,5021,4,8795,92,0.23514407179971658,19,False,0.9662491679191589,True,0.23514407179971658,92,no_mask_reaches_0.5
g0plus,dev8,6,1,8001,7,2643,90,0.062483069977426635,6,False,0.9196736216545105,True,0.062483069977426635,90,no_mask_reaches_0.5
g0plus,dev8,6,1,13012,12,13432,62,0.2984159427695452,4,False,0.9597249627113342,True,0.2984159427695452,62,no_mask_reaches_0.5
g0plus,dev8,6,2,5021,4,8561,92,0.30140022161781,19,False,0.9662491679191589,True,0.30140022161781,92,no_mask_reaches_0.5
g0plus,dev8,6,2,8001,7,1682,92,0.14698063045955184,19,False,0.9662491679191589,True,0.14698063045955184,92,no_mask_reaches_0.5
g0plus,dev8,6,2,13012,12,17859,65,0.3117128114076458,19,False,0.9500907063484192,True,0.3117128114076458,65,no_mask_reaches_0.5
g0plus,dev8,6,3,5021,4,8470,92,0.3050430504305043,19,False,0.9662491679191589,True,0.3050430504305043,92,no_mask_reaches_0.5
g0plus,dev8,6,3,8001,7,1815,92,0.11668504226387358,19,False,0.9662491679191589,True,0.11668504226387358,92,no_mask_reaches_0.5
g0plus,dev8,6,3,13012,12,17432,65,0.32343440068007934,19,False,0.9500907063484192,True,0.32343440068007934,65,no_mask_reaches_0.5
g0plus,dev8,7,0,20017,19,11072,22,0.4098428797073738,7,False,0.9261373281478882,True,0.4098428797073738,22,no_mask_reaches_0.5
g0plus,dev8,7,1,20017,19,184,,0.0,,False,,False,0.0,,no_mask_reaches_0.5
g0plus,dev8,7,2,20017,19,4571,22,0.3176547801356377,7,False,0.9261373281478882,True,0.3176547801356377,22,no_mask_reaches_0.5
g0plus,dev8,7,3,20017,19,622,65,0.035002215330084185,7,False,0.8770158886909485,True,0.035002215330084185,65,no_mask_reaches_0.5
g0plus,val32,0,0,3002,2,1997,14,0.5851404194809812,17,False,0.9215654134750366,True,0.5851404194809812,14,reader_true_positive
g0plus,val32,0,0,3029,2,46,14,0.016619375760032428,17,False,0.9215654134750366,True,0.016619375760032428,14,no_mask_reaches_0.5
g0plus,val32,0,0,5009,4,269,65,0.012936103488827911,17,False,0.9129395484924316,True,0.012936103488827911,65,no_mask_reaches_0.5
g0plus,val32,0,0,5010,4,6448,65,0.10952139782223348,17,False,0.9129395484924316,True,0.10952139782223348,65,no_mask_reaches_0.5
g0plus,val32,0,0,5011,4,7516,90,0.09661047670835599,19,False,0.8827871680259705,True,0.09661047670835599,90,no_mask_reaches_0.5
g0plus,val32,0,0,7003,6,4976,65,0.12828845558650573,17,False,0.9129395484924316,True,0.12828845558650573,65,no_mask_reaches_0.5
g0plus,val32,0,0,15028,14,1,14,0.00040617384240454913,17,False,0.9215654134750366,True,0.00040617384240454913,14,no_mask_reaches_0.5
g0plus,val32,0,1,3002,2,4809,14,0.43643552311435524,17,False,0.9215654134750366,True,0.43643552311435524,14,no_mask_reaches_0.5
g0plus,val32,0,1,3029,2,328,14,0.06180496150556031,17,False,0.9215654134750366,True,0.06180496150556031,14,no_mask_reaches_0.5
g0plus,val32,0,1,5008,4,106,,0.0,,False,,False,0.0,,no_mask_reaches_0.5
g0plus,val32,0,1,5009,4,438,57,0.03089887640449438,7,False,0.8790609836578369,True,0.03089887640449438,57,no_mask_reaches_0.5
g0plus,val32,0,1,5010,4,7233,65,0.15513039239580795,17,False,0.9129395484924316,True,0.15513039239580795,65,no_mask_reaches_0.5
g0plus,val32,0,1,5011,4,3586,90,0.08090209414712726,19,False,0.8827871680259705,True,0.08090209414712726,90,no_mask_reaches_0.5
g0plus,val32,0,1,7003,6,8683,65,0.038582153378314166,17,False,0.9129395484924316,True,0.038582153378314166,65,no_mask_reaches_0.5
g0plus,val32,0,1,15028,14,1185,14,0.2416293452761783,17,False,0.9215654134750366,True,0.2416293452761783,14,no_mask_reaches_0.5
g0plus,val32,0,2,3002,2,2094,14,0.6001383604289173,17,False,0.9215654134750366,True,0.6001383604289173,14,reader_true_positive
g0plus,val32,0,2,3029,2,92,14,0.03266430539157812,17,False,0.9215654134750366,True,0.03266430539157812,14,no_mask_reaches_0.5
g0plus,val32,0,2,5009,4,167,65,0.006488240064882401,17,False,0.9129395484924316,True,0.006488240064882401,65,no_mask_reaches_0.5
g0plus,val32,0,2,5010,4,6519,65,0.1068788372384413,17,False,0.9129395484924316,True,0.1068788372384413,65,no_mask_reaches_0.5
g0plus,val32,0,2,5011,4,7228,90,0.07907107935314028,19,False,0.8827871680259705,True,0.07907107935314028,90,no_mask_reaches_0.5
g0plus,val32,0,2,7003,6,4935,65,0.13547376664056382,17,False,0.9129395484924316,True,0.13547376664056382,65,no_mask_reaches_0.5
g0plus,val32,0,2,15028,14,21,14,0.008293838862559242,17,False,0.9215654134750366,True,0.008293838862559242,14,no_mask_reaches_0.5
g0plus,val32,0,3,3002,2,2111,14,0.5741610738255034,17,False,0.9215654134750366,True,0.5741610738255034,14,reader_true_positive
g0plus,val32,0,3,3029,2,153,14,0.0568445475638051,17,False,0.9215654134750366,True,0.0568445475638051,14,no_mask_reaches_0.5
g0plus,val32,0,3,5009,4,216,65,0.011971268954509178,17,False,0.9129395484924316,True,0.011971268954509178,65,no_mask_reaches_0.5
g0plus,val32,0,3,5010,4,6644,65,0.10082279258258627,17,False,0.9129395484924316,True,0.10082279258258627,65,no_mask_reaches_0.5
g0plus,val32,0,3,5011,4,6624,90,0.052452452452452454,19,False,0.8827871680259705,True,0.052452452452452454,90,no_mask_reaches_0.5
g0plus,val32,0,3,7003,6,4856,65,0.13706227222310252,17,False,0.9129395484924316,True,0.13706227222310252,65,no_mask_reaches_0.5
g0plus,val32,0,3,15028,14,54,14,0.020930232558139535,17,False,0.9215654134750366,True,0.020930232558139535,14,no_mask_reaches_0.5
g0plus,val32,0,4,3002,2,2110,14,0.5419084461637653,17,False,0.9215654134750366,True,0.5419084461637653,14,reader_true_positive
g0plus,val32,0,4,3029,2,212,14,0.07568978374347501,17,False,0.9215654134750366,True,0.07568978374347501,14,no_mask_reaches_0.5
g0plus,val32,0,4,5009,4,360,65,0.02131709173962695,17,False,0.9129395484924316,True,0.02131709173962695,65,no_mask_reaches_0.5
g0plus,val32,0,4,5010,4,6561,65,0.09435821630943582,17,False,0.9129395484924316,True,0.09435821630943582,65,no_mask_reaches_0.5
g0plus,val32,0,4,5011,4,6162,90,0.03655268517525994,19,False,0.8827871680259705,True,0.03655268517525994,90,no_mask_reaches_0.5
g0plus,val32,0,4,7003,6,5013,65,0.14930283565721447,17,False,0.9129395484924316,True,0.14930283565721447,65,no_mask_reaches_0.5
g0plus,val32,0,4,15028,14,141,14,0.052749719416386086,17,False,0.9215654134750366,True,0.052749719416386086,14,no_mask_reaches_0.5
g0plus,val32,0,5,3002,2,2199,14,0.5232415902140672,17,False,0.9215654134750366,True,0.5232415902140672,14,reader_true_positive
g0plus,val32,0,5,3029,2,210,14,0.07201719813686851,17,False,0.9215654134750366,True,0.07201719813686851,14,no_mask_reaches_0.5
g0plus,val32,0,5,5009,4,376,65,0.012777151446824501,17,False,0.9129395484924316,True,0.012777151446824501,65,no_mask_reaches_0.5
g0plus,val32,0,5,5010,4,6620,65,0.09883220651505839,17,False,0.9129395484924316,True,0.09883220651505839,65,no_mask_reaches_0.5
g0plus,val32,0,5,5011,4,5947,90,0.03553015019054024,19,False,0.8827871680259705,True,0.03553015019054024,90,no_mask_reaches_0.5
g0plus,val32,0,5,7003,6,5203,65,0.14909868622059272,17,False,0.9129395484924316,True,0.14909868622059272,65,no_mask_reaches_0.5
g0plus,val32,0,5,15028,14,225,14,0.08087706685837527,17,False,0.9215654134750366,True,0.08087706685837527,14,no_mask_reaches_0.5
g0plus,val32,1,0,3002,2,10568,14,0.17297650130548303,8,False,0.9207924604415894,True,0.17297650130548303,14,no_mask_reaches_0.5
g0plus,val32,1,0,5009,4,1108,92,0.08451479697178252,6,False,0.9531482458114624,True,0.08451479697178252,92,no_mask_reaches_0.5
g0plus,val32,1,0,5010,4,15670,90,0.13988852210617458,4,True,0.916592001914978,True,0.13988852210617458,90,no_mask_reaches_0.5
g0plus,val32,1,0,7003,6,5941,92,0.712053872053872,6,True,0.9531482458114624,True,0.712053872053872,92,reader_true_positive
g0plus,val32,1,0,12026,11,782,57,0.11722731906218145,8,False,0.9071952700614929,True,0.11722731906218145,57,no_mask_reaches_0.5
g0plus,val32,1,0,18027,17,172,14,0.002295684113865932,8,False,0.9207924604415894,True,0.002295684113865932,14,no_mask_reaches_0.5
g0plus,val32,1,1,3002,2,10351,14,0.23786522148916117,8,False,0.9207924604415894,True,0.23786522148916117,14,no_mask_reaches_0.5
g0plus,val32,1,1,3029,2,1076,14,0.08886003153696317,8,False,0.9207924604415894,True,0.08886003153696317,14,no_mask_reaches_0.5
g0plus,val32,1,1,5009,4,1058,,0.0,,False,,False,0.0,,no_mask_reaches_0.5
g0plus,val32,1,1,5010,4,11243,65,0.17425232719350367,3,False,0.9292775988578796,True,0.17425232719350367,65,no_mask_reaches_0.5
g0plus,val32,1,1,7003,6,930,62,0.006269592476489028,4,False,0.9344205856323242,True,0.006269592476489028,62,no_mask_reaches_0.5
g0plus,val32,1,1,9025,8,770,14,0.040309372156505915,8,True,0.9207924604415894,True,0.040309372156505915,14,no_mask_reaches_0.5
g0plus,val32,1,1,12026,11,1474,57,0.1461577096936213,8,False,0.9071952700614929,True,0.1461577096936213,57,no_mask_reaches_0.5
g0plus,val32,1,1,15028,14,4364,14,0.37875034406826313,8,False,0.9207924604415894,True,0.37875034406826313,14,no_mask_reaches_0.5
g0plus,val32,1,1,18027,17,299,14,0.005595816897532337,8,False,0.9207924604415894,True,0.005595816897532337,14,no_mask_reaches_0.5
g0plus,val32,1,2,3002,2,8597,65,0.18270401948842874,3,False,0.9292775988578796,True,0.18270401948842874,65,no_mask_reaches_0.5
g0plus,val32,1,2,5009,4,570,92,0.08691003513059417,6,False,0.9531482458114624,True,0.08691003513059417,92,no_mask_reaches_0.5
g0plus,val32,1,2,5010,4,16433,90,0.13708521097910692,4,True,0.916592001914978,True,0.13708521097910692,90,no_mask_reaches_0.5
g0plus,val32,1,2,7003,6,5060,92,0.6081474296799224,6,True,0.9531482458114624,True,0.6081474296799224,92,reader_true_positive
g0plus,val32,1,3,3002,2,9760,14,0.2856706385578979,8,False,0.9207924604415894,True,0.2856706385578979,14,no_mask_reaches_0.5
g0plus,val32,1,3,3029,2,176,14,0.019792016101979202,8,False,0.9207924604415894,True,0.019792016101979202,14,no_mask_reaches_0.5
g0plus,val32,1,3,5009,4,534,92,0.15206727400140155,6,False,0.9531482458114624,True,0.15206727400140155,92,no_mask_reaches_0.5
g0plus,val32,1,3,5010,4,14390,65,0.13163541004450097,3,False,0.9292775988578796,True,0.13163541004450097,65,no_mask_reaches_0.5
g0plus,val32,1,3,7003,6,2639,92,0.5927347903130538,6,True,0.9531482458114624,True,0.5927347903130538,92,reader_true_positive
g0plus,val32,1,4,3002,2,10367,14,0.3073632474742878,8,False,0.9207924604415894,True,0.3073632474742878,14,no_mask_reaches_0.5
g0plus,val32,1,4,3029,2,670,14,0.12322503008423585,8,False,0.9207924604415894,True,0.12322503008423585,14,no_mask_reaches_0.5
g0plus,val32,1,4,5009,4,792,92,0.20325542570951585,6,False,0.9531482458114624,True,0.20325542570951585,92,no_mask_reaches_0.5
g0plus,val32,1,4,5010,4,14147,65,0.13713146164072887,3,False,0.9292775988578796,True,0.13713146164072887,65,no_mask_reaches_0.5
g0plus,val32,1,4,7003,6,2190,92,0.4655939746662102,6,True,0.9531482458114624,True,0.4655939746662102,92,no_mask_reaches_0.5
g0plus,val32,1,4,15028,14,181,14,0.01927299341302757,8,False,0.9207924604415894,True,0.01927299341302757,14,no_mask_reaches_0.5
g0plus,val32,1,5,3002,2,10806,14,0.24516980679227168,8,False,0.9207924604415894,True,0.24516980679227168,14,no_mask_reaches_0.5
g0plus,val32,1,5,3029,2,1012,14,0.08796664019062748,8,False,0.9207924604415894,True,0.08796664019062748,14,no_mask_reaches_0.5
g0plus,val32,1,5,5009,4,958,57,0.0006397952655150352,8,False,0.9071952700614929,True,0.0006397952655150352,57,no_mask_reaches_0.5
g0plus,val32,1,5,5010,4,11370,65,0.16936758893280632,3,False,0.9292775988578796,True,0.16936758893280632,65,no_mask_reaches_0.5
g0plus,val32,1,5,7003,6,807,62,0.010323886639676113,4,False,0.9344205856323242,True,0.010323886639676113,62,no_mask_reaches_0.5
g0plus,val32,1,5,9025,8,395,14,0.021938926771420102,8,True,0.9207924604415894,True,0.021938926771420102,14,no_mask_reaches_0.5
g0plus,val32,1,5,12026,11,1465,57,0.21466275659824047,8,False,0.9071952700614929,True,0.21466275659824047,57,no_mask_reaches_0.5
g0plus,val32,1,5,15028,14,4041,14,0.37329405989199804,8,False,0.9207924604415894,True,0.37329405989199804,14,no_mask_reaches_0.5
g0plus,val32,1,5,18027,17,218,14,0.004943642475776152,8,False,0.9207924604415894,True,0.004943642475776152,14,no_mask_reaches_0.5
g0plus,val32,2,0,3002,2,4983,65,0.12331139591271216,17,False,0.924607515335083,True,0.12331139591271216,65,no_mask_reaches_0.5
g0plus,val32,2,0,3029,2,438,14,0.11091234347048301,17,False,0.9056472182273865,True,0.11091234347048301,14,no_mask_reaches_0.5
g0plus,val32,2,0,5008,4,112,,0.0,,False,,False,0.0,,no_mask_reaches_0.5
g0plus,val32,2,0,5009,4,726,,0.0,,False,,False,0.0,,no_mask_reaches_0.5
g0plus,val32,2,0,5010,4,7467,65,0.07117267733460712,17,False,0.924607515335083,True,0.07117267733460712,65,no_mask_reaches_0.5
g0plus,val32,2,0,5011,4,3091,90,0.12154195011337869,19,False,0.8620996475219727,True,0.12154195011337869,90,no_mask_reaches_0.5
g0plus,val32,2,0,7003,6,8464,65,0.019954973393368807,17,False,0.924607515335083,True,0.019954973393368807,65,no_mask_reaches_0.5
g0plus,val32,2,0,15028,14,1344,14,0.49076517150395776,17,False,0.9056472182273865,True,0.49076517150395776,14,no_mask_reaches_0.5
g0plus,val32,2,1,3002,2,7141,65,0.10562926703593971,17,False,0.924607515335083,True,0.10562926703593971,65,no_mask_reaches_0.5
g0plus,val32,2,1,3029,2,828,14,0.1564281190626979,17,False,0.9056472182273865,True,0.1564281190626979,14,no_mask_reaches_0.5
g0plus,val32,2,1,5008,4,30,,0.0,,False,,False,0.0,,no_mask_reaches_0.5
g0plus,val32,2,1,5009,4,1374,92,0.04433497536945813,17,False,0.9455087184906006,True,0.04433497536945813,92,no_mask_reaches_0.5
g0plus,val32,2,1,5010,4,9411,65,0.058932578788174456,17,False,0.924607515335083,True,0.058932578788174456,65,no_mask_reaches_0.5
g0plus,val32,2,1,5011,4,1627,90,0.02775721687638786,19,False,0.8620996475219727,True,0.02775721687638786,90,no_mask_reaches_0.5
g0plus,val32,2,1,7003,6,8343,62,0.007318431310158301,19,False,0.9180365800857544,True,0.007318431310158301,62,no_mask_reaches_0.5
g0plus,val32,2,1,9025,8,862,57,0.16204690831556504,7,False,0.8717281222343445,True,0.16204690831556504,57,no_mask_reaches_0.5
g0plus,val32,2,1,12026,11,1393,92,0.056685150955021565,17,False,0.9455087184906006,True,0.056685150955021565,92,no_mask_reaches_0.5
g0plus,val32,2,1,15028,14,1556,14,0.38783269961977185,17,False,0.9056472182273865,True,0.38783269961977185,14,no_mask_reaches_0.5
g0plus,val32,2,1,18027,17,167,57,0.0821917808219178,7,False,0.8717281222343445,True,0.0821917808219178,57,no_mask_reaches_0.5
g0plus,val32,2,2,3002,2,5080,65,0.11872767477462154,17,False,0.924607515335083,True,0.11872767477462154,65,no_mask_reaches_0.5
g0plus,val32,2,2,3029,2,425,14,0.10072248193795155,17,False,0.9056472182273865,True,0.10072248193795155,14,no_mask_reaches_0.5
g0plus,val32,2,2,5008,4,123,,0.0,,False,,False,0.0,,no_mask_reaches_0.5
g0plus,val32,2,2,5009,4,683,,0.0,,False,,False,0.0,,no_mask_reaches_0.5
g0plus,val32,2,2,5010,4,7485,65,0.07607523661195639,17,False,0.924607515335083,True,0.07607523661195639,65,no_mask_reaches_0.5
g0plus,val32,2,2,5011,4,2630,90,0.11984231274638633,19,False,0.8620996475219727,True,0.11984231274638633,90,no_mask_reaches_0.5
g0plus,val32,2,2,7003,6,8296,65,0.017031882853878907,17,False,0.924607515335083,True,0.017031882853878907,65,no_mask_reaches_0.5
g0plus,val32,2,2,15028,14,1516,14,0.5356695869837297,17,False,0.9056472182273865,True,0.5356695869837297,14,reader_true_positive
g0plus,val32,2,3,3002,2,6199,65,0.08888573858803515,17,False,0.924607515335083,True,0.08888573858803515,65,no_mask_reaches_0.5
g0plus,val32,2,3,3029,2,565,14,0.10395158419366322,17,False,0.9056472182273865,True,0.10395158419366322,14,no_mask_reaches_0.5
g0plus,val32,2,3,5008,4,123,,0.0,,False,,False,0.0,,no_mask_reaches_0.5
g0plus,val32,2,3,5009,4,1080,92,0.08333333333333333,17,False,0.9455087184906006,True,0.08333333333333333,92,no_mask_reaches_0.5
g0plus,val32,2,3,5010,4,8399,65,0.08654057620409061,17,False,0.924607515335083,True,0.08654057620409061,65,no_mask_reaches_0.5
g0plus,val32,2,3,5011,4,1839,,0.0,,False,,False,0.0,,no_mask_reaches_0.5
g0plus,val32,2,3,7003,6,8047,65,0.00718740090899482,17,False,0.924607515335083,True,0.00718740090899482,65,no_mask_reaches_0.5
g0plus,val32,2,3,15028,14,1761,14,0.5456834532374101,17,False,0.9056472182273865,True,0.5456834532374101,14,reader_true_positive
g0plus,val32,2,4,3002,2,6510,65,0.08697427521437322,17,False,0.924607515335083,True,0.08697427521437322,65,no_mask_reaches_0.5
g0plus,val32,2,4,3029,2,588,14,0.10805860805860806,17,False,0.9056472182273865,True,0.10805860805860806,14,no_mask_reaches_0.5
g0plus,val32,2,4,5008,4,139,,0.0,,False,,False,0.0,,no_mask_reaches_0.5
g0plus,val32,2,4,5009,4,1161,92,0.06831767719897523,17,False,0.9455087184906006,True,0.06831767719897523,92,no_mask_reaches_0.5
g0plus,val32,2,4,5010,4,8552,65,0.08481176979662484,17,False,0.924607515335083,True,0.08481176979662484,65,no_mask_reaches_0.5
g0plus,val32,2,4,5011,4,1795,90,0.002925877763328999,19,False,0.8620996475219727,True,0.002925877763328999,90,no_mask_reaches_0.5
g0plus,val32,2,4,7003,6,8147,65,0.005538140020898642,17,False,0.924607515335083,True,0.005538140020898642,65,no_mask_reaches_0.5
g0plus,val32,2,4,12026,11,18,,0.0,,False,,False,0.0,,no_mask_reaches_0.5
g0plus,val32,2,4,15028,14,1685,14,0.5171144644828856,17,False,0.9056472182273865,True,0.5171144644828856,14,reader_true_positive
g0plus,val32,2,5,3002,2,6986,65,0.08950219241681713,17,False,0.924607515335083,True,0.08950219241681713,65,no_mask_reaches_0.5
g0plus,val32,2,5,3029,2,732,14,0.13291139240506328,17,False,0.9056472182273865,True,0.13291139240506328,14,no_mask_reaches_0.5
g0plus,val32,2,5,5008,4,46,,0.0,,False,,False,0.0,,no_mask_reaches_0.5
g0plus,val32,2,5,5009,4,1280,92,0.0263705759888966,17,False,0.9455087184906006,True,0.0263705759888966,92,no_mask_reaches_0.5
g0plus,val32,2,5,5010,4,8847,65,0.07531031605298842,17,False,0.924607515335083,True,0.07531031605298842,65,no_mask_reaches_0.5
g0plus,val32,2,5,5011,4,1685,90,0.01593625498007968,19,False,0.8620996475219727,True,0.01593625498007968,90,no_mask_reaches_0.5
g0plus,val32,2,5,7003,6,8383,62,0.005724280489743997,19,False,0.9180365800857544,True,0.005724280489743997,62,no_mask_reaches_0.5
g0plus,val32,2,5,9025,8,20,,0.0,,False,,False,0.0,,no_mask_reaches_0.5
g0plus,val32,2,5,12026,11,919,14,0.054363796650014694,17,False,0.9056472182273865,True,0.054363796650014694,14,no_mask_reaches_0.5
g0plus,val32,2,5,15028,14,1669,14,0.47903170814865326,17,False,0.9056472182273865,True,0.47903170814865326,14,no_mask_reaches_0.5
g0plus,val32,2,5,18027,17,100,,0.0,,False,,False,0.0,,no_mask_reaches_0.5
g0plus,val32,3,0,3002,2,1200,14,0.13049962714392244,8,False,0.9070234894752502,True,0.13049962714392244,14,no_mask_reaches_0.5
g0plus,val32,3,0,5007,4,50,,0.0,,False,,False,0.0,,no_mask_reaches_0.5
g0plus,val32,3,0,5009,4,1418,14,0.19134897360703812,8,False,0.9070234894752502,True,0.19134897360703812,14,no_mask_reaches_0.5
g0plus,val32,3,0,5010,4,4355,22,0.08439693682195278,19,False,0.9306039214134216,True,0.08439693682195278,22,no_mask_reaches_0.5
g0plus,val32,3,0,5011,4,10455,62,0.046592362506851816,19,False,0.9409986138343811,True,0.046592362506851816,62,no_mask_reaches_0.5
g0plus,val32,3,0,5012,4,932,90,0.23998114097124,19,False,0.873252272605896,True,0.23998114097124,90,no_mask_reaches_0.5
g0plus,val32,3,0,7003,6,14143,65,0.31570555407919215,19,False,0.9272444248199463,True,0.31570555407919215,65,no_mask_reaches_0.5
g0plus,val32,3,0,9025,8,120,14,0.06550218340611354,8,True,0.9070234894752502,True,0.06550218340611354,14,no_mask_reaches_0.5
g0plus,val32,3,0,12026,11,294,14,0.011899095668729176,8,False,0.9070234894752502,True,0.011899095668729176,14,no_mask_reaches_0.5
g0plus,val32,3,0,18027,17,48,14,0.026200873362445413,8,False,0.9070234894752502,True,0.026200873362445413,14,no_mask_reaches_0.5
g0plus,val32,3,1,3002,2,1065,14,0.04806201550387597,8,False,0.9070234894752502,True,0.04806201550387597,14,no_mask_reaches_0.5
g0plus,val32,3,1,5007,4,183,92,0.021500457456541628,12,False,0.9472404718399048,True,0.021500457456541628,92,no_mask_reaches_0.5
g0plus,val32,3,1,5008,4,139,,0.0,,False,,False,0.0,,no_mask_reaches_0.5
g0plus,val32,3,1,5009,4,801,14,0.23064770932069512,8,False,0.9070234894752502,True,0.23064770932069512,14,no_mask_reaches_0.5
g0plus,val32,3,1,5010,4,1567,22,0.2252854358117516,19,False,0.9306039214134216,True,0.2252854358117516,22,no_mask_reaches_0.5
g0plus,val32,3,1,5011,4,10712,65,0.17993180004353188,19,False,0.9272444248199463,True,0.17993180004353188,65,no_mask_reaches_0.5
g0plus,val32,3,1,5012,4,2845,90,0.09789311408016443,19,False,0.873252272605896,True,0.09789311408016443,90,no_mask_reaches_0.5
g0plus,val32,3,1,7003,6,13257,65,0.1837865055387714,19,False,0.9272444248199463,True,0.1837865055387714,65,no_mask_reaches_0.5
g0plus,val32,3,1,9025,8,152,14,0.06565874730021598,8,True,0.9070234894752502,True,0.06565874730021598,14,no_mask_reaches_0.5
g0plus,val32,3,1,12026,11,415,14,0.05202312138728324,8,False,0.9070234894752502,True,0.05202312138728324,14,no_mask_reaches_0.5
g0plus,val32,3,2,3002,2,1429,14,0.09556743162527508,8,False,0.9070234894752502,True,0.09556743162527508,14,no_mask_reaches_0.5
g0plus,val32,3,2,5007,4,265,57,0.002777777777777778,8,False,0.8488247394561768,True,0.002777777777777778,57,no_mask_reaches_0.5
g0plus,val32,3,2,5008,4,23,,0.0,,False,,False,0.0,,no_mask_reaches_0.5
g0plus,val32,3,2,5009,4,1229,14,0.21847181008902078,8,False,0.9070234894752502,True,0.21847181008902078,14,no_mask_reaches_0.5
g0plus,val32,3,2,5010,4,3737,22,0.08505018489170629,19,False,0.9306039214134216,True,0.08505018489170629,22,no_mask_reaches_0.5
g0plus,val32,3,2,5011,4,10284,62,0.0491024612917155,19,False,0.9409986138343811,True,0.0491024612917155,62,no_mask_reaches_0.5
g0plus,val32,3,2,5012,4,1087,90,0.19578059071729959,19,False,0.873252272605896,True,0.19578059071729959,90,no_mask_reaches_0.5
g0plus,val32,3,2,7003,6,14357,65,0.29212608639252824,19,False,0.9272444248199463,True,0.29212608639252824,65,no_mask_reaches_0.5
g0plus,val32,3,2,9025,8,238,14,0.11575875486381323,8,True,0.9070234894752502,True,0.11575875486381323,14,no_mask_reaches_0.5
g0plus,val32,3,2,12026,11,487,14,0.003155818540433925,8,False,0.9070234894752502,True,0.003155818540433925,14,no_mask_reaches_0.5
g0plus,val32,3,2,18027,17,31,14,0.015077821011673152,8,False,0.9070234894752502,True,0.015077821011673152,14,no_mask_reaches_0.5
g0plus,val32,3,3,3002,2,1270,14,0.042353479853479856,8,False,0.9070234894752502,True,0.042353479853479856,14,no_mask_reaches_0.5
g0plus,val32,3,3,5007,4,782,92,0.013031812955155231,12,False,0.9472404718399048,True,0.013031812955155231,92,no_mask_reaches_0.5
g0plus,val32,3,3,5009,4,991,14,0.23241061130334487,8,False,0.9070234894752502,True,0.23241061130334487,14,no_mask_reaches_0.5
g0plus,val32,3,3,5010,4,1950,22,0.17761948529411764,19,False,0.9306039214134216,True,0.17761948529411764,22,no_mask_reaches_0.5
g0plus,val32,3,3,5011,4,10462,65,0.15323693962072224,19,False,0.9272444248199463,True,0.15323693962072224,65,no_mask_reaches_0.5
g0plus,val32,3,3,5012,4,2149,90,0.0366732154551408,19,False,0.873252272605896,True,0.0366732154551408,90,no_mask_reaches_0.5
g0plus,val32,3,3,7003,6,13817,65,0.19511437095972153,19,False,0.9272444248199463,True,0.19511437095972153,65,no_mask_reaches_0.5
g0plus,val32,3,3,9024,8,21,57,0.03633217993079585,8,True,0.8488247394561768,True,0.03633217993079585,57,no_mask_reaches_0.5
g0plus,val32,3,3,9025,8,278,14,0.08467864757843437,8,True,0.9070234894752502,True,0.08467864757843437,14,no_mask_reaches_0.5
g0plus,val32,3,3,12026,11,771,57,0.12981574539363483,8,False,0.8488247394561768,True,0.12981574539363483,57,no_mask_reaches_0.5
g0plus,val32,3,3,18027,17,4,14,0.0012183978068839476,8,False,0.9070234894752502,True,0.0012183978068839476,14,no_mask_reaches_0.5
g0plus,val32,3,4,3002,2,1195,57,0.04219409282700422,8,False,0.8488247394561768,True,0.04219409282700422,57,no_mask_reaches_0.5
g0plus,val32,3,4,5007,4,722,92,0.016525749423520367,12,False,0.9472404718399048,True,0.016525749423520367,92,no_mask_reaches_0.5
g0plus,val32,3,4,5008,4,39,,0.0,,False,,False,0.0,,no_mask_reaches_0.5
g0plus,val32,3,4,5009,4,957,14,0.2505508341202392,8,False,0.9070234894752502,True,0.2505508341202392,14,no_mask_reaches_0.5
g0plus,val32,3,4,5010,4,1844,22,0.18224881575666915,19,False,0.9306039214134216,True,0.18224881575666915,22,no_mask_reaches_0.5
g0plus,val32,3,4,5011,4,10610,65,0.16087962962962962,19,False,0.9272444248199463,True,0.16087962962962962,65,no_mask_reaches_0.5
g0plus,val32,3,4,5012,4,2365,90,0.05806451612903226,19,False,0.873252272605896,True,0.05806451612903226,90,no_mask_reaches_0.5
g0plus,val32,3,4,7003,6,13724,65,0.1900385045335983,19,False,0.9272444248199463,True,0.1900385045335983,65,no_mask_reaches_0.5
g0plus,val32,3,4,9024,8,4,57,0.00749063670411985,8,True,0.8488247394561768,True,0.00749063670411985,57,no_mask_reaches_0.5
g0plus,val32,3,4,9025,8,250,14,0.08289124668435013,8,True,0.9070234894752502,True,0.08289124668435013,14,no_mask_reaches_0.5
g0plus,val32,3,4,12026,11,669,57,0.07506702412868632,8,False,0.8488247394561768,True,0.07506702412868632,57,no_mask_reaches_0.5
g0plus,val32,3,5,3002,2,1247,14,0.041114417094941846,8,False,0.9070234894752502,True,0.041114417094941846,14,no_mask_reaches_0.5
g0plus,val32,3,5,5007,4,574,92,0.011760094080752646,12,False,0.9472404718399048,True,0.011760094080752646,92,no_mask_reaches_0.5
g0plus,val32,3,5,5008,4,154,,0.0,,False,,False,0.0,,no_mask_reaches_0.5
g0plus,val32,3,5,5009,4,760,14,0.2167933405718422,8,False,0.9070234894752502,True,0.2167933405718422,14,no_mask_reaches_0.5
g0plus,val32,3,5,5010,4,1572,22,0.2303893085415456,19,False,0.9306039214134216,True,0.2303893085415456,22,no_mask_reaches_0.5
g0plus,val32,3,5,5011,4,10623,65,0.17678023102792806,19,False,0.9272444248199463,True,0.17678023102792806,65,no_mask_reaches_0.5
g0plus,val32,3,5,5012,4,2917,90,0.12143398131784902,19,False,0.873252272605896,True,0.12143398131784902,90,no_mask_reaches_0.5
g0plus,val32,3,5,7003,6,13585,65,0.17882105523597452,19,False,0.9272444248199463,True,0.17882105523597452,65,no_mask_reaches_0.5
g0plus,val32,3,5,9025,8,214,14,0.08224442736356649,8,True,0.9070234894752502,True,0.08224442736356649,14,no_mask_reaches_0.5
g0plus,val32,3,5,12026,11,608,57,0.07200929152148665,8,False,0.8488247394561768,True,0.07200929152148665,57,no_mask_reaches_0.5
g0plus,val32,4,0,3002,2,546,14,0.18329718004338394,2,True,0.9029244184494019,True,0.18329718004338394,14,no_mask_reaches_0.5
g0plus,val32,4,0,5007,4,2,,0.0,,False,,False,0.0,,no_mask_reaches_0.5
g0plus,val32,4,0,5009,4,1325,14,0.16117647058823528,2,False,0.9029244184494019,True,0.16117647058823528,14,no_mask_reaches_0.5
g0plus,val32,4,0,5010,4,4620,14,0.02305805396565822,2,False,0.9029244184494019,True,0.02305805396565822,14,no_mask_reaches_0.5
g0plus,val32,4,0,5011,4,10958,92,0.08215408805031446,12,False,0.9423890113830566,True,0.08215408805031446,92,no_mask_reaches_0.5
g0plus,val32,4,0,5012,4,948,90,0.2786596119929453,19,False,0.8640332221984863,True,0.2786596119929453,90,no_mask_reaches_0.5
g0plus,val32,4,0,7003,6,13979,65,0.3328687110049117,2,False,0.927355170249939,True,0.3328687110049117,65,no_mask_reaches_0.5
g0plus,val32,4,0,12026,11,3,14,0.0018337408312958435,2,False,0.9029244184494019,True,0.0018337408312958435,14,no_mask_reaches_0.5
g0plus,val32,4,1,3002,2,1373,14,0.048516990768022,2,True,0.9029244184494019,True,0.048516990768022,14,no_mask_reaches_0.5
g0plus,val32,4,1,5007,4,800,92,0.004466944609886838,12,False,0.9423890113830566,True,0.004466944609886838,92,no_mask_reaches_0.5
g0plus,val32,4,1,5009,4,910,14,0.2010347376201035,2,False,0.9029244184494019,True,0.2010347376201035,14,no_mask_reaches_0.5
g0plus,val32,4,1,5010,4,2190,14,0.020729684908789386,2,False,0.9029244184494019,True,0.020729684908789386,14,no_mask_reaches_0.5
g0plus,val32,4,1,5011,4,10367,65,0.1757319120975396,2,False,0.927355170249939,True,0.1757319120975396,65,no_mask_reaches_0.5
g0plus,val32,4,1,5012,4,1801,90,0.09970287223506108,19,False,0.8640332221984863,True,0.09970287223506108,90,no_mask_reaches_0.5
g0plus,val32,4,1,7003,6,14013,65,0.1813614068668501,2,False,0.927355170249939,True,0.1813614068668501,65,no_mask_reaches_0.5
g0plus,val32,4,1,9024,8,42,57,0.10256410256410256,8,True,0.8395327925682068,True,0.10256410256410256,57,no_mask_reaches_0.5
g0plus,val32,4,1,9025,8,308,14,0.0776796973518285,2,False,0.9029244184494019,True,0.0776796973518285,14,no_mask_reaches_0.5
g0plus,val32,4,1,12026,11,746,57,0.056782334384858045,8,False,0.8395327925682068,True,0.056782334384858045,57,no_mask_reaches_0.5
g0plus,val32,4,1,18027,17,17,14,0.004287515762925599,2,False,0.9029244184494019,True,0.004287515762925599,14,no_mask_reaches_0.5
g0plus,val32,4,2,3002,2,566,14,0.1842764146219329,2,True,0.9029244184494019,True,0.1842764146219329,14,no_mask_reaches_0.5
g0plus,val32,4,2,5009,4,1280,14,0.14930944382232175,2,False,0.9029244184494019,True,0.14930944382232175,14,no_mask_reaches_0.5
g0plus,val32,4,2,5010,4,4748,14,0.032649842271293375,2,False,0.9029244184494019,True,0.032649842271293375,14,no_mask_reaches_0.5
g0plus,val32,4,2,5011,4,10829,92,0.07883618971701874,12,False,0.9423890113830566,True,0.07883618971701874,92,no_mask_reaches_0.5
g0plus,val32,4,2,5012,4,928,90,0.30022646392753155,19,False,0.8640332221984863,True,0.30022646392753155,90,no_mask_reaches_0.5
g0plus,val32,4,2,7003,6,13801,65,0.3296534189749766,2,False,0.927355170249939,True,0.3296534189749766,65,no_mask_reaches_0.5
g0plus,val32,4,2,12026,11,2,14,0.0011117287381878821,2,False,0.9029244184494019,True,0.0011117287381878821,14,no_mask_reaches_0.5
g0plus,val32,4,3,3002,2,561,14,0.1662806855025475,2,True,0.9029244184494019,True,0.1662806855025475,14,no_mask_reaches_0.5
g0plus,val32,4,3,5009,4,1414,14,0.15524331734064428,2,False,0.9029244184494019,True,0.15524331734064428,14,no_mask_reaches_0.5
g0plus,val32,4,3,5010,4,4716,14,0.037791601866251946,2,False,0.9029244184494019,True,0.037791601866251946,14,no_mask_reaches_0.5
g0plus,val32,4,3,5011,4,10670,92,0.07152572205776463,12,False,0.9423890113830566,True,0.07152572205776463,92,no_mask_reaches_0.5
g0plus,val32,4,3,5012,4,966,90,0.3298053943325367,19,False,0.8640332221984863,True,0.3298053943325367,90,no_mask_reaches_0.5
g0plus,val32,4,3,7003,6,13880,65,0.3220271613116926,2,False,0.927355170249939,True,0.3220271613116926,65,no_mask_reaches_0.5
g0plus,val32,4,3,12026,11,27,14,0.013796627491057742,2,False,0.9029244184494019,True,0.013796627491057742,14,no_mask_reaches_0.5
g0plus,val32,4,4,3002,2,1316,14,0.044627698277952946,2,True,0.9029244184494019,True,0.044627698277952946,14,no_mask_reaches_0.5
g0plus,val32,4,4,5007,4,776,92,0.0075856657075595085,12,False,0.9423890113830566,True,0.0075856657075595085,92,no_mask_reaches_0.5
g0plus,val32,4,4,5008,4,53,,0.0,,False,,False,0.0,,no_mask_reaches_0.5
g0plus,val32,4,4,5009,4,969,14,0.24450031426775612,2,False,0.9029244184494019,True,0.24450031426775612,14,no_mask_reaches_0.5
g0plus,val32,4,4,5010,4,2687,22,0.009669211195928753,19,False,0.924094557762146,True,0.009669211195928753,22,no_mask_reaches_0.5
g0plus,val32,4,4,5011,4,10281,65,0.11551544602568553,2,False,0.927355170249939,True,0.11551544602568553,65,no_mask_reaches_0.5
g0plus,val32,4,4,5012,4,1547,90,0.1692056583242655,19,False,0.8640332221984863,True,0.1692056583242655,90,no_mask_reaches_0.5
g0plus,val32,4,4,7003,6,14207,65,0.2170552072554629,2,False,0.927355170249939,True,0.2170552072554629,65,no_mask_reaches_0.5
g0plus,val32,4,4,9024,8,36,57,0.07279693486590039,8,True,0.8395327925682068,True,0.07279693486590039,57,no_mask_reaches_0.5
g0plus,val32,4,4,9025,8,274,14,0.08471760797342193,2,False,0.9029244184494019,True,0.08471760797342193,14,no_mask_reaches_0.5
g0plus,val32,4,4,12026,11,822,57,0.06920762286860582,8,False,0.8395327925682068,True,0.06920762286860582,57,no_mask_reaches_0.5
g0plus,val32,4,4,18027,17,24,14,0.00802407221664995,2,False,0.9029244184494019,True,0.00802407221664995,14,no_mask_reaches_0.5
g0plus,val32,4,5,3002,2,1373,14,0.04619729675206778,2,True,0.9029244184494019,True,0.04619729675206778,14,no_mask_reaches_0.5
g0plus,val32,4,5,5007,4,816,92,0.003461205653302567,12,False,0.9423890113830566,True,0.003461205653302567,92,no_mask_reaches_0.5
g0plus,val32,4,5,5009,4,902,14,0.20835468990261405,2,False,0.9029244184494019,True,0.20835468990261405,14,no_mask_reaches_0.5
g0plus,val32,4,5,5010,4,2305,14,0.01847844181787914,2,False,0.9029244184494019,True,0.01847844181787914,14,no_mask_reaches_0.5
g0plus,val32,4,5,5011,4,10400,65,0.16571593616867644,2,False,0.927355170249939,True,0.16571593616867644,65,no_mask_reaches_0.5
g0plus,val32,4,5,5012,4,1676,90,0.10855683269476372,19,False,0.8640332221984863,True,0.10855683269476372,90,no_mask_reaches_0.5
g0plus,val32,4,5,7003,6,13952,65,0.18650602409638553,2,False,0.927355170249939,True,0.18650602409638553,65,no_mask_reaches_0.5
g0plus,val32,4,5,9024,8,70,57,0.10542168674698796,8,True,0.8395327925682068,True,0.10542168674698796,57,no_mask_reaches_0.5
g0plus,val32,4,5,9025,8,282,14,0.07395751376868608,2,False,0.9029244184494019,True,0.07395751376868608,14,no_mask_reaches_0.5
g0plus,val32,4,5,12026,11,834,57,0.0679886685552408,8,False,0.8395327925682068,True,0.0679886685552408,57,no_mask_reaches_0.5
g0plus,val32,4,5,18027,17,21,14,0.0055074744295830055,2,False,0.9029244184494019,True,0.0055074744295830055,14,no_mask_reaches_0.5
g0plus,val32,5,0,3002,2,3272,14,0.20452286282306162,17,False,0.9158288240432739,True,0.20452286282306162,14,no_mask_reaches_0.5
g0plus,val32,5,0,3029,2,268,14,0.12446613788895668,17,False,0.9158288240432739,True,0.12446613788895668,14,no_mask_reaches_0.5
g0plus,val32,5,0,5009,4,373,,0.0,,False,,False,0.0,,no_mask_reaches_0.5
g0plus,val32,5,0,5010,4,6939,65,0.03958361868237228,17,False,0.9132293462753296,True,0.03958361868237228,65,no_mask_reaches_0.5
g0plus,val32,5,0,5011,4,4683,90,0.014896815634823014,19,False,0.8779038190841675,True,0.014896815634823014,90,no_mask_reaches_0.5
g0plus,val32,5,0,7003,6,6993,65,0.03479084878841208,17,False,0.9132293462753296,True,0.03479084878841208,65,no_mask_reaches_0.5
g0plus,val32,5,0,15028,14,617,14,0.23771880293619424,17,False,0.9158288240432739,True,0.23771880293619424,14,no_mask_reaches_0.5
g0plus,val32,5,1,3002,2,6510,14,0.11092656305611578,17,False,0.9158288240432739,True,0.11092656305611578,14,no_mask_reaches_0.5
g0plus,val32,5,1,3029,2,588,14,0.11572123176661264,17,False,0.9158288240432739,True,0.11572123176661264,14,no_mask_reaches_0.5
g0plus,val32,5,1,5008,4,139,,0.0,,False,,False,0.0,,no_mask_reaches_0.5
g0plus,val32,5,1,5009,4,1161,,0.0,,False,,False,0.0,,no_mask_reaches_0.5
g0plus,val32,5,1,5010,4,8552,65,0.059748064255171617,17,False,0.9132293462753296,True,0.059748064255171617,65,no_mask_reaches_0.5
g0plus,val32,5,1,5011,4,1795,90,0.03437926330150068,19,False,0.8779038190841675,True,0.03437926330150068,90,no_mask_reaches_0.5
g0plus,val32,5,1,7003,6,8147,62,0.019024732151797338,19,False,0.9316287636756897,True,0.019024732151797338,62,no_mask_reaches_0.5
g0plus,val32,5,1,12026,11,18,,0.0,,False,,False,0.0,,no_mask_reaches_0.5
g0plus,val32,5,1,15028,14,1685,14,0.4580790234500482,17,False,0.9158288240432739,True,0.4580790234500482,14,no_mask_reaches_0.5
g0plus,val32,5,2,3002,2,3399,14,0.19512740277156906,17,False,0.9158288240432739,True,0.19512740277156906,14,no_mask_reaches_0.5
g0plus,val32,5,2,3029,2,310,14,0.11122047244094488,17,False,0.9158288240432739,True,0.11122047244094488,14,no_mask_reaches_0.5
g0plus,val32,5,2,5009,4,341,,0.0,,False,,False,0.0,,no_mask_reaches_0.5
g0plus,val32,5,2,5010,4,7024,65,0.04029850746268657,17,False,0.9132293462753296,True,0.04029850746268657,65,no_mask_reaches_0.5
g0plus,val32,5,2,5011,4,4447,90,0.014778325123152709,19,False,0.8779038190841675,True,0.014778325123152709,90,no_mask_reaches_0.5
g0plus,val32,5,2,7003,6,7260,65,0.0268970893970894,17,False,0.9132293462753296,True,0.0268970893970894,65,no_mask_reaches_0.5
g0plus,val32,5,2,15028,14,784,14,0.30842911877394635,17,False,0.9158288240432739,True,0.30842911877394635,14,no_mask_reaches_0.5
g0plus,val32,5,3,3002,2,3660,14,0.19300786098469178,17,False,0.9158288240432739,True,0.19300786098469178,14,no_mask_reaches_0.5
g0plus,val32,5,3,3029,2,301,14,0.09604005461993628,17,False,0.9158288240432739,True,0.09604005461993628,14,no_mask_reaches_0.5
g0plus,val32,5,3,5009,4,360,,0.0,,False,,False,0.0,,no_mask_reaches_0.5
g0plus,val32,5,3,5010,4,7003,65,0.03425399404278365,17,False,0.9132293462753296,True,0.03425399404278365,65,no_mask_reaches_0.5
g0plus,val32,5,3,5011,4,4292,90,0.019990555643003307,19,False,0.8779038190841675,True,0.019990555643003307,90,no_mask_reaches_0.5
g0plus,val32,5,3,7003,6,7657,65,0.02382716049382716,17,False,0.9132293462753296,True,0.02382716049382716,65,no_mask_reaches_0.5
g0plus,val32,5,3,15028,14,918,14,0.3390880920761399,17,False,0.9158288240432739,True,0.3390880920761399,14,no_mask_reaches_0.5
g0plus,val32,5,4,3002,2,3858,14,0.1870074956755718,17,False,0.9158288240432739,True,0.1870074956755718,14,no_mask_reaches_0.5
g0plus,val32,5,4,3029,2,367,14,0.1090458488228005,17,False,0.9158288240432739,True,0.1090458488228005,14,no_mask_reaches_0.5
g0plus,val32,5,4,5009,4,376,,0.0,,False,,False,0.0,,no_mask_reaches_0.5
g0plus,val32,5,4,5010,4,7177,65,0.036353986997479104,17,False,0.9132293462753296,True,0.036353986997479104,65,no_mask_reaches_0.5
g0plus,val32,5,4,5011,4,4132,90,0.025437727122563595,19,False,0.8779038190841675,True,0.025437727122563595,90,no_mask_reaches_0.5
g0plus,val32,5,4,7003,6,7857,65,0.015184122429459589,17,False,0.9132293462753296,True,0.015184122429459589,65,no_mask_reaches_0.5
g0plus,val32,5,4,15028,14,1024,14,0.34758064516129034,17,False,0.9158288240432739,True,0.34758064516129034,14,no_mask_reaches_0.5
g0plus,val32,5,5,3002,2,4592,14,0.17883027136355975,17,False,0.9158288240432739,True,0.17883027136355975,14,no_mask_reaches_0.5
g0plus,val32,5,5,3029,2,322,14,0.07838479809976247,17,False,0.9158288240432739,True,0.07838479809976247,14,no_mask_reaches_0.5
g0plus,val32,5,5,5008,4,113,,0.0,,False,,False,0.0,,no_mask_reaches_0.5
g0plus,val32,5,5,5009,4,313,,0.0,,False,,False,0.0,,no_mask_reaches_0.5
g0plus,val32,5,5,5010,4,7147,65,0.03310729956122856,17,False,0.9132293462753296,True,0.03310729956122856,65,no_mask_reaches_0.5
g0plus,val32,5,5,5011,4,3737,90,0.05006954102920723,19,False,0.8779038190841675,True,0.05006954102920723,90,no_mask_reaches_0.5
g0plus,val32,5,5,7003,6,8776,65,0.009993552546744036,17,False,0.9132293462753296,True,0.009993552546744036,65,no_mask_reaches_0.5
g0plus,val32,5,5,15028,14,1144,14,0.3744186046511628,17,False,0.9158288240432739,True,0.3744186046511628,14,no_mask_reaches_0.5
g0plus,val32,6,0,3022,2,511,14,0.3214013709063214,8,False,0.8988461494445801,True,0.3214013709063214,14,no_mask_reaches_0.5
g0plus,val32,6,0,5003,4,10,,0.0,,False,,False,0.0,,no_mask_reaches_0.5
g0plus,val32,6,0,5004,4,729,,0.0,,False,,False,0.0,,no_mask_reaches_0.5
g0plus,val32,6,0,5005,4,31,,0.0,,False,,False,0.0,,no_mask_reaches_0.5
g0plus,val32,6,0,5007,4,8678,22,0.036983110075713456,4,True,0.9355342388153076,True,0.036983110075713456,22,no_mask_reaches_0.5
g0plus,val32,6,0,5009,4,7553,62,0.04754486962411107,4,True,0.9516465067863464,True,0.04754486962411107,62,no_mask_reaches_0.5
g0plus,val32,6,0,5011,4,443,14,0.04908747640025173,8,False,0.8988461494445801,True,0.04908747640025173,14,no_mask_reaches_0.5
g0plus,val32,6,0,5012,4,145,14,0.1184640522875817,8,False,0.8988461494445801,True,0.1184640522875817,14,no_mask_reaches_0.5
g0plus,val32,6,0,7016,6,32265,62,0.06890313655590731,4,False,0.9516465067863464,True,0.06890313655590731,62,no_mask_reaches_0.5
g0plus,val32,6,1,3022,2,129,,0.0,,False,,False,0.0,,no_mask_reaches_0.5
g0plus,val32,6,1,3027,2,13,,0.0,,False,,False,0.0,,no_mask_reaches_0.5
g0plus,val32,6,1,5003,4,1531,,0.0,,False,,False,0.0,,no_mask_reaches_0.5
g0plus,val32,6,1,5004,4,2063,92,0.04960263085776925,12,False,0.9505020380020142,True,0.04960263085776925,92,no_mask_reaches_0.5
g0plus,val32,6,1,5006,4,242,,0.0,,False,,False,0.0,,no_mask_reaches_0.5
g0plus,val32,6,1,5007,4,7564,62,0.11972354340071344,4,True,0.9516465067863464,True,0.11972354340071344,62,no_mask_reaches_0.5
g0plus,val32,6,1,5008,4,86,,0.0,,False,,False,0.0,,no_mask_reaches_0.5
g0plus,val32,6,1,5009,4,7053,92,0.17709862538369145,12,False,0.9505020380020142,True,0.17709862538369145,92,no_mask_reaches_0.5
g0plus,val32,6,1,5010,4,354,,0.0,,False,,False,0.0,,no_mask_reaches_0.5
g0plus,val32,6,1,5011,4,4,,0.0,,False,,False,0.0,,no_mask_reaches_0.5
g0plus,val32,6,1,7016,6,30577,62,0.023793520634493883,4,False,0.9516465067863464,True,0.023793520634493883,62,no_mask_reaches_0.5
g0plus,val32,6,1,12013,11,179,,0.0,,False,,False,0.0,,no_mask_reaches_0.5
g0plus,val32,6,1,15002,14,121,,0.0,,False,,False,0.0,,no_mask_reaches_0.5
g0plus,val32,6,2,3022,2,652,14,0.39089481946624804,8,False,0.8988461494445801,True,0.39089481946624804,14,no_mask_reaches_0.5
g0plus,val32,6,2,5003,4,73,,0.0,,False,,False,0.0,,no_mask_reaches_0.5
g0plus,val32,6,2,5004,4,832,,0.0,,False,,False,0.0,,no_mask_reaches_0.5
g0plus,val32,6,2,5005,4,21,,0.0,,False,,False,0.0,,no_mask_reaches_0.5
g0plus,val32,6,2,5007,4,8478,22,0.028011204481792718,4,True,0.9355342388153076,True,0.028011204481792718,22,no_mask_reaches_0.5
g0plus,val32,6,2,5009,4,7620,62,0.04469987228607918,4,True,0.9516465067863464,True,0.04469987228607918,62,no_mask_reaches_0.5
g0plus,val32,6,2,5011,4,541,14,0.051931602279924,8,False,0.8988461494445801,True,0.051931602279924,14,no_mask_reaches_0.5
g0plus,val32,6,2,5012,4,44,14,0.039285714285714285,8,False,0.8988461494445801,True,0.039285714285714285,14,no_mask_reaches_0.5
g0plus,val32,6,2,7016,6,32550,62,0.06935820540597669,4,False,0.9516465067863464,True,0.06935820540597669,62,no_mask_reaches_0.5
g0plus,val32,6,3,3022,2,608,14,0.4068767908309456,8,False,0.8988461494445801,True,0.4068767908309456,14,no_mask_reaches_0.5
g0plus,val32,6,3,5003,4,148,,0.0,,False,,False,0.0,,no_mask_reaches_0.5
g0plus,val32,6,3,5004,4,920,,0.0,,False,,False,0.0,,no_mask_reaches_0.5
g0plus,val32,6,3,5005,4,15,,0.0,,False,,False,0.0,,no_mask_reaches_0.5
g0plus,val32,6,3,5007,4,8118,62,0.029243524648113632,4,True,0.9516465067863464,True,0.029243524648113632,62,no_mask_reaches_0.5
g0plus,val32,6,3,5009,4,7761,62,0.0503823963504629,4,True,0.9516465067863464,True,0.0503823963504629,62,no_mask_reaches_0.5
g0plus,val32,6,3,5011,4,572,14,0.05817378497790869,8,False,0.8988461494445801,True,0.05817378497790869,14,no_mask_reaches_0.5
g0plus,val32,6,3,7016,6,32647,62,0.07293513642257919,4,False,0.9516465067863464,True,0.07293513642257919,62,no_mask_reaches_0.5
g0plus,val32,6,4,3022,2,252,,0.0,,False,,False,0.0,,no_mask_reaches_0.5
g0plus,val32,6,4,5003,4,1390,,0.0,,False,,False,0.0,,no_mask_reaches_0.5
g0plus,val32,6,4,5004,4,2650,92,0.10205198358413133,12,False,0.9505020380020142,True,0.10205198358413133,92,no_mask_reaches_0.5
g0plus,val32,6,4,5006,4,230,,0.0,,False,,False,0.0,,no_mask_reaches_0.5
g0plus,val32,6,4,5007,4,5339,62,0.09903422568620807,4,True,0.9516465067863464,True,0.09903422568620807,62,no_mask_reaches_0.5
g0plus,val32,6,4,5008,4,29,,0.0,,False,,False,0.0,,no_mask_reaches_0.5
g0plus,val32,6,4,5009,4,7608,92,0.08908011150163617,12,False,0.9505020380020142,True,0.08908011150163617,92,no_mask_reaches_0.5
g0plus,val32,6,4,5010,4,334,,0.0,,False,,False,0.0,,no_mask_reaches_0.5
g0plus,val32,6,4,5011,4,94,,0.0,,False,,False,0.0,,no_mask_reaches_0.5
g0plus,val32,6,4,7016,6,31456,62,0.08126797964151361,4,False,0.9516465067863464,True,0.08126797964151361,62,no_mask_reaches_0.5
g0plus,val32,6,4,12013,11,210,,0.0,,False,,False,0.0,,no_mask_reaches_0.5
g0plus,val32,6,4,15002,14,95,,0.0,,False,,False,0.0,,no_mask_reaches_0.5
g0plus,val32,6,5,3022,2,154,,0.0,,False,,False,0.0,,no_mask_reaches_0.5
g0plus,val32,6,5,3027,2,8,,0.0,,False,,False,0.0,,no_mask_reaches_0.5
g0plus,val32,6,5,5003,4,1452,,0.0,,False,,False,0.0,,no_mask_reaches_0.5
g0plus,val32,6,5,5004,4,2500,92,0.017328519855595668,12,False,0.9505020380020142,True,0.017328519855595668,92,no_mask_reaches_0.5
g0plus,val32,6,5,5005,4,5,,0.0,,False,,False,0.0,,no_mask_reaches_0.5
g0plus,val32,6,5,5006,4,262,,0.0,,False,,False,0.0,,no_mask_reaches_0.5
g0plus,val32,6,5,5007,4,6169,62,0.0932365608550008,4,True,0.9516465067863464,True,0.0932365608550008,62,no_mask_reaches_0.5
g0plus,val32,6,5,5008,4,111,,0.0,,False,,False,0.0,,no_mask_reaches_0.5
g0plus,val32,6,5,5009,4,7267,92,0.14573248407643313,12,False,0.9505020380020142,True,0.14573248407643313,92,no_mask_reaches_0.5
g0plus,val32,6,5,5010,4,340,,0.0,,False,,False,0.0,,no_mask_reaches_0.5
g0plus,val32,6,5,5011,4,2,,0.0,,False,,False,0.0,,no_mask_reaches_0.5
g0plus,val32,6,5,7016,6,30512,62,0.04766100388226548,4,False,0.9516465067863464,True,0.04766100388226548,62,no_mask_reaches_0.5
g0plus,val32,6,5,12013,11,195,,0.0,,False,,False,0.0,,no_mask_reaches_0.5
g0plus,val32,6,5,15002,14,132,,0.0,,False,,False,0.0,,no_mask_reaches_0.5
g0plus,val32,6,5,20026,19,94,,0.0,,False,,False,0.0,,no_mask_reaches_0.5
g0plus,val32,7,0,3022,2,409,14,0.23367697594501718,8,False,0.8980377912521362,True,0.23367697594501718,14,no_mask_reaches_0.5
g0plus,val32,7,0,5004,4,162,,0.0,,False,,False,0.0,,no_mask_reaches_0.5
g0plus,val32,7,0,5007,4,9865,22,0.2322661644695543,4,True,0.9249542951583862,True,0.2322661644695543,22,no_mask_reaches_0.5
g0plus,val32,7,0,5009,4,6642,,0.0,,False,,False,0.0,,no_mask_reaches_0.5
g0plus,val32,7,0,5011,4,357,,0.0,,False,,False,0.0,,no_mask_reaches_0.5
g0plus,val32,7,0,5012,4,591,14,0.5693501454898157,8,False,0.8980377912521362,True,0.5693501454898157,14,reader_true_positive
g0plus,val32,7,0,7016,6,31754,65,0.08565849971657113,2,False,0.9357385635375977,True,0.08565849971657113,65,no_mask_reaches_0.5
g0plus,val32,7,1,3022,2,44,,0.0,,False,,False,0.0,,no_mask_reaches_0.5
g0plus,val32,7,1,3027,2,70,,0.0,,False,,False,0.0,,no_mask_reaches_0.5
g0plus,val32,7,1,5003,4,1466,,0.0,,False,,False,0.0,,no_mask_reaches_0.5
g0plus,val32,7,1,5004,4,1851,90,0.001007302946361118,19,False,0.909878134727478,True,0.001007302946361118,90,no_mask_reaches_0.5
g0plus,val32,7,1,5005,4,294,,0.0,,False,,False,0.0,,no_mask_reaches_0.5
g0plus,val32,7,1,5006,4,225,,0.0,,False,,False,0.0,,no_mask_reaches_0.5
g0plus,val32,7,1,5007,4,14769,62,0.005336395568765199,4,True,0.9485304355621338,True,0.005336395568765199,62,no_mask_reaches_0.5
g0plus,val32,7,1,5008,4,289,,0.0,,False,,False,0.0,,no_mask_reaches_0.5
g0plus,val32,7,1,5009,4,5151,90,0.1320185147917086,19,False,0.909878134727478,True,0.1320185147917086,90,no_mask_reaches_0.5
g0plus,val32,7,1,5010,4,438,,0.0,,False,,False,0.0,,no_mask_reaches_0.5
g0plus,val32,7,1,7016,6,27994,90,0.042503745833715564,19,False,0.909878134727478,True,0.042503745833715564,90,no_mask_reaches_0.5
g0plus,val32,7,1,15002,14,102,,0.0,,False,,False,0.0,,no_mask_reaches_0.5
g0plus,val32,7,1,20025,19,143,,0.0,,False,,False,0.0,,no_mask_reaches_0.5
g0plus,val32,7,1,20026,19,472,92,0.08708708708708708,12,False,0.952129602432251,True,0.08708708708708708,92,no_mask_reaches_0.5
g0plus,val32,7,2,3022,2,511,14,0.3974025974025974,8,False,0.8980377912521362,True,0.3974025974025974,14,no_mask_reaches_0.5
g0plus,val32,7,2,5003,4,10,,0.0,,False,,False,0.0,,no_mask_reaches_0.5
g0plus,val32,7,2,5004,4,729,,0.0,,False,,False,0.0,,no_mask_reaches_0.5
g0plus,val32,7,2,5005,4,31,,0.0,,False,,False,0.0,,no_mask_reaches_0.5
g0plus,val32,7,2,5007,4,8678,22,0.1769205904536149,4,True,0.9249542951583862,True,0.1769205904536149,22,no_mask_reaches_0.5
g0plus,val32,7,2,5009,4,7553,,0.0,,False,,False,0.0,,no_mask_reaches_0.5
g0plus,val32,7,2,5011,4,443,,0.0,,False,,False,0.0,,no_mask_reaches_0.5
g0plus,val32,7,2,5012,4,145,14,0.2478031634446397,8,False,0.8980377912521362,True,0.2478031634446397,14,no_mask_reaches_0.5
g0plus,val32,7,2,7016,6,32265,65,0.08563458856345886,2,False,0.9357385635375977,True,0.08563458856345886,65,no_mask_reaches_0.5
g0plus,val32,7,3,3022,2,529,14,0.1867572156196944,8,False,0.8980377912521362,True,0.1867572156196944,14,no_mask_reaches_0.5
g0plus,val32,7,3,5003,4,234,,0.0,,False,,False,0.0,,no_mask_reaches_0.5
g0plus,val32,7,3,5004,4,944,,0.0,,False,,False,0.0,,no_mask_reaches_0.5
g0plus,val32,7,3,5007,4,7988,22,0.077392578125,4,True,0.9249542951583862,True,0.077392578125,22,no_mask_reaches_0.5
g0plus,val32,7,3,5009,4,7793,,0.0,,False,,False,0.0,,no_mask_reaches_0.5
g0plus,val32,7,3,5011,4,585,,0.0,,False,,False,0.0,,no_mask_reaches_0.5
g0plus,val32,7,3,7016,6,32605,65,0.08596840975310535,2,False,0.9357385635375977,True,0.08596840975310535,65,no_mask_reaches_0.5
g0plus,val32,7,4,3022,2,22,,0.0,,False,,False,0.0,,no_mask_reaches_0.5
g0plus,val32,7,4,3027,2,273,,0.0,,False,,False,0.0,,no_mask_reaches_0.5
g0plus,val32,7,4,5003,4,1744,,0.0,,False,,False,0.0,,no_mask_reaches_0.5
g0plus,val32,7,4,5004,4,1767,,0.0,,False,,False,0.0,,no_mask_reaches_0.5
g0plus,val32,7,4,5005,4,298,,0.0,,False,,False,0.0,,no_mask_reaches_0.5
g0plus,val32,7,4,5006,4,323,,0.0,,False,,False,0.0,,no_mask_reaches_0.5
g0plus,val32,7,4,5007,4,11700,62,0.012107357548048429,4,True,0.9485304355621338,True,0.012107357548048429,62,no_mask_reaches_0.5
g0plus,val32,7,4,5008,4,280,,0.0,,False,,False,0.0,,no_mask_reaches_0.5
g0plus,val32,7,4,5009,4,5935,90,0.035837189984573393,19,False,0.909878134727478,True,0.035837189984573393,90,no_mask_reaches_0.5
g0plus,val32,7,4,5010,4,348,,0.0,,False,,False,0.0,,no_mask_reaches_0.5
g0plus,val32,7,4,5011,4,118,,0.0,,False,,False,0.0,,no_mask_reaches_0.5
g0plus,val32,7,4,7016,6,29314,92,0.005955216769890424,12,False,0.952129602432251,True,0.005955216769890424,92,no_mask_reaches_0.5
g0plus,val32,7,4,12013,11,94,,0.0,,False,,False,0.0,,no_mask_reaches_0.5
g0plus,val32,7,4,15002,14,220,,0.0,,False,,False,0.0,,no_mask_reaches_0.5
g0plus,val32,7,4,20025,19,15,,0.0,,False,,False,0.0,,no_mask_reaches_0.5
g0plus,val32,7,4,20026,19,439,92,0.11544715447154472,12,False,0.952129602432251,True,0.11544715447154472,92,no_mask_reaches_0.5
g0plus,val32,7,5,3022,2,10,,0.0,,False,,False,0.0,,no_mask_reaches_0.5
g0plus,val32,7,5,3027,2,88,,0.0,,False,,False,0.0,,no_mask_reaches_0.5
g0plus,val32,7,5,5003,4,1469,,0.0,,False,,False,0.0,,no_mask_reaches_0.5
g0plus,val32,7,5,5004,4,1848,90,0.00013795006207752792,19,False,0.909878134727478,True,0.00013795006207752792,90,no_mask_reaches_0.5
g0plus,val32,7,5,5005,4,306,,0.0,,False,,False,0.0,,no_mask_reaches_0.5
g0plus,val32,7,5,5006,4,261,,0.0,,False,,False,0.0,,no_mask_reaches_0.5
g0plus,val32,7,5,5007,4,14526,62,0.0030813475760065735,4,True,0.9485304355621338,True,0.0030813475760065735,62,no_mask_reaches_0.5
g0plus,val32,7,5,5008,4,283,,0.0,,False,,False,0.0,,no_mask_reaches_0.5
g0plus,val32,7,5,5009,4,5280,90,0.1389273909798486,19,False,0.909878134727478,True,0.1389273909798486,90,no_mask_reaches_0.5
g0plus,val32,7,5,5010,4,381,,0.0,,False,,False,0.0,,no_mask_reaches_0.5
g0plus,val32,7,5,7016,6,28080,90,0.03002522611210238,19,False,0.909878134727478,True,0.03002522611210238,90,no_mask_reaches_0.5
g0plus,val32,7,5,15002,14,136,,0.0,,False,,False,0.0,,no_mask_reaches_0.5
g0plus,val32,7,5,20025,19,108,,0.0,,False,,False,0.0,,no_mask_reaches_0.5
g0plus,val32,7,5,20026,19,464,92,0.08433734939759036,12,False,0.952129602432251,True,0.08433734939759036,92,no_mask_reaches_0.5
g0plus,val32,8,0,3027,2,168,14,0.08421052631578947,8,False,0.9026844501495361,True,0.08421052631578947,14,no_mask_reaches_0.5
g0plus,val32,8,0,5003,4,1617,,0.0,,False,,False,0.0,,no_mask_reaches_0.5
g0plus,val32,8,0,5004,4,1843,92,0.085041761579347,12,False,0.9552435874938965,True,0.085041761579347,92,no_mask_reaches_0.5
g0plus,val32,8,0,5005,4,222,,0.0,,False,,False,0.0,,no_mask_reaches_0.5
g0plus,val32,8,0,5006,4,355,,0.0,,False,,False,0.0,,no_mask_reaches_0.5
g0plus,val32,8,0,5007,4,13219,22,0.00588146584225607,12,False,0.9166820645332336,True,0.00588146584225607,22,no_mask_reaches_0.5
g0plus,val32,8,0,5008,4,242,,0.0,,False,,False,0.0,,no_mask_reaches_0.5
g0plus,val32,8,0,5009,4,5758,92,0.13147343802205144,12,False,0.9552435874938965,True,0.13147343802205144,92,no_mask_reaches_0.5
g0plus,val32,8,0,5010,4,373,14,0.18696741854636592,8,False,0.9026844501495361,True,0.18696741854636592,14,no_mask_reaches_0.5
g0plus,val32,8,0,5011,4,4,14,0.0020050125313283208,8,False,0.9026844501495361,True,0.0020050125313283208,14,no_mask_reaches_0.5
g0plus,val32,8,0,7016,6,29160,62,0.05200875099443118,12,False,0.9400507807731628,True,0.05200875099443118,62,no_mask_reaches_0.5
g0plus,val32,8,0,12013,11,25,14,0.012531328320802004,8,False,0.9026844501495361,True,0.012531328320802004,14,no_mask_reaches_0.5
g0plus,val32,8,0,15002,14,127,14,0.05941088367448827,8,False,0.9026844501495361,True,0.05941088367448827,14,no_mask_reaches_0.5
g0plus,val32,8,0,20025,19,31,,0.0,,False,,False,0.0,,no_mask_reaches_0.5
g0plus,val32,8,0,20026,19,433,,0.0,,False,,False,0.0,,no_mask_reaches_0.5
g0plus,val32,8,1,5003,4,825,,0.0,,False,,False,0.0,,no_mask_reaches_0.5
g0plus,val32,8,1,5004,4,1677,,0.0,,False,,False,0.0,,no_mask_reaches_0.5
g0plus,val32,8,1,5005,4,117,,0.0,,False,,False,0.0,,no_mask_reaches_0.5
g0plus,val32,8,1,5006,4,355,92,0.054627539503386,12,False,0.9552435874938965,True,0.054627539503386,92,no_mask_reaches_0.5
g0plus,val32,8,1,5007,4,6346,,0.0,,False,,False,0.0,,no_mask_reaches_0.5
g0plus,val32,8,1,5008,4,119,,0.0,,False,,False,0.0,,no_mask_reaches_0.5
g0plus,val32,8,1,5009,4,236,,0.0,,False,,False,0.0,,no_mask_reaches_0.5
g0plus,val32,8,1,5010,4,110,,0.0,,False,,False,0.0,,no_mask_reaches_0.5
g0plus,val32,8,1,5011,4,1483,,0.0,,False,,False,0.0,,no_mask_reaches_0.5
g0plus,val32,8,1,5012,4,8491,62,0.06850961538461539,12,False,0.9400507807731628,True,0.06850961538461539,62,no_mask_reaches_0.5
g0plus,val32,8,1,7016,6,27217,92,0.06729539057645209,12,False,0.9552435874938965,True,0.06729539057645209,92,no_mask_reaches_0.5
g0plus,val32,8,1,20025,19,169,,0.0,,False,,False,0.0,,no_mask_reaches_0.5
g0plus,val32,8,1,20026,19,469,,0.0,,False,,False,0.0,,no_mask_reaches_0.5
g0plus,val32,8,2,3027,2,134,14,0.07528089887640449,8,False,0.9026844501495361,True,0.07528089887640449,14,no_mask_reaches_0.5
g0plus,val32,8,2,5003,4,1598,,0.0,,False,,False,0.0,,no_mask_reaches_0.5
g0plus,val32,8,2,5004,4,1905,92,0.1348540758134854,12,False,0.9552435874938965,True,0.1348540758134854,92,no_mask_reaches_0.5
g0plus,val32,8,2,5005,4,254,,0.0,,False,,False,0.0,,no_mask_reaches_0.5
g0plus,val32,8,2,5006,4,299,,0.0,,False,,False,0.0,,no_mask_reaches_0.5
g0plus,val32,8,2,5007,4,13917,62,0.0061837996693810075,12,False,0.9400507807731628,True,0.0061837996693810075,62,no_mask_reaches_0.5
g0plus,val32,8,2,5008,4,263,,0.0,,False,,False,0.0,,no_mask_reaches_0.5
g0plus,val32,8,2,5009,4,5482,92,0.1810622772781266,12,False,0.9552435874938965,True,0.1810622772781266,92,no_mask_reaches_0.5
g0plus,val32,8,2,5010,4,372,14,0.20898876404494382,8,False,0.9026844501495361,True,0.20898876404494382,14,no_mask_reaches_0.5
g0plus,val32,8,2,7016,6,28672,62,0.054573119188503806,12,False,0.9400507807731628,True,0.054573119188503806,62,no_mask_reaches_0.5
g0plus,val32,8,2,12013,11,9,14,0.0050561797752808986,8,False,0.9026844501495361,True,0.0050561797752808986,14,no_mask_reaches_0.5
g0plus,val32,8,2,15002,14,170,14,0.08877721943048576,8,False,0.9026844501495361,True,0.08877721943048576,14,no_mask_reaches_0.5
g0plus,val32,8,2,20025,19,51,,0.0,,False,,False,0.0,,no_mask_reaches_0.5
g0plus,val32,8,2,20026,19,427,,0.0,,False,,False,0.0,,no_mask_reaches_0.5
g0plus,val32,8,3,3027,2,110,14,0.06900878293601004,8,False,0.9026844501495361,True,0.06900878293601004,14,no_mask_reaches_0.5
g0plus,val32,8,3,5003,4,1543,,0.0,,False,,False,0.0,,no_mask_reaches_0.5
g0plus,val32,8,3,5004,4,1896,92,0.1706070287539936,12,False,0.9552435874938965,True,0.1706070287539936,92,no_mask_reaches_0.5
g0plus,val32,8,3,5005,4,280,,0.0,,False,,False,0.0,,no_mask_reaches_0.5
g0plus,val32,8,3,5006,4,315,,0.0,,False,,False,0.0,,no_mask_reaches_0.5
g0plus,val32,8,3,5007,4,14251,62,0.011164755582377792,12,False,0.9400507807731628,True,0.011164755582377792,62,no_mask_reaches_0.5
g0plus,val32,8,3,5008,4,278,,0.0,,False,,False,0.0,,no_mask_reaches_0.5
g0plus,val32,8,3,5009,4,5389,92,0.20184718723761544,12,False,0.9552435874938965,True,0.20184718723761544,92,no_mask_reaches_0.5
g0plus,val32,8,3,5010,4,358,14,0.2245922208281054,8,False,0.9026844501495361,True,0.2245922208281054,14,no_mask_reaches_0.5
g0plus,val32,8,3,7016,6,28362,62,0.05018543091422544,12,False,0.9400507807731628,True,0.05018543091422544,62,no_mask_reaches_0.5
g0plus,val32,8,3,12013,11,4,14,0.002509410288582183,8,False,0.9026844501495361,True,0.002509410288582183,14,no_mask_reaches_0.5
g0plus,val32,8,3,15002,14,143,14,0.08291770573566085,8,False,0.9026844501495361,True,0.08291770573566085,14,no_mask_reaches_0.5
g0plus,val32,8,3,20025,19,67,,0.0,,False,,False,0.0,,no_mask_reaches_0.5
g0plus,val32,8,3,20026,19,424,,0.0,,False,,False,0.0,,no_mask_reaches_0.5
g0plus,val32,8,4,5003,4,915,92,0.24740932642487046,12,False,0.9552435874938965,True,0.24740932642487046,92,no_mask_reaches_0.5
g0plus,val32,8,4,5004,4,1878,,0.0,,False,,False,0.0,,no_mask_reaches_0.5
g0plus,val32,8,4,5005,4,282,,0.0,,False,,False,0.0,,no_mask_reaches_0.5
g0plus,val32,8,4,5006,4,260,,0.0,,False,,False,0.0,,no_mask_reaches_0.5
g0plus,val32,8,4,5007,4,20393,62,0.08044851393037263,12,False,0.9400507807731628,True,0.08044851393037263,62,no_mask_reaches_0.5
g0plus,val32,8,4,5008,4,227,,0.0,,False,,False,0.0,,no_mask_reaches_0.5
g0plus,val32,8,4,5009,4,166,,0.0,,False,,False,0.0,,no_mask_reaches_0.5
g0plus,val32,8,4,5010,4,572,,0.0,,False,,False,0.0,,no_mask_reaches_0.5
g0plus,val32,8,4,5011,4,570,,0.0,,False,,False,0.0,,no_mask_reaches_0.5
g0plus,val32,8,4,5012,4,2113,,0.0,,False,,False,0.0,,no_mask_reaches_0.5
g0plus,val32,8,4,7016,6,25121,92,0.04950226594879343,12,False,0.9552435874938965,True,0.04950226594879343,92,no_mask_reaches_0.5
g0plus,val32,8,4,15002,14,28,,0.0,,False,,False,0.0,,no_mask_reaches_0.5
g0plus,val32,8,4,20025,19,200,,0.0,,False,,False,0.0,,no_mask_reaches_0.5
g0plus,val32,8,4,20026,19,352,,0.0,,False,,False,0.0,,no_mask_reaches_0.5
g0plus,val32,8,5,5003,4,770,92,0.10052910052910052,12,False,0.9552435874938965,True,0.10052910052910052,92,no_mask_reaches_0.5
g0plus,val32,8,5,5004,4,1758,,0.0,,False,,False,0.0,,no_mask_reaches_0.5
g0plus,val32,8,5,5005,4,308,,0.0,,False,,False,0.0,,no_mask_reaches_0.5
g0plus,val32,8,5,5006,4,337,,0.0,,False,,False,0.0,,no_mask_reaches_0.5
g0plus,val32,8,5,5007,4,18114,62,0.06450582787801373,12,False,0.9400507807731628,True,0.06450582787801373,62,no_mask_reaches_0.5
g0plus,val32,8,5,5008,4,317,,0.0,,False,,False,0.0,,no_mask_reaches_0.5
g0plus,val32,8,5,5009,4,591,,0.0,,False,,False,0.0,,no_mask_reaches_0.5
g0plus,val32,8,5,5010,4,352,,0.0,,False,,False,0.0,,no_mask_reaches_0.5
g0plus,val32,8,5,5011,4,568,,0.0,,False,,False,0.0,,no_mask_reaches_0.5
g0plus,val32,8,5,5012,4,2542,62,0.026181649675625578,12,False,0.9400507807731628,True,0.026181649675625578,62,no_mask_reaches_0.5
g0plus,val32,8,5,7016,6,26640,92,0.05864917935608166,12,False,0.9552435874938965,True,0.05864917935608166,92,no_mask_reaches_0.5
g0plus,val32,8,5,20025,19,161,,0.0,,False,,False,0.0,,no_mask_reaches_0.5
g0plus,val32,8,5,20026,19,504,,0.0,,False,,False,0.0,,no_mask_reaches_0.5
g0plus,val32,9,0,3022,2,704,,0.0,,False,,False,0.0,,no_mask_reaches_0.5
g0plus,val32,9,0,3027,2,25,,0.0,,False,,False,0.0,,no_mask_reaches_0.5
g0plus,val32,9,0,5007,4,10121,22,0.12899679340357306,4,True,0.9382670521736145,True,0.12899679340357306,22,no_mask_reaches_0.5
g0plus,val32,9,0,5008,4,8,,0.0,,False,,False,0.0,,no_mask_reaches_0.5
g0plus,val32,9,0,5009,4,6453,92,0.006511856493426711,6,False,0.9596801400184631,True,0.006511856493426711,92,no_mask_reaches_0.5
g0plus,val32,9,0,5010,4,192,,0.0,,False,,False,0.0,,no_mask_reaches_0.5
g0plus,val32,9,0,5011,4,741,,0.0,,False,,False,0.0,,no_mask_reaches_0.5
g0plus,val32,9,0,5012,4,1578,14,0.5958646616541353,8,False,0.9030368328094482,True,0.5958646616541353,14,reader_true_positive
g0plus,val32,9,0,7016,6,29463,65,0.14192280321257922,19,False,0.9413822889328003,True,0.14192280321257922,65,no_mask_reaches_0.5
g0plus,val32,9,0,12013,11,200,,0.0,,False,,False,0.0,,no_mask_reaches_0.5
g0plus,val32,9,0,15002,14,7,,0.0,,False,,False,0.0,,no_mask_reaches_0.5
g0plus,val32,9,1,3022,2,22,,0.0,,False,,False,0.0,,no_mask_reaches_0.5
g0plus,val32,9,1,3027,2,273,57,0.36608863198458574,8,False,0.9231976270675659,True,0.36608863198458574,57,no_mask_reaches_0.5
g0plus,val32,9,1,5003,4,1744,90,0.10556023588879528,4,True,0.9296131134033203,True,0.10556023588879528,90,no_mask_reaches_0.5
g0plus,val32,9,1,5004,4,1767,90,0.08590781430695522,4,True,0.9296131134033203,True,0.08590781430695522,90,no_mask_reaches_0.5
g0plus,val32,9,1,5005,4,298,,0.0,,False,,False,0.0,,no_mask_reaches_0.5
g0plus,val32,9,1,5006,4,323,90,0.007403581267217631,4,True,0.9296131134033203,True,0.007403581267217631,90,no_mask_reaches_0.5
g0plus,val32,9,1,5007,4,11700,62,0.033245247634472765,4,True,0.9618783593177795,True,0.033245247634472765,62,no_mask_reaches_0.5
g0plus,val32,9,1,5008,4,280,57,0.008450704225352112,8,False,0.9231976270675659,True,0.008450704225352112,57,no_mask_reaches_0.5
g0plus,val32,9,1,5009,4,5935,90,0.2648111622470597,4,True,0.9296131134033203,True,0.2648111622470597,90,no_mask_reaches_0.5
g0plus,val32,9,1,5010,4,348,57,0.07397260273972603,8,False,0.9231976270675659,True,0.07397260273972603,57,no_mask_reaches_0.5
g0plus,val32,9,1,5011,4,118,,0.0,,False,,False,0.0,,no_mask_reaches_0.5
g0plus,val32,9,1,7016,6,29314,92,0.05567305724227332,6,True,0.9596801400184631,True,0.05567305724227332,92,no_mask_reaches_0.5
g0plus,val32,9,1,12013,11,94,57,0.001890359168241966,8,False,0.9231976270675659,True,0.001890359168241966,57,no_mask_reaches_0.5
g0plus,val32,9,1,15002,14,220,57,0.15696649029982362,8,False,0.9231976270675659,True,0.15696649029982362,57,no_mask_reaches_0.5
g0plus,val32,9,1,20025,19,15,,0.0,,False,,False,0.0,,no_mask_reaches_0.5
g0plus,val32,9,1,20026,19,439,,0.0,,False,,False,0.0,,no_mask_reaches_0.5
g0plus,val32,9,2,3022,2,694,,0.0,,False,,False,0.0,,no_mask_reaches_0.5
g0plus,val32,9,2,3027,2,36,,0.0,,False,,False,0.0,,no_mask_reaches_0.5
g0plus,val32,9,2,5004,4,7,,0.0,,False,,False,0.0,,no_mask_reaches_0.5
g0plus,val32,9,2,5005,4,3,,0.0,,False,,False,0.0,,no_mask_reaches_0.5
g0plus,val32,9,2,5007,4,10027,22,0.12069769611043746,4,True,0.9382670521736145,True,0.12069769611043746,22,no_mask_reaches_0.5
g0plus,val32,9,2,5008,4,67,,0.0,,False,,False,0.0,,no_mask_reaches_0.5
g0plus,val32,9,2,5009,4,6529,92,0.008607103891380773,6,False,0.9596801400184631,True,0.008607103891380773,92,no_mask_reaches_0.5
g0plus,val32,9,2,5010,4,241,,0.0,,False,,False,0.0,,no_mask_reaches_0.5
g0plus,val32,9,2,5011,4,865,,0.0,,False,,False,0.0,,no_mask_reaches_0.5
g0plus,val32,9,2,5012,4,1620,14,0.56299938537185,8,False,0.9030368328094482,True,0.56299938537185,14,reader_true_positive
g0plus,val32,9,2,7016,6,29686,65,0.14091092572658773,19,False,0.9413822889328003,True,0.14091092572658773,65,no_mask_reaches_0.5
g0plus,val32,9,2,12013,11,303,,0.0,,False,,False,0.0,,no_mask_reaches_0.5
g0plus,val32,9,2,15002,14,15,,0.0,,False,,False,0.0,,no_mask_reaches_0.5
g0plus,val32,9,3,3022,2,511,,0.0,,False,,False,0.0,,no_mask_reaches_0.5
g0plus,val32,9,3,5003,4,10,,0.0,,False,,False,0.0,,no_mask_reaches_0.5
g0plus,val32,9,3,5004,4,729,,0.0,,False,,False,0.0,,no_mask_reaches_0.5
g0plus,val32,9,3,5005,4,31,,0.0,,False,,False,0.0,,no_mask_reaches_0.5
g0plus,val32,9,3,5007,4,8678,62,0.03645374449339207,4,True,0.9618783593177795,True,0.03645374449339207,62,no_mask_reaches_0.5
g0plus,val32,9,3,5009,4,7553,65,0.0013214403700033035,19,False,0.9413822889328003,True,0.0013214403700033035,65,no_mask_reaches_0.5
g0plus,val32,9,3,5011,4,443,,0.0,,False,,False,0.0,,no_mask_reaches_0.5
g0plus,val32,9,3,5012,4,145,,0.0,,False,,False,0.0,,no_mask_reaches_0.5
g0plus,val32,9,3,7016,6,32265,65,0.1410693265596927,19,False,0.9413822889328003,True,0.1410693265596927,65,no_mask_reaches_0.5
g0plus,val32,9,4,3022,2,652,,0.0,,False,,False,0.0,,no_mask_reaches_0.5
g0plus,val32,9,4,5003,4,73,,0.0,,False,,False,0.0,,no_mask_reaches_0.5
g0plus,val32,9,4,5004,4,832,,0.0,,False,,False,0.0,,no_mask_reaches_0.5
g0plus,val32,9,4,5005,4,21,,0.0,,False,,False,0.0,,no_mask_reaches_0.5
g0plus,val32,9,4,5007,4,8478,62,0.040832485013007576,4,True,0.9618783593177795,True,0.040832485013007576,62,no_mask_reaches_0.5
g0plus,val32,9,4,5009,4,7620,65,0.0022145669291338582,19,False,0.9413822889328003,True,0.0022145669291338582,65,no_mask_reaches_0.5
g0plus,val32,9,4,5011,4,541,,0.0,,False,,False,0.0,,no_mask_reaches_0.5
g0plus,val32,9,4,5012,4,44,,0.0,,False,,False,0.0,,no_mask_reaches_0.5
g0plus,val32,9,4,7016,6,32550,65,0.14013442592763098,19,False,0.9413822889328003,True,0.14013442592763098,65,no_mask_reaches_0.5
g0plus,val32,9,5,3022,2,129,,0.0,,False,,False,0.0,,no_mask_reaches_0.5
g0plus,val32,9,5,3027,2,13,,0.0,,False,,False,0.0,,no_mask_reaches_0.5
g0plus,val32,9,5,5003,4,1531,90,0.05902671949608859,4,True,0.9296131134033203,True,0.05902671949608859,90,no_mask_reaches_0.5
g0plus,val32,9,5,5004,4,2063,90,0.09647718174539632,4,True,0.9296131134033203,True,0.09647718174539632,90,no_mask_reaches_0.5
g0plus,val32,9,5,5006,4,242,,0.0,,False,,False,0.0,,no_mask_reaches_0.5
g0plus,val32,9,5,5007,4,7564,62,0.08063241106719368,4,True,0.9618783593177795,True,0.08063241106719368,62,no_mask_reaches_0.5
g0plus,val32,9,5,5008,4,86,,0.0,,False,,False,0.0,,no_mask_reaches_0.5
g0plus,val32,9,5,5009,4,7053,90,0.11627581379068953,4,True,0.9296131134033203,True,0.11627581379068953,90,no_mask_reaches_0.5
g0plus,val32,9,5,5010,4,354,,0.0,,False,,False,0.0,,no_mask_reaches_0.5
g0plus,val32,9,5,5011,4,4,,0.0,,False,,False,0.0,,no_mask_reaches_0.5
g0plus,val32,9,5,7016,6,30577,92,0.05477973640317886,6,True,0.9596801400184631,True,0.05477973640317886,92,no_mask_reaches_0.5
g0plus,val32,9,5,12013,11,179,,0.0,,False,,False,0.0,,no_mask_reaches_0.5
g0plus,val32,9,5,15002,14,121,,0.0,,False,,False,0.0,,no_mask_reaches_0.5
g0plus,val32,10,0,3022,2,46,22,0.010492332526230832,7,False,0.9161207675933838,True,0.010492332526230832,22,no_mask_reaches_0.5
g0plus,val32,10,0,3027,2,218,14,0.14110032362459546,8,False,0.9041175246238708,True,0.14110032362459546,14,no_mask_reaches_0.5
g0plus,val32,10,0,5003,4,1757,,0.0,,False,,False,0.0,,no_mask_reaches_0.5
g0plus,val32,10,0,5004,4,1657,,0.0,,False,,False,0.0,,no_mask_reaches_0.5
g0plus,val32,10,0,5005,4,228,,0.0,,False,,False,0.0,,no_mask_reaches_0.5
g0plus,val32,10,0,5006,4,336,,0.0,,False,,False,0.0,,no_mask_reaches_0.5
g0plus,val32,10,0,5007,4,11304,22,0.259246833850541,7,False,0.9161207675933838,True,0.259246833850541,22,no_mask_reaches_0.5
g0plus,val32,10,0,5008,4,260,,0.0,,False,,False,0.0,,no_mask_reaches_0.5
g0plus,val32,10,0,5009,4,6055,62,0.10771625960883527,12,False,0.9308176040649414,True,0.10771625960883527,62,no_mask_reaches_0.5
g0plus,val32,10,0,5010,4,351,14,0.22243713733075435,8,False,0.9041175246238708,True,0.22243713733075435,14,no_mask_reaches_0.5
g0plus,val32,10,0,5011,4,184,22,0.02204724409448819,7,False,0.9161207675933838,True,0.02204724409448819,22,no_mask_reaches_0.5
g0plus,val32,10,0,7016,6,29701,62,0.03446239258187402,12,False,0.9308176040649414,True,0.03446239258187402,62,no_mask_reaches_0.5
g0plus,val32,10,0,12013,11,100,14,0.06472491909385113,8,False,0.9041175246238708,True,0.06472491909385113,14,no_mask_reaches_0.5
g0plus,val32,10,0,15002,14,144,14,0.010167464114832535,8,False,0.9041175246238708,True,0.010167464114832535,14,no_mask_reaches_0.5
g0plus,val32,10,0,20025,19,9,,0.0,,False,,False,0.0,,no_mask_reaches_0.5
g0plus,val32,10,0,20026,19,434,,0.0,,False,,False,0.0,,no_mask_reaches_0.5
g0plus,val32,10,1,5003,4,889,,0.0,,False,,False,0.0,,no_mask_reaches_0.5
g0plus,val32,10,1,5004,4,2024,90,0.07873303167420814,19,False,0.8848758935928345,True,0.07873303167420814,90,no_mask_reaches_0.5
g0plus,val32,10,1,5005,4,285,,0.0,,False,,False,0.0,,no_mask_reaches_0.5
g0plus,val32,10,1,5006,4,302,,0.0,,False,,False,0.0,,no_mask_reaches_0.5
g0plus,val32,10,1,5007,4,20622,62,0.04572131017527163,12,False,0.9308176040649414,True,0.04572131017527163,62,no_mask_reaches_0.5
g0plus,val32,10,1,5008,4,217,,0.0,,False,,False,0.0,,no_mask_reaches_0.5
g0plus,val32,10,1,5009,4,226,,0.0,,False,,False,0.0,,no_mask_reaches_0.5
g0plus,val32,10,1,5010,4,577,,0.0,,False,,False,0.0,,no_mask_reaches_0.5
g0plus,val32,10,1,5011,4,491,,0.0,,False,,False,0.0,,no_mask_reaches_0.5
g0plus,val32,10,1,5012,4,1914,62,0.2687086092715232,12,False,0.9308176040649414,True,0.2687086092715232,62,no_mask_reaches_0.5
g0plus,val32,10,1,7016,6,26235,62,0.028457506672240264,12,False,0.9308176040649414,True,0.028457506672240264,62,no_mask_reaches_0.5
g0plus,val32,10,1,20025,19,178,,0.0,,False,,False,0.0,,no_mask_reaches_0.5
g0plus,val32,10,1,20026,19,399,,0.0,,False,,False,0.0,,no_mask_reaches_0.5
g0plus,val32,10,2,3027,2,134,14,0.12511671335200747,8,False,0.9041175246238708,True,0.12511671335200747,14,no_mask_reaches_0.5
g0plus,val32,10,2,5003,4,1598,,0.0,,False,,False,0.0,,no_mask_reaches_0.5
g0plus,val32,10,2,5004,4,1905,,0.0,,False,,False,0.0,,no_mask_reaches_0.5
g0plus,val32,10,2,5005,4,254,,0.0,,False,,False,0.0,,no_mask_reaches_0.5
g0plus,val32,10,2,5006,4,299,,0.0,,False,,False,0.0,,no_mask_reaches_0.5
g0plus,val32,10,2,5007,4,13917,62,0.12480271233997779,12,False,0.9308176040649414,True,0.12480271233997779,62,no_mask_reaches_0.5
g0plus,val32,10,2,5008,4,263,,0.0,,False,,False,0.0,,no_mask_reaches_0.5
g0plus,val32,10,2,5009,4,5482,62,0.08798952984999496,12,False,0.9308176040649414,True,0.08798952984999496,62,no_mask_reaches_0.5
g0plus,val32,10,2,5010,4,372,14,0.18667763157894737,8,False,0.9041175246238708,True,0.18667763157894737,14,no_mask_reaches_0.5
g0plus,val32,10,2,7016,6,28672,62,0.005114711447492905,12,False,0.9308176040649414,True,0.005114711447492905,62,no_mask_reaches_0.5
g0plus,val32,10,2,12013,11,9,14,0.008403361344537815,8,False,0.9041175246238708,True,0.008403361344537815,14,no_mask_reaches_0.5
g0plus,val32,10,2,15002,14,170,14,0.01804757998359311,8,False,0.9041175246238708,True,0.01804757998359311,14,no_mask_reaches_0.5
g0plus,val32,10,2,20025,19,51,,0.0,,False,,False,0.0,,no_mask_reaches_0.5
g0plus,val32,10,2,20026,19,427,,0.0,,False,,False,0.0,,no_mask_reaches_0.5
g0plus,val32,10,3,3022,2,38,14,0.0695970695970696,8,False,0.9041175246238708,True,0.0695970695970696,14,no_mask_reaches_0.5
g0plus,val32,10,3,3027,2,362,14,0.3313782991202346,8,False,0.9041175246238708,True,0.3313782991202346,14,no_mask_reaches_0.5
g0plus,val32,10,3,5003,4,1345,,0.0,,False,,False,0.0,,no_mask_reaches_0.5
g0plus,val32,10,3,5004,4,1748,,0.0,,False,,False,0.0,,no_mask_reaches_0.5
g0plus,val32,10,3,5005,4,277,,0.0,,False,,False,0.0,,no_mask_reaches_0.5
g0plus,val32,10,3,5006,4,246,,0.0,,False,,False,0.0,,no_mask_reaches_0.5
g0plus,val32,10,3,5007,4,19020,62,0.271780253951801,12,False,0.9308176040649414,True,0.271780253951801,62,no_mask_reaches_0.5
g0plus,val32,10,3,5008,4,235,,0.0,,False,,False,0.0,,no_mask_reaches_0.5
g0plus,val32,10,3,5009,4,2737,62,0.005602923264311815,12,False,0.9308176040649414,True,0.005602923264311815,62,no_mask_reaches_0.5
g0plus,val32,10,3,5010,4,344,14,0.04093567251461988,8,False,0.9041175246238708,True,0.04093567251461988,14,no_mask_reaches_0.5
g0plus,val32,10,3,7016,6,27341,,0.0,,False,,False,0.0,,no_mask_reaches_0.5
g0plus,val32,10,3,15002,14,513,14,0.17275747508305647,8,False,0.9041175246238708,True,0.17275747508305647,14,no_mask_reaches_0.5
g0plus,val32,10,3,20025,19,157,,0.0,,False,,False,0.0,,no_mask_reaches_0.5
g0plus,val32,10,3,20026,19,430,,0.0,,False,,False,0.0,,no_mask_reaches_0.5
g0plus,val32,10,4,3022,2,51,14,0.06910569105691057,8,False,0.9041175246238708,True,0.06910569105691057,14,no_mask_reaches_0.5
g0plus,val32,10,4,3027,2,412,14,0.35135135135135137,8,False,0.9041175246238708,True,0.35135135135135137,14,no_mask_reaches_0.5
g0plus,val32,10,4,5003,4,1322,,0.0,,False,,False,0.0,,no_mask_reaches_0.5
g0plus,val32,10,4,5004,4,1636,,0.0,,False,,False,0.0,,no_mask_reaches_0.5
g0plus,val32,10,4,5005,4,267,,0.0,,False,,False,0.0,,no_mask_reaches_0.5
g0plus,val32,10,4,5006,4,273,,0.0,,False,,False,0.0,,no_mask_reaches_0.5
g0plus,val32,10,4,5007,4,20797,62,0.262344642257306,12,False,0.9308176040649414,True,0.262344642257306,62,no_mask_reaches_0.5
g0plus,val32,10,4,5008,4,209,,0.0,,False,,False,0.0,,no_mask_reaches_0.5
g0plus,val32,10,4,5009,4,2237,62,0.0007751937984496124,12,False,0.9308176040649414,True,0.0007751937984496124,62,no_mask_reaches_0.5
g0plus,val32,10,4,5010,4,308,,0.0,,False,,False,0.0,,no_mask_reaches_0.5
g0plus,val32,10,4,5011,4,69,14,0.07171314741035857,8,False,0.9041175246238708,True,0.07171314741035857,14,no_mask_reaches_0.5
g0plus,val32,10,4,7016,6,26829,,0.0,,False,,False,0.0,,no_mask_reaches_0.5
g0plus,val32,10,4,15002,14,613,14,0.13624894869638352,8,False,0.9041175246238708,True,0.13624894869638352,14,no_mask_reaches_0.5
g0plus,val32,10,4,20025,19,136,,0.0,,False,,False,0.0,,no_mask_reaches_0.5
g0plus,val32,10,4,20026,19,426,,0.0,,False,,False,0.0,,no_mask_reaches_0.5
g0plus,val32,10,5,5003,4,906,,0.0,,False,,False,0.0,,no_mask_reaches_0.5
g0plus,val32,10,5,5004,4,1934,90,0.03606719367588933,19,False,0.8848758935928345,True,0.03606719367588933,90,no_mask_reaches_0.5
g0plus,val32,10,5,5005,4,269,,0.0,,False,,False,0.0,,no_mask_reaches_0.5
g0plus,val32,10,5,5006,4,253,,0.0,,False,,False,0.0,,no_mask_reaches_0.5
g0plus,val32,10,5,5007,4,20734,62,0.07030805494594815,12,False,0.9308176040649414,True,0.07030805494594815,62,no_mask_reaches_0.5
g0plus,val32,10,5,5008,4,238,,0.0,,False,,False,0.0,,no_mask_reaches_0.5
g0plus,val32,10,5,5009,4,267,,0.0,,False,,False,0.0,,no_mask_reaches_0.5
g0plus,val32,10,5,5010,4,621,,0.0,,False,,False,0.0,,no_mask_reaches_0.5
g0plus,val32,10,5,5011,4,490,,0.0,,False,,False,0.0,,no_mask_reaches_0.5
g0plus,val32,10,5,5012,4,2116,62,0.25008098477486235,12,False,0.9308176040649414,True,0.25008098477486235,62,no_mask_reaches_0.5
g0plus,val32,10,5,7016,6,25218,62,0.005973169696771878,12,False,0.9308176040649414,True,0.005973169696771878,62,no_mask_reaches_0.5
g0plus,val32,10,5,20025,19,194,,0.0,,False,,False,0.0,,no_mask_reaches_0.5
g0plus,val32,10,5,20026,19,399,,0.0,,False,,False,0.0,,no_mask_reaches_0.5
g0plus,val32,11,0,5003,4,745,,0.0,,False,,False,0.0,,no_mask_reaches_0.5
g0plus,val32,11,0,5004,4,1777,,0.0,,False,,False,0.0,,no_mask_reaches_0.5
g0plus,val32,11,0,5005,4,222,14,0.0817378497790869,8,False,0.8882588148117065,True,0.0817378497790869,14,no_mask_reaches_0.5
g0plus,val32,11,0,5006,4,270,65,0.0048643592142188965,19,False,0.9484289288520813,True,0.0048643592142188965,65,no_mask_reaches_0.5
g0plus,val32,11,0,5007,4,6575,62,0.031393427574811825,4,True,0.9605461359024048,True,0.031393427574811825,62,no_mask_reaches_0.5
g0plus,val32,11,0,5008,4,489,14,0.1800441826215022,8,False,0.8882588148117065,True,0.1800441826215022,14,no_mask_reaches_0.5
g0plus,val32,11,0,5010,4,219,14,0.010674931129476584,8,False,0.8882588148117065,True,0.010674931129476584,14,no_mask_reaches_0.5
g0plus,val32,11,0,5011,4,1330,14,0.08880516684607104,8,False,0.8882588148117065,True,0.08880516684607104,14,no_mask_reaches_0.5
g0plus,val32,11,0,5012,4,8566,62,0.040267400707825404,4,True,0.9605461359024048,True,0.040267400707825404,62,no_mask_reaches_0.5
g0plus,val32,11,0,7016,6,26986,65,0.1754340977360979,19,False,0.9484289288520813,True,0.1754340977360979,65,no_mask_reaches_0.5
g0plus,val32,11,0,20025,19,222,,0.0,,False,,False,0.0,,no_mask_reaches_0.5
g0plus,val32,11,0,20026,19,480,14,0.04683917458237799,8,False,0.8882588148117065,True,0.04683917458237799,14,no_mask_reaches_0.5
g0plus,val32,11,1,5003,4,920,,0.0,,False,,False,0.0,,no_mask_reaches_0.5
g0plus,val32,11,1,5004,4,1689,92,0.052581261950286805,6,False,0.9600318074226379,True,0.052581261950286805,92,no_mask_reaches_0.5
g0plus,val32,11,1,5006,4,415,,0.0,,False,,False,0.0,,no_mask_reaches_0.5
g0plus,val32,11,1,5007,4,94,90,0.013907581875280395,4,True,0.9215577840805054,True,0.013907581875280395,90,no_mask_reaches_0.5
g0plus,val32,11,1,5009,4,1192,92,0.011193575860810318,6,False,0.9600318074226379,True,0.011193575860810318,92,no_mask_reaches_0.5
g0plus,val32,11,1,5011,4,2356,65,0.036449638286032274,19,False,0.9484289288520813,True,0.036449638286032274,65,no_mask_reaches_0.5
g0plus,val32,11,1,5012,4,17123,92,0.05299278950569021,6,False,0.9600318074226379,True,0.05299278950569021,92,no_mask_reaches_0.5
g0plus,val32,11,1,7016,6,24853,90,0.21875724553674936,4,False,0.9215577840805054,True,0.21875724553674936,90,no_mask_reaches_0.5
g0plus,val32,11,2,5003,4,808,,0.0,,False,,False,0.0,,no_mask_reaches_0.5
g0plus,val32,11,2,5004,4,1739,,0.0,,False,,False,0.0,,no_mask_reaches_0.5
g0plus,val32,11,2,5005,4,225,14,0.09309060819197353,8,False,0.8882588148117065,True,0.09309060819197353,14,no_mask_reaches_0.5
g0plus,val32,11,2,5006,4,310,65,0.005835843373493976,19,False,0.9484289288520813,True,0.005835843373493976,65,no_mask_reaches_0.5
g0plus,val32,11,2,5007,4,6361,62,0.021401321298967154,4,True,0.9605461359024048,True,0.021401321298967154,62,no_mask_reaches_0.5
g0plus,val32,11,2,5008,4,525,14,0.2102015631427396,8,False,0.8882588148117065,True,0.2102015631427396,14,no_mask_reaches_0.5
g0plus,val32,11,2,5010,4,173,14,0.0015467904098994587,8,False,0.8882588148117065,True,0.0015467904098994587,14,no_mask_reaches_0.5
g0plus,val32,11,2,5011,4,1506,14,0.06400867914293464,8,False,0.8882588148117065,True,0.06400867914293464,14,no_mask_reaches_0.5
g0plus,val32,11,2,5012,4,8471,62,0.07420175654600673,4,True,0.9605461359024048,True,0.07420175654600673,62,no_mask_reaches_0.5
g0plus,val32,11,2,7016,6,26504,65,0.1703777926222816,19,False,0.9484289288520813,True,0.1703777926222816,65,no_mask_reaches_0.5
g0plus,val32,11,2,20025,19,196,,0.0,,False,,False,0.0,,no_mask_reaches_0.5
g0plus,val32,11,2,20026,19,433,14,0.02333931777378815,8,False,0.8882588148117065,True,0.02333931777378815,14,no_mask_reaches_0.5
g0plus,val32,11,3,5003,4,825,,0.0,,False,,False,0.0,,no_mask_reaches_0.5
g0plus,val32,11,3,5004,4,1677,,0.0,,False,,False,0.0,,no_mask_reaches_0.5
g0plus,val32,11,3,5005,4,117,14,0.13748531139835488,8,False,0.8882588148117065,True,0.13748531139835488,14,no_mask_reaches_0.5
g0plus,val32,11,3,5006,4,355,65,0.0050092764378478665,19,False,0.9484289288520813,True,0.0050092764378478665,65,no_mask_reaches_0.5
g0plus,val32,11,3,5007,4,6346,62,0.045797831138652205,4,True,0.9605461359024048,True,0.045797831138652205,62,no_mask_reaches_0.5
g0plus,val32,11,3,5008,4,119,14,0.052060737527114966,8,False,0.8882588148117065,True,0.052060737527114966,14,no_mask_reaches_0.5
g0plus,val32,11,3,5009,4,236,92,0.05775819872736172,6,False,0.9600318074226379,True,0.05775819872736172,92,no_mask_reaches_0.5
g0plus,val32,11,3,5010,4,110,,0.0,,False,,False,0.0,,no_mask_reaches_0.5
g0plus,val32,11,3,5011,4,1483,65,0.07224770642201835,19,False,0.9484289288520813,True,0.07224770642201835,65,no_mask_reaches_0.5
g0plus,val32,11,3,5012,4,8491,62,0.1495293908719588,4,True,0.9605461359024048,True,0.1495293908719588,62,no_mask_reaches_0.5
g0plus,val32,11,3,7016,6,27217,65,0.1530685146817175,19,False,0.9484289288520813,True,0.1530685146817175,65,no_mask_reaches_0.5
g0plus,val32,11,3,20025,19,169,,0.0,,False,,False,0.0,,no_mask_reaches_0.5
g0plus,val32,11,3,20026,19,469,14,0.043478260869565216,8,False,0.8882588148117065,True,0.043478260869565216,14,no_mask_reaches_0.5
g0plus,val32,11,4,5003,4,918,,0.0,,False,,False,0.0,,no_mask_reaches_0.5
g0plus,val32,11,4,5004,4,1569,92,0.0033038192150125546,6,False,0.9600318074226379,True,0.0033038192150125546,92,no_mask_reaches_0.5
g0plus,val32,11,4,5006,4,309,,0.0,,False,,False,0.0,,no_mask_reaches_0.5
g0plus,val32,11,4,5007,4,6301,90,0.128295524218271,4,True,0.9215577840805054,True,0.128295524218271,90,no_mask_reaches_0.5
g0plus,val32,11,4,5009,4,1086,92,0.04359953024075162,6,False,0.9600318074226379,True,0.04359953024075162,92,no_mask_reaches_0.5
g0plus,val32,11,4,5011,4,646,65,0.08599372577966415,19,False,0.9484289288520813,True,0.08599372577966415,65,no_mask_reaches_0.5
g0plus,val32,11,4,5012,4,9372,62,0.19005025981770168,4,True,0.9605461359024048,True,0.19005025981770168,62,no_mask_reaches_0.5
g0plus,val32,11,4,7016,6,26691,92,0.18310368521934106,6,True,0.9600318074226379,True,0.18310368521934106,92,no_mask_reaches_0.5
g0plus,val32,11,4,20025,19,171,,0.0,,False,,False,0.0,,no_mask_reaches_0.5
g0plus,val32,11,4,20026,19,212,,0.0,,False,,False,0.0,,no_mask_reaches_0.5
g0plus,val32,11,5,5003,4,770,,0.0,,False,,False,0.0,,no_mask_reaches_0.5
g0plus,val32,11,5,5004,4,1597,92,0.01049222797927461,6,False,0.9600318074226379,True,0.01049222797927461,92,no_mask_reaches_0.5
g0plus,val32,11,5,5006,4,277,,0.0,,False,,False,0.0,,no_mask_reaches_0.5
g0plus,val32,11,5,5007,4,6313,90,0.17425502949629407,4,True,0.9215577840805054,True,0.17425502949629407,90,no_mask_reaches_0.5
g0plus,val32,11,5,5009,4,1184,92,0.04616256018125177,6,False,0.9600318074226379,True,0.04616256018125177,92,no_mask_reaches_0.5
g0plus,val32,11,5,5011,4,598,65,0.07455731593662628,19,False,0.9484289288520813,True,0.07455731593662628,65,no_mask_reaches_0.5
g0plus,val32,11,5,5012,4,9510,62,0.18813630626840555,4,True,0.9605461359024048,True,0.18813630626840555,62,no_mask_reaches_0.5
g0plus,val32,11,5,7016,6,26847,92,0.18543093863204332,6,True,0.9600318074226379,True,0.18543093863204332,92,no_mask_reaches_0.5
g0plus,val32,11,5,20025,19,229,,0.0,,False,,False,0.0,,no_mask_reaches_0.5
g0plus,val32,11,5,20026,19,161,,0.0,,False,,False,0.0,,no_mask_reaches_0.5
g0plus,val32,12,0,5028,4,4280,62,0.12449931052597019,4,True,0.934739351272583,True,0.12449931052597019,62,no_mask_reaches_0.5
g0plus,val32,12,0,5050,4,143,,0.0,,False,,False,0.0,,no_mask_reaches_0.5
g0plus,val32,12,0,7034,6,12927,92,0.42770944534694827,12,False,0.9373338222503662,True,0.42770944534694827,92,no_mask_reaches_0.5
g0plus,val32,12,1,5017,4,4478,90,0.1864500137703112,4,True,0.8887274861335754,True,0.1864500137703112,90,no_mask_reaches_0.5
g0plus,val32,12,1,5028,4,65,62,0.0069862424763542565,4,True,0.934739351272583,True,0.0069862424763542565,62,no_mask_reaches_0.5
g0plus,val32,12,1,5050,4,377,,0.0,,False,,False,0.0,,no_mask_reaches_0.5
g0plus,val32,12,1,5054,4,1098,92,0.031147694322327193,12,False,0.9373338222503662,True,0.031147694322327193,92,no_mask_reaches_0.5
g0plus,val32,12,1,7034,6,22959,92,0.26509963837808725,12,False,0.9373338222503662,True,0.26509963837808725,92,no_mask_reaches_0.5
g0plus,val32,12,1,7035,6,3753,92,0.15415119811002362,12,False,0.9373338222503662,True,0.15415119811002362,92,no_mask_reaches_0.5
g0plus,val32,12,1,9003,8,25,57,0.09578544061302682,8,True,0.8965669870376587,True,0.09578544061302682,57,no_mask_reaches_0.5
g0plus,val32,12,2,5028,4,4355,62,0.12655983186654407,4,True,0.934739351272583,True,0.12655983186654407,62,no_mask_reaches_0.5
g0plus,val32,12,2,5050,4,235,,0.0,,False,,False,0.0,,no_mask_reaches_0.5
g0plus,val32,12,2,7034,6,13213,92,0.4360099901612049,12,False,0.9373338222503662,True,0.4360099901612049,92,no_mask_reaches_0.5
g0plus,val32,12,3,5028,4,4367,62,0.12323113207547169,4,True,0.934739351272583,True,0.12323113207547169,62,no_mask_reaches_0.5
g0plus,val32,12,3,5050,4,386,,0.0,,False,,False,0.0,,no_mask_reaches_0.5
g0plus,val32,12,3,7034,6,14331,92,0.43262856744121136,12,False,0.9373338222503662,True,0.43262856744121136,92,no_mask_reaches_0.5
g0plus,val32,12,4,5028,4,4502,62,0.12016385980883022,4,True,0.934739351272583,True,0.12016385980883022,62,no_mask_reaches_0.5
g0plus,val32,12,4,5050,4,435,,0.0,,False,,False,0.0,,no_mask_reaches_0.5
g0plus,val32,12,4,7034,6,16478,92,0.42644738439130964,12,False,0.9373338222503662,True,0.42644738439130964,92,no_mask_reaches_0.5
g0plus,val32,12,4,7035,6,57,,0.0,,False,,False,0.0,,no_mask_reaches_0.5
g0plus,val32,12,5,5028,4,4643,62,0.11930724823604875,4,True,0.934739351272583,True,0.11930724823604875,62,no_mask_reaches_0.5
g0plus,val32,12,5,5050,4,425,,0.0,,False,,False,0.0,,no_mask_reaches_0.5
g0plus,val32,12,5,7034,6,17073,92,0.41263085240998504,12,False,0.9373338222503662,True,0.41263085240998504,92,no_mask_reaches_0.5
g0plus,val32,12,5,7035,6,177,92,0.0063025210084033615,12,False,0.9373338222503662,True,0.0063025210084033615,92,no_mask_reaches_0.5
g0plus,val32,13,0,5001,4,715,92,0.07661085743277524,13,False,0.9257099628448486,True,0.07661085743277524,92,no_mask_reaches_0.5
g0plus,val32,13,0,5002,4,534,92,0.001567398119122257,13,False,0.9257099628448486,True,0.001567398119122257,92,no_mask_reaches_0.5
g0plus,val32,13,0,5017,4,7324,22,0.2511837121212121,2,False,0.8671119213104248,True,0.2511837121212121,22,no_mask_reaches_0.5
g0plus,val32,13,0,5018,4,2044,92,0.002962811606048222,13,False,0.9257099628448486,True,0.002962811606048222,92,no_mask_reaches_0.5
g0plus,val32,13,0,5027,4,1296,92,0.11289728801079887,13,False,0.9257099628448486,True,0.11289728801079887,92,no_mask_reaches_0.5
g0plus,val32,13,0,5054,4,1006,22,0.09277820611667952,2,False,0.8671119213104248,True,0.09277820611667952,22,no_mask_reaches_0.5
g0plus,val32,13,0,7032,6,23,,0.0,,False,,False,0.0,,no_mask_reaches_0.5
g0plus,val32,13,0,7033,6,2664,92,0.14465891642904147,13,False,0.9257099628448486,True,0.14465891642904147,92,no_mask_reaches_0.5
g0plus,val32,13,0,7034,6,181,,0.0,,False,,False,0.0,,no_mask_reaches_0.5
g0plus,val32,13,0,7035,6,18995,92,0.1638766902908822,13,False,0.9257099628448486,True,0.1638766902908822,92,no_mask_reaches_0.5
g0plus,val32,13,0,9007,8,605,14,0.3362979433018344,13,False,0.8905175924301147,True,0.3362979433018344,14,no_mask_reaches_0.5
g0plus,val32,13,1,5001,4,738,92,0.048691170486911704,13,False,0.9257099628448486,True,0.048691170486911704,92,no_mask_reaches_0.5
g0plus,val32,13,1,5002,4,699,92,0.0018185360784568423,13,False,0.9257099628448486,True,0.0018185360784568423,92,no_mask_reaches_0.5
g0plus,val32,13,1,5013,4,152,92,0.007721484692495259,13,False,0.9257099628448486,True,0.007721484692495259,92,no_mask_reaches_0.5
g0plus,val32,13,1,5018,4,3113,65,0.003129890453834116,2,False,0.9346372485160828,True,0.003129890453834116,65,no_mask_reaches_0.5
g0plus,val32,13,1,5027,4,1892,92,0.020260314341846757,13,False,0.9257099628448486,True,0.020260314341846757,92,no_mask_reaches_0.5
g0plus,val32,13,1,5031,4,1027,92,0.06974059486622301,13,False,0.9257099628448486,True,0.06974059486622301,92,no_mask_reaches_0.5
g0plus,val32,13,1,5053,4,3953,92,0.07908723281340266,13,False,0.9257099628448486,True,0.07908723281340266,92,no_mask_reaches_0.5
g0plus,val32,13,1,7032,6,918,92,0.03960659223817119,13,False,0.9257099628448486,True,0.03960659223817119,92,no_mask_reaches_0.5
g0plus,val32,13,1,7033,6,5795,92,0.22236121038837264,13,False,0.9257099628448486,True,0.22236121038837264,92,no_mask_reaches_0.5
g0plus,val32,13,1,7035,6,22724,62,0.16748768472906403,14,False,0.8967809677124023,True,0.16748768472906403,62,no_mask_reaches_0.5
g0plus,val32,13,2,5001,4,723,92,0.0593607305936073,13,False,0.9257099628448486,True,0.0593607305936073,92,no_mask_reaches_0.5
g0plus,val32,13,2,5002,4,597,92,0.001709726443768997,13,False,0.9257099628448486,True,0.001709726443768997,92,no_mask_reaches_0.5
g0plus,val32,13,2,5017,4,5546,22,0.24697986577181208,2,False,0.8671119213104248,True,0.24697986577181208,22,no_mask_reaches_0.5
g0plus,val32,13,2,5018,4,2060,92,0.0027555110220440883,13,False,0.9257099628448486,True,0.0027555110220440883,92,no_mask_reaches_0.5
g0plus,val32,13,2,5027,4,1337,92,0.08581874158168173,13,False,0.9257099628448486,True,0.08581874158168173,92,no_mask_reaches_0.5
g0plus,val32,13,2,5053,4,241,92,0.0036442430808627992,13,False,0.9257099628448486,True,0.0036442430808627992,92,no_mask_reaches_0.5
g0plus,val32,13,2,5054,4,930,22,0.08894044856921887,2,False,0.8671119213104248,True,0.08894044856921887,22,no_mask_reaches_0.5
g0plus,val32,13,2,7032,6,136,92,0.0015890356539874863,13,False,0.9257099628448486,True,0.0015890356539874863,92,no_mask_reaches_0.5
g0plus,val32,13,2,7033,6,2995,92,0.14935180252175456,13,False,0.9257099628448486,True,0.14935180252175456,92,no_mask_reaches_0.5
g0plus,val32,13,2,7035,6,19788,92,0.19627484109743343,13,False,0.9257099628448486,True,0.19627484109743343,92,no_mask_reaches_0.5
g0plus,val32,13,2,9007,8,256,14,0.24806201550387597,13,False,0.8905175924301147,True,0.24806201550387597,14,no_mask_reaches_0.5
g0plus,val32,13,3,5001,4,729,92,0.050021017234131986,13,False,0.9257099628448486,True,0.050021017234131986,92,no_mask_reaches_0.5
g0plus,val32,13,3,5002,4,603,92,0.0017825311942959,13,False,0.9257099628448486,True,0.0017825311942959,92,no_mask_reaches_0.5
g0plus,val32,13,3,5017,4,4176,22,0.168452935694315,2,False,0.8671119213104248,True,0.168452935694315,22,no_mask_reaches_0.5
g0plus,val32,13,3,5018,4,2171,92,0.003023758099352052,13,False,0.9257099628448486,True,0.003023758099352052,92,no_mask_reaches_0.5
g0plus,val32,13,3,5027,4,1363,92,0.07301120104652113,13,False,0.9257099628448486,True,0.07301120104652113,92,no_mask_reaches_0.5
g0plus,val32,13,3,5031,4,116,92,0.00986310687866678,13,False,0.9257099628448486,True,0.00986310687866678,92,no_mask_reaches_0.5
g0plus,val32,13,3,5053,4,645,92,0.021911037891268532,13,False,0.9257099628448486,True,0.021911037891268532,92,no_mask_reaches_0.5
g0plus,val32,13,3,5054,4,630,,0.0,,False,,False,0.0,,no_mask_reaches_0.5
g0plus,val32,13,3,7032,6,306,92,0.009115236661649106,13,False,0.9257099628448486,True,0.009115236661649106,92,no_mask_reaches_0.5
g0plus,val32,13,3,7033,6,3546,92,0.16447318372004566,13,False,0.9257099628448486,True,0.16447318372004566,92,no_mask_reaches_0.5
g0plus,val32,13,3,7035,6,21011,92,0.19275003639539962,13,False,0.9257099628448486,True,0.19275003639539962,92,no_mask_reaches_0.5
g0plus,val32,13,4,5001,4,730,92,0.050255817791714806,13,False,0.9257099628448486,True,0.050255817791714806,92,no_mask_reaches_0.5
g0plus,val32,13,4,5002,4,632,92,0.0022220458693754464,13,False,0.9257099628448486,True,0.0022220458693754464,92,no_mask_reaches_0.5
g0plus,val32,13,4,5017,4,3585,22,0.15073329712112982,2,False,0.8671119213104248,True,0.15073329712112982,22,no_mask_reaches_0.5
g0plus,val32,13,4,5018,4,2213,92,0.0026105976151838003,13,False,0.9257099628448486,True,0.0026105976151838003,92,no_mask_reaches_0.5
g0plus,val32,13,4,5027,4,1374,92,0.07036503362151778,13,False,0.9257099628448486,True,0.07036503362151778,92,no_mask_reaches_0.5
g0plus,val32,13,4,5031,4,170,92,0.01417020921897141,13,False,0.9257099628448486,True,0.01417020921897141,92,no_mask_reaches_0.5
g0plus,val32,13,4,5053,4,767,92,0.026457579412947328,13,False,0.9257099628448486,True,0.026457579412947328,92,no_mask_reaches_0.5
g0plus,val32,13,4,5054,4,616,,0.0,,False,,False,0.0,,no_mask_reaches_0.5
g0plus,val32,13,4,7032,6,332,92,0.010159770585825482,13,False,0.9257099628448486,True,0.010159770585825482,92,no_mask_reaches_0.5
g0plus,val32,13,4,7033,6,3609,92,0.16767676767676767,13,False,0.9257099628448486,True,0.16767676767676767,92,no_mask_reaches_0.5
g0plus,val32,13,4,7035,6,21327,92,0.18819082935177922,13,False,0.9257099628448486,True,0.18819082935177922,92,no_mask_reaches_0.5
g0plus,val32,13,5,5001,4,711,92,0.05221076197329495,13,False,0.9257099628448486,True,0.05221076197329495,92,no_mask_reaches_0.5
g0plus,val32,13,5,5002,4,682,92,0.0027491408934707906,13,False,0.9257099628448486,True,0.0027491408934707906,92,no_mask_reaches_0.5
g0plus,val32,13,5,5017,4,143,,0.0,,False,,False,0.0,,no_mask_reaches_0.5
g0plus,val32,13,5,5018,4,2379,,0.0,,False,,False,0.0,,no_mask_reaches_0.5
g0plus,val32,13,5,5027,4,1521,92,0.05761223408282232,13,False,0.9257099628448486,True,0.05761223408282232,92,no_mask_reaches_0.5
g0plus,val32,13,5,5031,4,284,92,0.022813077355610892,13,False,0.9257099628448486,True,0.022813077355610892,92,no_mask_reaches_0.5
g0plus,val32,13,5,5053,4,1240,92,0.04880478087649402,13,False,0.9257099628448486,True,0.04880478087649402,92,no_mask_reaches_0.5
g0plus,val32,13,5,5054,4,365,,0.0,,False,,False,0.0,,no_mask_reaches_0.5
g0plus,val32,13,5,7032,6,405,92,0.01604616235870682,13,False,0.9257099628448486,True,0.01604616235870682,92,no_mask_reaches_0.5
g0plus,val32,13,5,7033,6,3968,92,0.17853553481694184,13,False,0.9257099628448486,True,0.17853553481694184,92,no_mask_reaches_0.5
g0plus,val32,13,5,7035,6,24414,92,0.16092967593613203,13,False,0.9257099628448486,True,0.16092967593613203,92,no_mask_reaches_0.5
g0plus,val32,14,0,5001,4,912,65,0.0793720017444396,6,False,0.8876844048500061,True,0.0793720017444396,65,no_mask_reaches_0.5
g0plus,val32,14,0,5002,4,256,,0.0,,False,,False,0.0,,no_mask_reaches_0.5
g0plus,val32,14,0,5013,4,831,92,0.04624801632282929,6,False,0.9277751445770264,True,0.04624801632282929,92,no_mask_reaches_0.5
g0plus,val32,14,0,5020,4,838,92,0.10865915087550972,6,False,0.9277751445770264,True,0.10865915087550972,92,no_mask_reaches_0.5
g0plus,val32,14,0,5021,4,259,90,0.28650442477876104,4,True,0.8653957843780518,True,0.28650442477876104,90,no_mask_reaches_0.5
g0plus,val32,14,0,5027,4,2876,22,0.3410241980866629,4,True,0.8785721659660339,True,0.3410241980866629,22,no_mask_reaches_0.5
g0plus,val32,14,0,5030,4,366,92,0.096723044397463,6,False,0.9277751445770264,True,0.096723044397463,92,no_mask_reaches_0.5
g0plus,val32,14,0,5031,4,1094,65,0.09543749454767513,6,False,0.8876844048500061,True,0.09543749454767513,65,no_mask_reaches_0.5
g0plus,val32,14,0,5053,4,3755,62,0.7066503467972256,4,True,0.9117768406867981,True,0.7066503467972256,62,reader_true_positive
g0plus,val32,14,0,7032,6,1359,65,0.06556968337073049,6,True,0.8876844048500061,True,0.06556968337073049,65,no_mask_reaches_0.5
g0plus,val32,14,0,7033,6,4942,65,0.3173532482132819,6,True,0.8876844048500061,True,0.3173532482132819,65,no_mask_reaches_0.5
g0plus,val32,14,0,7035,6,106,62,0.004685835995740149,4,False,0.9117768406867981,True,0.004685835995740149,62,no_mask_reaches_0.5
g0plus,val32,14,0,7037,6,662,92,0.038057436376371705,6,True,0.9277751445770264,True,0.038057436376371705,92,no_mask_reaches_0.5
g0plus,val32,14,1,5001,4,1054,65,0.07521408951365326,6,False,0.8876844048500061,True,0.07521408951365326,65,no_mask_reaches_0.5
g0plus,val32,14,1,5002,4,260,,0.0,,False,,False,0.0,,no_mask_reaches_0.5
g0plus,val32,14,1,5013,4,993,92,0.06228160328879753,6,False,0.9277751445770264,True,0.06228160328879753,92,no_mask_reaches_0.5
g0plus,val32,14,1,5020,4,827,90,0.14814814814814814,4,True,0.8653957843780518,True,0.14814814814814814,90,no_mask_reaches_0.5
g0plus,val32,14,1,5027,4,1616,22,0.3073991743410607,4,True,0.8785721659660339,True,0.3073991743410607,22,no_mask_reaches_0.5
g0plus,val32,14,1,5030,4,447,92,0.10706586826347306,6,False,0.9277751445770264,True,0.10706586826347306,92,no_mask_reaches_0.5
g0plus,val32,14,1,5031,4,1321,65,0.10779273765809874,6,False,0.8876844048500061,True,0.10779273765809874,65,no_mask_reaches_0.5
g0plus,val32,14,1,5053,4,2759,62,0.535583570557137,4,True,0.9117768406867981,True,0.535583570557137,62,reader_true_positive
g0plus,val32,14,1,7032,6,1644,65,0.07861244761756946,6,True,0.8876844048500061,True,0.07861244761756946,65,no_mask_reaches_0.5
g0plus,val32,14,1,7033,6,6349,65,0.3403458213256484,6,True,0.8876844048500061,True,0.3403458213256484,65,no_mask_reaches_0.5
g0plus,val32,14,1,7037,6,549,92,0.04652193176783341,6,True,0.9277751445770264,True,0.04652193176783341,92,no_mask_reaches_0.5
g0plus,val32,14,2,5001,4,900,65,0.078,6,False,0.8876844048500061,True,0.078,65,no_mask_reaches_0.5
g0plus,val32,14,2,5002,4,237,,0.0,,False,,False,0.0,,no_mask_reaches_0.5
g0plus,val32,14,2,5013,4,786,92,0.04677826186654437,6,False,0.9277751445770264,True,0.04677826186654437,92,no_mask_reaches_0.5
g0plus,val32,14,2,5020,4,830,92,0.10846560846560846,6,False,0.9277751445770264,True,0.10846560846560846,92,no_mask_reaches_0.5
g0plus,val32,14,2,5021,4,287,90,0.29864724245577523,4,True,0.8653957843780518,True,0.29864724245577523,90,no_mask_reaches_0.5
g0plus,val32,14,2,5027,4,2726,22,0.34009546539379476,4,True,0.8785721659660339,True,0.34009546539379476,22,no_mask_reaches_0.5
g0plus,val32,14,2,5030,4,366,92,0.09685101878803916,6,False,0.9277751445770264,True,0.09685101878803916,92,no_mask_reaches_0.5
g0plus,val32,14,2,5031,4,1119,65,0.09732973819257197,6,False,0.8876844048500061,True,0.09732973819257197,65,no_mask_reaches_0.5
g0plus,val32,14,2,5053,4,3796,62,0.7063959390862944,4,True,0.9117768406867981,True,0.7063959390862944,62,reader_true_positive
g0plus,val32,14,2,7032,6,1351,65,0.0650750227969825,6,True,0.8876844048500061,True,0.0650750227969825,65,no_mask_reaches_0.5
g0plus,val32,14,2,7033,6,4901,65,0.3233798724880962,6,True,0.8876844048500061,True,0.3233798724880962,65,no_mask_reaches_0.5
g0plus,val32,14,2,7035,6,118,62,0.0031840373593716833,4,False,0.9117768406867981,True,0.0031840373593716833,62,no_mask_reaches_0.5
g0plus,val32,14,2,7037,6,687,92,0.04151119402985075,6,True,0.9277751445770264,True,0.04151119402985075,92,no_mask_reaches_0.5
g0plus,val32,14,3,5001,4,906,65,0.07745504840940526,6,False,0.8876844048500061,True,0.07745504840940526,65,no_mask_reaches_0.5
g0plus,val32,14,3,5002,4,165,,0.0,,False,,False,0.0,,no_mask_reaches_0.5
g0plus,val32,14,3,5013,4,810,92,0.042422867513611615,6,False,0.9277751445770264,True,0.042422867513611615,92,no_mask_reaches_0.5
g0plus,val32,14,3,5020,4,848,92,0.11183105351571875,6,False,0.9277751445770264,True,0.11183105351571875,92,no_mask_reaches_0.5
g0plus,val32,14,3,5021,4,309,90,0.30264446620959845,4,True,0.8653957843780518,True,0.30264446620959845,90,no_mask_reaches_0.5
g0plus,val32,14,3,5027,4,2481,22,0.31858974358974357,4,True,0.8785721659660339,True,0.31858974358974357,22,no_mask_reaches_0.5
g0plus,val32,14,3,5030,4,390,92,0.10303830911492734,6,False,0.9277751445770264,True,0.10303830911492734,92,no_mask_reaches_0.5
g0plus,val32,14,3,5031,4,1101,65,0.09525869527599931,6,False,0.8876844048500061,True,0.09525869527599931,65,no_mask_reaches_0.5
g0plus,val32,14,3,5053,4,3968,62,0.6907393292682927,4,True,0.9117768406867981,True,0.6907393292682927,62,reader_true_positive
g0plus,val32,14,3,7032,6,1409,65,0.06583922406707217,6,True,0.8876844048500061,True,0.06583922406707217,65,no_mask_reaches_0.5
g0plus,val32,14,3,7033,6,4902,65,0.3287051985792703,6,True,0.8876844048500061,True,0.3287051985792703,65,no_mask_reaches_0.5
g0plus,val32,14,3,7035,6,189,62,0.0007858546168958742,4,False,0.9117768406867981,True,0.0007858546168958742,62,no_mask_reaches_0.5
g0plus,val32,14,3,7037,6,733,92,0.04534937528921795,6,True,0.9277751445770264,True,0.04534937528921795,92,no_mask_reaches_0.5
g0plus,val32,14,4,5001,4,900,65,0.0742395600618663,6,False,0.8876844048500061,True,0.0742395600618663,65,no_mask_reaches_0.5
g0plus,val32,14,4,5002,4,214,,0.0,,False,,False,0.0,,no_mask_reaches_0.5
g0plus,val32,14,4,5013,4,782,92,0.032409476978095667,6,False,0.9277751445770264,True,0.032409476978095667,92,no_mask_reaches_0.5
g0plus,val32,14,4,5020,4,835,92,0.11610129001433349,6,False,0.9277751445770264,True,0.11610129001433349,92,no_mask_reaches_0.5
g0plus,val32,14,4,5021,4,263,90,0.31235154394299286,4,True,0.8653957843780518,True,0.31235154394299286,90,no_mask_reaches_0.5
g0plus,val32,14,4,5027,4,2337,22,0.3035824583075973,4,True,0.8785721659660339,True,0.3035824583075973,22,no_mask_reaches_0.5
g0plus,val32,14,4,5030,4,392,92,0.10216314829293718,6,False,0.9277751445770264,True,0.10216314829293718,92,no_mask_reaches_0.5
g0plus,val32,14,4,5031,4,1118,65,0.09636269608688157,6,False,0.8876844048500061,True,0.09636269608688157,65,no_mask_reaches_0.5
g0plus,val32,14,4,5053,4,4126,62,0.6312031417350946,4,True,0.9117768406867981,True,0.6312031417350946,62,reader_true_positive
g0plus,val32,14,4,7032,6,1397,65,0.06961244137250061,6,True,0.8876844048500061,True,0.06961244137250061,65,no_mask_reaches_0.5
g0plus,val32,14,4,7033,6,4894,65,0.3292506043513296,6,True,0.8876844048500061,True,0.3292506043513296,65,no_mask_reaches_0.5
g0plus,val32,14,4,7035,6,254,,0.0,,False,,False,0.0,,no_mask_reaches_0.5
g0plus,val32,14,4,7037,6,647,92,0.04473438956197577,6,True,0.9277751445770264,True,0.04473438956197577,92,no_mask_reaches_0.5
g0plus,val32,14,5,5001,4,889,65,0.07199177236887212,6,False,0.8876844048500061,True,0.07199177236887212,65,no_mask_reaches_0.5
g0plus,val32,14,5,5002,4,239,,0.0,,False,,False,0.0,,no_mask_reaches_0.5
g0plus,val32,14,5,5013,4,805,92,0.03701226309921962,6,False,0.9277751445770264,True,0.03701226309921962,92,no_mask_reaches_0.5
g0plus,val32,14,5,5014,4,3,65,0.0002581977794990963,6,False,0.8876844048500061,True,0.0002581977794990963,65,no_mask_reaches_0.5
g0plus,val32,14,5,5020,4,856,92,0.11819262782401903,6,False,0.9277751445770264,True,0.11819262782401903,92,no_mask_reaches_0.5
g0plus,val32,14,5,5021,4,243,90,0.3127413127413127,4,True,0.8653957843780518,True,0.3127413127413127,90,no_mask_reaches_0.5
g0plus,val32,14,5,5027,4,2317,22,0.28464531577372043,4,True,0.8785721659660339,True,0.28464531577372043,22,no_mask_reaches_0.5
g0plus,val32,14,5,5030,4,406,92,0.10556422256890276,6,False,0.9277751445770264,True,0.10556422256890276,92,no_mask_reaches_0.5
g0plus,val32,14,5,5031,4,1121,65,0.09647990360616232,6,False,0.8876844048500061,True,0.09647990360616232,65,no_mask_reaches_0.5
g0plus,val32,14,5,5053,4,4328,62,0.6135404355900727,4,True,0.9117768406867981,True,0.6135404355900727,62,reader_true_positive
g0plus,val32,14,5,7032,6,1441,65,0.07189757058437295,6,True,0.8876844048500061,True,0.07189757058437295,65,no_mask_reaches_0.5
g0plus,val32,14,5,7033,6,4874,65,0.32623029913155355,6,True,0.8876844048500061,True,0.32623029913155355,65,no_mask_reaches_0.5
g0plus,val32,14,5,7035,6,339,,0.0,,False,,False,0.0,,no_mask_reaches_0.5
g0plus,val32,14,5,7037,6,697,92,0.05210745715609078,6,True,0.9277751445770264,True,0.05210745715609078,92,no_mask_reaches_0.5
g0plus,val32,15,0,5001,4,729,92,0.024365737251946747,2,False,0.9016754627227783,True,0.024365737251946747,92,no_mask_reaches_0.5
g0plus,val32,15,0,5002,4,677,,0.0,,False,,False,0.0,,no_mask_reaches_0.5
g0plus,val32,15,0,5018,4,2471,65,0.07641488658885708,2,False,0.9148428440093994,True,0.07641488658885708,65,no_mask_reaches_0.5
g0plus,val32,15,0,5027,4,1625,62,0.12779397473275025,14,False,0.8552039265632629,True,0.12779397473275025,62,no_mask_reaches_0.5
g0plus,val32,15,0,5031,4,348,92,0.10391161540758435,2,False,0.9016754627227783,True,0.10391161540758435,92,no_mask_reaches_0.5
g0plus,val32,15,0,5053,4,1469,92,0.020330368487928845,2,False,0.9016754627227783,True,0.020330368487928845,92,no_mask_reaches_0.5
g0plus,val32,15,0,5054,4,282,14,0.0029797377830750892,2,False,0.8420194387435913,True,0.0029797377830750892,14,no_mask_reaches_0.5
g0plus,val32,15,0,7032,6,449,92,0.08607377752359165,2,False,0.9016754627227783,True,0.08607377752359165,92,no_mask_reaches_0.5
g0plus,val32,15,0,7033,6,4162,92,0.1998402555910543,2,False,0.9016754627227783,True,0.1998402555910543,92,no_mask_reaches_0.5
g0plus,val32,15,0,7035,6,24398,65,0.3275405434822044,2,False,0.9148428440093994,True,0.3275405434822044,65,no_mask_reaches_0.5
g0plus,val32,15,1,5001,4,823,92,0.012455696202531645,2,False,0.9016754627227783,True,0.012455696202531645,92,no_mask_reaches_0.5
g0plus,val32,15,1,5002,4,869,65,0.015291992775436485,2,False,0.9148428440093994,True,0.015291992775436485,65,no_mask_reaches_0.5
g0plus,val32,15,1,5013,4,937,92,0.07482993197278912,2,False,0.9016754627227783,True,0.07482993197278912,92,no_mask_reaches_0.5
g0plus,val32,15,1,5018,4,1728,65,0.08060013956734124,2,False,0.9148428440093994,True,0.08060013956734124,65,no_mask_reaches_0.5
g0plus,val32,15,1,5020,4,226,,0.0,,False,,False,0.0,,no_mask_reaches_0.5
g0plus,val32,15,1,5027,4,2776,62,0.14664940110067984,14,False,0.8552039265632629,True,0.14664940110067984,62,no_mask_reaches_0.5
g0plus,val32,15,1,5030,4,413,92,0.036428494216841426,2,False,0.9016754627227783,True,0.036428494216841426,92,no_mask_reaches_0.5
g0plus,val32,15,1,5031,4,1010,92,0.11008174386920981,2,False,0.9016754627227783,True,0.11008174386920981,92,no_mask_reaches_0.5
g0plus,val32,15,1,5053,4,4414,90,0.0023863184409386186,6,False,0.7759186625480652,True,0.0023863184409386186,90,no_mask_reaches_0.5
g0plus,val32,15,1,7032,6,1397,92,0.1379978471474704,2,False,0.9016754627227783,True,0.1379978471474704,92,no_mask_reaches_0.5
g0plus,val32,15,1,7033,6,5520,92,0.18776268994503717,2,False,0.9016754627227783,True,0.18776268994503717,92,no_mask_reaches_0.5
g0plus,val32,15,1,7035,6,6549,65,0.44132366458992955,2,False,0.9148428440093994,True,0.44132366458992955,65,no_mask_reaches_0.5
g0plus,val32,15,1,7037,6,187,,0.0,,False,,False,0.0,,no_mask_reaches_0.5
g0plus,val32,15,2,5001,4,736,92,0.01700076122811469,2,False,0.9016754627227783,True,0.01700076122811469,92,no_mask_reaches_0.5
g0plus,val32,15,2,5002,4,694,,0.0,,False,,False,0.0,,no_mask_reaches_0.5
g0plus,val32,15,2,5018,4,2561,65,0.07899723072438421,2,False,0.9148428440093994,True,0.07899723072438421,65,no_mask_reaches_0.5
g0plus,val32,15,2,5027,4,1613,62,0.17557251908396945,14,False,0.8552039265632629,True,0.17557251908396945,62,no_mask_reaches_0.5
g0plus,val32,15,2,5031,4,380,92,0.11613691931540342,2,False,0.9016754627227783,True,0.11613691931540342,92,no_mask_reaches_0.5
g0plus,val32,15,2,5053,4,1688,92,0.0231023102310231,2,False,0.9016754627227783,True,0.0231023102310231,92,no_mask_reaches_0.5
g0plus,val32,15,2,5054,4,235,14,0.003367003367003367,2,False,0.8420194387435913,True,0.003367003367003367,14,no_mask_reaches_0.5
g0plus,val32,15,2,7032,6,456,92,0.08403605699331201,2,False,0.9016754627227783,True,0.08403605699331201,92,no_mask_reaches_0.5
g0plus,val32,15,2,7033,6,4238,92,0.18416903185115105,2,False,0.9016754627227783,True,0.18416903185115105,92,no_mask_reaches_0.5
g0plus,val32,15,2,7035,6,24767,65,0.3239376162541136,2,False,0.9148428440093994,True,0.3239376162541136,65,no_mask_reaches_0.5
g0plus,val32,15,3,5001,4,717,92,0.012093905620109082,2,False,0.9016754627227783,True,0.012093905620109082,92,no_mask_reaches_0.5
g0plus,val32,15,3,5002,4,662,,0.0,,False,,False,0.0,,no_mask_reaches_0.5
g0plus,val32,15,3,5018,4,2620,65,0.07937771345875543,2,False,0.9148428440093994,True,0.07937771345875543,65,no_mask_reaches_0.5
g0plus,val32,15,3,5027,4,1678,62,0.20182094081942337,14,False,0.8552039265632629,True,0.20182094081942337,62,no_mask_reaches_0.5
g0plus,val32,15,3,5031,4,428,92,0.12052942833004787,2,False,0.9016754627227783,True,0.12052942833004787,92,no_mask_reaches_0.5
g0plus,val32,15,3,5053,4,1949,92,0.02631087889531629,2,False,0.9016754627227783,True,0.02631087889531629,92,no_mask_reaches_0.5
g0plus,val32,15,3,5054,4,133,,0.0,,False,,False,0.0,,no_mask_reaches_0.5
g0plus,val32,15,3,7032,6,511,92,0.08900804289544235,2,False,0.9016754627227783,True,0.08900804289544235,92,no_mask_reaches_0.5
g0plus,val32,15,3,7033,6,4485,92,0.1885815707735542,2,False,0.9016754627227783,True,0.1885815707735542,92,no_mask_reaches_0.5
g0plus,val32,15,3,7035,6,25126,65,0.32092054639793866,2,False,0.9148428440093994,True,0.32092054639793866,65,no_mask_reaches_0.5
g0plus,val32,15,4,5001,4,714,92,0.006010928961748634,2,False,0.9016754627227783,True,0.006010928961748634,92,no_mask_reaches_0.5
g0plus,val32,15,4,5002,4,707,,0.0,,False,,False,0.0,,no_mask_reaches_0.5
g0plus,val32,15,4,5018,4,2819,65,0.08123229461756373,2,False,0.9148428440093994,True,0.08123229461756373,65,no_mask_reaches_0.5
g0plus,val32,15,4,5027,4,1689,62,0.22381930184804927,14,False,0.8552039265632629,True,0.22381930184804927,62,no_mask_reaches_0.5
g0plus,val32,15,4,5031,4,809,92,0.1682262424620503,2,False,0.9016754627227783,True,0.1682262424620503,92,no_mask_reaches_0.5
g0plus,val32,15,4,5053,4,2931,92,0.030488616695513247,2,False,0.9016754627227783,True,0.030488616695513247,92,no_mask_reaches_0.5
g0plus,val32,15,4,7032,6,648,92,0.10020161290322581,2,False,0.9016754627227783,True,0.10020161290322581,92,no_mask_reaches_0.5
g0plus,val32,15,4,7033,6,4847,92,0.19593757740896706,2,False,0.9016754627227783,True,0.19593757740896706,92,no_mask_reaches_0.5
g0plus,val32,15,4,7035,6,24380,65,0.33150150041577786,2,False,0.9148428440093994,True,0.33150150041577786,65,no_mask_reaches_0.5
g0plus,val32,15,5,5001,4,774,92,0.008919623170976148,2,False,0.9016754627227783,True,0.008919623170976148,92,no_mask_reaches_0.5
g0plus,val32,15,5,5002,4,793,65,0.00713334601483736,2,False,0.9148428440093994,True,0.00713334601483736,65,no_mask_reaches_0.5
g0plus,val32,15,5,5013,4,869,92,0.06174903353881517,2,False,0.9016754627227783,True,0.06174903353881517,92,no_mask_reaches_0.5
g0plus,val32,15,5,5018,4,2738,65,0.0820096685082873,2,False,0.9148428440093994,True,0.0820096685082873,65,no_mask_reaches_0.5
g0plus,val32,15,5,5020,4,6,,0.0,,False,,False,0.0,,no_mask_reaches_0.5
g0plus,val32,15,5,5027,4,2446,62,0.1959383226776984,14,False,0.8552039265632629,True,0.1959383226776984,62,no_mask_reaches_0.5
g0plus,val32,15,5,5030,4,273,92,0.02937695039276875,2,False,0.9016754627227783,True,0.02937695039276875,92,no_mask_reaches_0.5
g0plus,val32,15,5,5031,4,1023,92,0.11008285806521037,2,False,0.9016754627227783,True,0.11008285806521037,92,no_mask_reaches_0.5
g0plus,val32,15,5,5053,4,4156,90,0.0009279307145066501,6,False,0.7759186625480652,True,0.0009279307145066501,90,no_mask_reaches_0.5
g0plus,val32,15,5,7032,6,1452,92,0.13535502958579881,2,False,0.9016754627227783,True,0.13535502958579881,92,no_mask_reaches_0.5
g0plus,val32,15,5,7033,6,5514,92,0.18465477238179054,2,False,0.9016754627227783,True,0.18465477238179054,92,no_mask_reaches_0.5
g0plus,val32,15,5,7035,6,11416,65,0.46917855658678487,2,False,0.9148428440093994,True,0.46917855658678487,65,no_mask_reaches_0.5
g0plus,val32,15,5,7037,6,24,,0.0,,False,,False,0.0,,no_mask_reaches_0.5
g0plus,val32,16,0,5020,4,1096,65,0.14655172413793102,6,False,0.929373562335968,True,0.14655172413793102,65,no_mask_reaches_0.5
g0plus,val32,16,0,5021,4,1230,65,0.4543069523393091,6,False,0.929373562335968,True,0.4543069523393091,65,no_mask_reaches_0.5
g0plus,val32,16,0,5022,4,764,,0.0,,False,,False,0.0,,no_mask_reaches_0.5
g0plus,val32,16,0,5023,4,1732,92,0.017691737680622453,4,True,0.9465410709381104,True,0.017691737680622453,92,no_mask_reaches_0.5
g0plus,val32,16,0,5025,4,327,92,0.018711460769721456,4,True,0.9465410709381104,True,0.018711460769721456,92,no_mask_reaches_0.5
g0plus,val32,16,0,5030,4,465,14,0.43198338525441327,4,True,0.8207913041114807,True,0.43198338525441327,14,no_mask_reaches_0.5
g0plus,val32,16,0,7037,6,1930,,0.0,,False,,False,0.0,,no_mask_reaches_0.5
g0plus,val32,16,0,7038,6,8339,92,0.8203828246249353,4,False,0.9465410709381104,True,0.8203828246249353,92,reader_true_positive
g0plus,val32,16,1,5021,4,1024,65,0.6501818181818182,6,False,0.929373562335968,True,0.6501818181818182,65,reader_true_positive
g0plus,val32,16,1,5022,4,796,,0.0,,False,,False,0.0,,no_mask_reaches_0.5
g0plus,val32,16,1,5023,4,1848,92,0.002258586891673059,4,True,0.9465410709381104,True,0.002258586891673059,92,no_mask_reaches_0.5
g0plus,val32,16,1,5025,4,2029,92,0.06877113866967305,4,True,0.9465410709381104,True,0.06877113866967305,92,no_mask_reaches_0.5
g0plus,val32,16,1,7037,6,889,65,0.0014077897700610043,6,True,0.929373562335968,True,0.0014077897700610043,65,no_mask_reaches_0.5
g0plus,val32,16,1,7038,6,19607,92,0.7106506423539163,4,False,0.9465410709381104,True,0.7106506423539163,92,reader_true_positive
g0plus,val32,16,2,5020,4,1135,65,0.13738580463808855,6,False,0.929373562335968,True,0.13738580463808855,65,no_mask_reaches_0.5
g0plus,val32,16,2,5021,4,1170,65,0.4426807760141093,6,False,0.929373562335968,True,0.4426807760141093,65,no_mask_reaches_0.5
g0plus,val32,16,2,5022,4,688,,0.0,,False,,False,0.0,,no_mask_reaches_0.5
g0plus,val32,16,2,5023,4,1671,92,0.010230638068742708,4,True,0.9465410709381104,True,0.010230638068742708,92,no_mask_reaches_0.5
g0plus,val32,16,2,5025,4,455,92,0.020115818348064616,4,True,0.9465410709381104,True,0.020115818348064616,92,no_mask_reaches_0.5
g0plus,val32,16,2,5030,4,441,14,0.4569460390355913,4,True,0.8207913041114807,True,0.4569460390355913,14,no_mask_reaches_0.5
g0plus,val32,16,2,7037,6,1990,14,0.0003549875754348598,4,False,0.8207913041114807,True,0.0003549875754348598,14,no_mask_reaches_0.5
g0plus,val32,16,2,7038,6,9067,92,0.834841628959276,4,False,0.9465410709381104,True,0.834841628959276,92,reader_true_positive
g0plus,val32,16,3,5020,4,1157,65,0.13423517169614985,6,False,0.929373562335968,True,0.13423517169614985,65,no_mask_reaches_0.5
g0plus,val32,16,3,5021,4,1168,65,0.4504862953138815,6,False,0.929373562335968,True,0.4504862953138815,65,no_mask_reaches_0.5
g0plus,val32,16,3,5022,4,724,,0.0,,False,,False,0.0,,no_mask_reaches_0.5
g0plus,val32,16,3,5023,4,1716,92,0.009642560266001663,4,True,0.9465410709381104,True,0.009642560266001663,92,no_mask_reaches_0.5
g0plus,val32,16,3,5025,4,600,92,0.025569502556950254,4,True,0.9465410709381104,True,0.025569502556950254,92,no_mask_reaches_0.5
g0plus,val32,16,3,5030,4,346,14,0.5334507042253521,4,True,0.8207913041114807,True,0.5334507042253521,14,reader_true_positive
g0plus,val32,16,3,7037,6,1893,,0.0,,False,,False,0.0,,no_mask_reaches_0.5
g0plus,val32,16,3,7038,6,9842,92,0.8382299601015597,4,False,0.9465410709381104,True,0.8382299601015597,92,reader_true_positive
g0plus,val32,16,4,5020,4,1155,65,0.13795493934142114,6,False,0.929373562335968,True,0.13795493934142114,65,no_mask_reaches_0.5
g0plus,val32,16,4,5021,4,1197,65,0.4647577092511013,6,False,0.929373562335968,True,0.4647577092511013,65,no_mask_reaches_0.5
g0plus,val32,16,4,5022,4,729,,0.0,,False,,False,0.0,,no_mask_reaches_0.5
g0plus,val32,16,4,5023,4,1630,92,0.006578481997594964,4,True,0.9465410709381104,True,0.006578481997594964,92,no_mask_reaches_0.5
g0plus,val32,16,4,5025,4,1299,92,0.06907160987616337,4,True,0.9465410709381104,True,0.06907160987616337,92,no_mask_reaches_0.5
g0plus,val32,16,4,5030,4,114,14,0.5116279069767442,4,True,0.8207913041114807,True,0.5116279069767442,14,reader_true_positive
g0plus,val32,16,4,7037,6,1796,,0.0,,False,,False,0.0,,no_mask_reaches_0.5
g0plus,val32,16,4,7038,6,11471,92,0.8103941034897714,4,False,0.9465410709381104,True,0.8103941034897714,92,reader_true_positive
g0plus,val32,16,5,5020,4,1093,65,0.13452757288373726,6,False,0.929373562335968,True,0.13452757288373726,65,no_mask_reaches_0.5
g0plus,val32,16,5,5021,4,1186,65,0.45236013986013984,6,False,0.929373562335968,True,0.45236013986013984,65,no_mask_reaches_0.5
g0plus,val32,16,5,5022,4,725,,0.0,,False,,False,0.0,,no_mask_reaches_0.5
g0plus,val32,16,5,5023,4,1612,92,0.005381104829371296,4,True,0.9465410709381104,True,0.005381104829371296,92,no_mask_reaches_0.5
g0plus,val32,16,5,5025,4,1493,92,0.0798790382062251,4,True,0.9465410709381104,True,0.0798790382062251,92,no_mask_reaches_0.5
g0plus,val32,16,5,5030,4,64,,0.0,,False,,False,0.0,,no_mask_reaches_0.5
g0plus,val32,16,5,7037,6,1753,,0.0,,False,,False,0.0,,no_mask_reaches_0.5
g0plus,val32,16,5,7038,6,11978,92,0.8019219736087206,4,False,0.9465410709381104,True,0.8019219736087206,92,reader_true_positive
g0plus,val32,17,0,5028,4,4284,62,0.08385172019804495,4,True,0.9412331581115723,True,0.08385172019804495,62,no_mask_reaches_0.5
g0plus,val32,17,0,7034,6,11075,92,0.666217914198528,12,False,0.9423179626464844,True,0.666217914198528,92,reader_true_positive
g0plus,val32,17,1,5017,4,4184,90,0.242263483642794,4,True,0.9021229147911072,True,0.242263483642794,90,no_mask_reaches_0.5
g0plus,val32,17,1,5028,4,618,62,0.04418035017690284,4,True,0.9412331581115723,True,0.04418035017690284,62,no_mask_reaches_0.5
g0plus,val32,17,1,5050,4,383,,0.0,,False,,False,0.0,,no_mask_reaches_0.5
g0plus,val32,17,1,5054,4,1188,92,0.014067903175102169,12,False,0.9423179626464844,True,0.014067903175102169,92,no_mask_reaches_0.5
g0plus,val32,17,1,7034,6,22176,92,0.4350863821138211,12,False,0.9423179626464844,True,0.4350863821138211,92,no_mask_reaches_0.5
g0plus,val32,17,1,7035,6,3098,92,0.0659902130109384,12,False,0.9423179626464844,True,0.0659902130109384,92,no_mask_reaches_0.5
g0plus,val32,17,2,5028,4,4280,62,0.0836453639652218,4,True,0.9412331581115723,True,0.0836453639652218,62,no_mask_reaches_0.5
g0plus,val32,17,2,5050,4,5,,0.0,,False,,False,0.0,,no_mask_reaches_0.5
g0plus,val32,17,2,7034,6,11419,92,0.6649547353760445,12,False,0.9423179626464844,True,0.6649547353760445,92,reader_true_positive
g0plus,val32,17,3,5028,4,4312,62,0.08395155665461924,4,True,0.9412331581115723,True,0.08395155665461924,62,no_mask_reaches_0.5
g0plus,val32,17,3,5050,4,24,,0.0,,False,,False,0.0,,no_mask_reaches_0.5
g0plus,val32,17,3,7034,6,11868,92,0.667644347607475,12,False,0.9423179626464844,True,0.667644347607475,92,reader_true_positive
g0plus,val32,17,4,5028,4,4367,62,0.07794988036771187,4,True,0.9412331581115723,True,0.07794988036771187,62,no_mask_reaches_0.5
g0plus,val32,17,4,5050,4,386,,0.0,,False,,False,0.0,,no_mask_reaches_0.5
g0plus,val32,17,4,7034,6,14331,92,0.6743732590529248,12,False,0.9423179626464844,True,0.6743732590529248,92,reader_true_positive
g0plus,val32,17,5,5028,4,4374,62,0.07628076343545957,4,True,0.9412331581115723,True,0.07628076343545957,62,no_mask_reaches_0.5
g0plus,val32,17,5,5050,4,450,,0.0,,False,,False,0.0,,no_mask_reaches_0.5
g0plus,val32,17,5,7034,6,14949,92,0.6636418229131914,12,False,0.9423179626464844,True,0.6636418229131914,92,reader_true_positive
g0plus,val32,18,0,5022,4,2319,92,0.13121434392828035,13,False,0.914324939250946,True,0.13121434392828035,92,no_mask_reaches_0.5
g0plus,val32,18,0,5024,4,6697,62,0.04228088810590948,19,False,0.8878421783447266,True,0.04228088810590948,62,no_mask_reaches_0.5
g0plus,val32,18,0,6004,5,23791,62,0.4635671977124183,19,False,0.8878421783447266,True,0.4635671977124183,62,no_mask_reaches_0.5
g0plus,val32,18,1,5001,4,7939,22,0.17877127535556073,3,False,0.9024527072906494,True,0.17877127535556073,22,no_mask_reaches_0.5
g0plus,val32,18,1,5024,4,13300,22,0.07722105263157895,3,False,0.9024527072906494,True,0.07722105263157895,22,no_mask_reaches_0.5
g0plus,val32,18,1,6004,5,8143,62,0.41159841075794623,19,False,0.8878421783447266,True,0.41159841075794623,62,no_mask_reaches_0.5
g0plus,val32,18,2,5022,4,2117,92,0.12833486660533577,13,False,0.914324939250946,True,0.12833486660533577,92,no_mask_reaches_0.5
g0plus,val32,18,2,5024,4,6910,62,0.042436047266588756,19,False,0.8878421783447266,True,0.042436047266588756,62,no_mask_reaches_0.5
g0plus,val32,18,2,6004,5,23650,62,0.46237305566268155,19,False,0.8878421783447266,True,0.46237305566268155,62,no_mask_reaches_0.5
g0plus,val32,18,3,5022,4,1637,92,0.08430054978619425,13,False,0.914324939250946,True,0.08430054978619425,92,no_mask_reaches_0.5
g0plus,val32,18,3,5024,4,7410,62,0.045163314940244254,19,False,0.8878421783447266,True,0.045163314940244254,62,no_mask_reaches_0.5
g0plus,val32,18,3,6004,5,23239,62,0.45884536945040005,19,False,0.8878421783447266,True,0.45884536945040005,62,no_mask_reaches_0.5
g0plus,val32,18,4,5022,4,311,62,0.005606373561522573,19,False,0.8878421783447266,True,0.005606373561522573,62,no_mask_reaches_0.5
g0plus,val32,18,4,5024,4,9085,62,0.04753558529849161,19,False,0.8878421783447266,True,0.04753558529849161,62,no_mask_reaches_0.5
g0plus,val32,18,4,6004,5,21550,62,0.4529500671742051,19,False,0.8878421783447266,True,0.4529500671742051,62,no_mask_reaches_0.5
g0plus,val32,18,5,5022,4,205,62,0.004576888384057729,19,False,0.8878421783447266,True,0.004576888384057729,62,no_mask_reaches_0.5
g0plus,val32,18,5,5024,4,9491,62,0.04739853626081171,19,False,0.8878421783447266,True,0.04739853626081171,62,no_mask_reaches_0.5
g0plus,val32,18,5,6004,5,21097,62,0.45240538075695397,19,False,0.8878421783447266,True,0.45240538075695397,62,no_mask_reaches_0.5
g0plus,val32,19,0,5022,4,853,62,0.012631524117095531,19,False,0.8717505931854248,True,0.012631524117095531,62,no_mask_reaches_0.5
g0plus,val32,19,0,5024,4,8332,62,0.08012394864984507,19,False,0.8717505931854248,True,0.08012394864984507,62,no_mask_reaches_0.5
g0plus,val32,19,0,6004,5,22327,62,0.41194497730781826,19,False,0.8717505931854248,True,0.41194497730781826,62,no_mask_reaches_0.5
g0plus,val32,19,1,5001,4,9867,22,0.31178555098308186,3,False,0.8960034251213074,True,0.31178555098308186,22,no_mask_reaches_0.5
g0plus,val32,19,1,5024,4,12987,62,0.13915273556231003,19,False,0.8717505931854248,True,0.13915273556231003,62,no_mask_reaches_0.5
g0plus,val32,19,1,6004,5,5005,62,0.292312661498708,19,False,0.8717505931854248,True,0.292312661498708,62,no_mask_reaches_0.5
g0plus,val32,19,2,5022,4,311,62,0.007658943669704623,19,False,0.8717505931854248,True,0.007658943669704623,62,no_mask_reaches_0.5
g0plus,val32,19,2,5024,4,9085,62,0.078848115378229,19,False,0.8717505931854248,True,0.078848115378229,62,no_mask_reaches_0.5
g0plus,val32,19,2,6004,5,21550,62,0.4062856449460017,19,False,0.8717505931854248,True,0.4062856449460017,62,no_mask_reaches_0.5
g0plus,val32,19,3,5022,4,90,62,0.0025473380317568143,19,False,0.8717505931854248,True,0.0025473380317568143,62,no_mask_reaches_0.5
g0plus,val32,19,3,5024,4,10107,62,0.08563100301046495,19,False,0.8717505931854248,True,0.08563100301046495,62,no_mask_reaches_0.5
g0plus,val32,19,3,6004,5,20594,62,0.41260419297802475,19,False,0.8717505931854248,True,0.41260419297802475,62,no_mask_reaches_0.5
g0plus,val32,19,4,5024,4,13381,22,0.09894212818917238,3,False,0.8960034251213074,True,0.09894212818917238,22,no_mask_reaches_0.5
g0plus,val32,19,4,6004,5,17259,62,0.37385019710906703,19,False,0.8717505931854248,True,0.37385019710906703,62,no_mask_reaches_0.5
g0plus,val32,19,5,5001,4,62,,0.0,,False,,False,0.0,,no_mask_reaches_0.5
g0plus,val32,19,5,5024,4,14047,22,0.11306621084912774,3,False,0.8960034251213074,True,0.11306621084912774,22,no_mask_reaches_0.5
g0plus,val32,19,5,6004,5,16455,62,0.37237028764601127,19,False,0.8717505931854248,True,0.37237028764601127,62,no_mask_reaches_0.5
g0plus,val32,20,0,5022,4,2319,92,0.11863024867509173,13,False,0.9140664339065552,True,0.11863024867509173,92,no_mask_reaches_0.5
g0plus,val32,20,0,5024,4,6697,62,0.04189255791030064,19,False,0.886561393737793,True,0.04189255791030064,62,no_mask_reaches_0.5
g0plus,val32,20,0,6004,5,23791,62,0.4629535002554931,19,False,0.886561393737793,True,0.4629535002554931,62,no_mask_reaches_0.5
g0plus,val32,20,1,5001,4,8304,22,0.1876888640179071,3,False,0.9015803337097168,True,0.1876888640179071,22,no_mask_reaches_0.5
g0plus,val32,20,1,5024,4,13133,22,0.07639233184597587,3,False,0.9015803337097168,True,0.07639233184597587,22,no_mask_reaches_0.5
g0plus,val32,20,1,6004,5,7581,62,0.40170170989118875,19,False,0.886561393737793,True,0.40170170989118875,62,no_mask_reaches_0.5
g0plus,val32,20,2,5022,4,2117,92,0.11775528978840846,13,False,0.9140664339065552,True,0.11775528978840846,92,no_mask_reaches_0.5
g0plus,val32,20,2,5024,4,6910,62,0.04186820616840901,19,False,0.886561393737793,True,0.04186820616840901,62,no_mask_reaches_0.5
g0plus,val32,20,2,6004,5,23650,62,0.4618730215919912,19,False,0.886561393737793,True,0.4618730215919912,62,no_mask_reaches_0.5
g0plus,val32,20,3,5022,4,1637,92,0.07208307880268784,13,False,0.9140664339065552,True,0.07208307880268784,92,no_mask_reaches_0.5
g0plus,val32,20,3,5024,4,7410,62,0.04469639443848027,19,False,0.886561393737793,True,0.04469639443848027,62,no_mask_reaches_0.5
g0plus,val32,20,3,6004,5,23239,62,0.4582875385984194,19,False,0.886561393737793,True,0.4582875385984194,62,no_mask_reaches_0.5
g0plus,val32,20,4,5022,4,311,62,0.005626110416529578,19,False,0.886561393737793,True,0.005626110416529578,62,no_mask_reaches_0.5
g0plus,val32,20,4,5024,4,9085,62,0.04702970297029703,19,False,0.886561393737793,True,0.04702970297029703,62,no_mask_reaches_0.5
g0plus,val32,20,4,6004,5,21550,62,0.4522314420273604,19,False,0.886561393737793,True,0.4522314420273604,62,no_mask_reaches_0.5
g0plus,val32,20,5,5022,4,205,62,0.004590998961160819,19,False,0.886561393737793,True,0.004590998961160819,62,no_mask_reaches_0.5
g0plus,val32,20,5,5024,4,9491,62,0.046984160844754944,19,False,0.886561393737793,True,0.046984160844754944,62,no_mask_reaches_0.5
g0plus,val32,20,5,6004,5,21097,62,0.4519765948337377,19,False,0.886561393737793,True,0.4519765948337377,62,no_mask_reaches_0.5
g0plus,val32,21,0,5001,4,7270,22,0.1754120879120879,3,False,0.8810533285140991,True,0.1754120879120879,22,no_mask_reaches_0.5
g0plus,val32,21,0,5024,4,13274,62,0.3623786479826619,19,False,0.8482159376144409,True,0.3623786479826619,62,no_mask_reaches_0.5
g0plus,val32,21,0,6004,5,9300,90,0.24171075837742503,19,False,0.8120359182357788,True,0.24171075837742503,90,no_mask_reaches_0.5
g0plus,val32,21,1,5001,4,14944,22,0.443923982869379,3,False,0.8810533285140991,True,0.443923982869379,22,no_mask_reaches_0.5
g0plus,val32,21,1,5013,4,58,14,0.005660604600746718,13,False,0.8998010158538818,True,0.005660604600746718,14,no_mask_reaches_0.5
g0plus,val32,21,1,5024,4,10576,62,0.5170532060027285,19,False,0.8482159376144409,True,0.5170532060027285,62,reader_true_positive
g0plus,val32,21,2,5001,4,8304,22,0.2481936416184971,3,False,0.8810533285140991,True,0.2481936416184971,22,no_mask_reaches_0.5
g0plus,val32,21,2,5024,4,13133,62,0.36674081644922746,19,False,0.8482159376144409,True,0.36674081644922746,62,no_mask_reaches_0.5
g0plus,val32,21,2,6004,5,7581,62,0.1589767414849444,19,False,0.8482159376144409,True,0.1589767414849444,62,no_mask_reaches_0.5
g0plus,val32,21,3,5001,4,9867,22,0.3123543123543124,3,False,0.8810533285140991,True,0.3123543123543124,22,no_mask_reaches_0.5
g0plus,val32,21,3,5024,4,12987,62,0.3881048063012377,19,False,0.8482159376144409,True,0.3881048063012377,62,no_mask_reaches_0.5
g0plus,val32,21,3,6004,5,5005,62,0.148849355312551,19,False,0.8482159376144409,True,0.148849355312551,62,no_mask_reaches_0.5
g0plus,val32,21,4,5001,4,10229,22,0.32368755499071267,3,False,0.8810533285140991,True,0.32368755499071267,22,no_mask_reaches_0.5
g0plus,val32,21,4,5024,4,12948,62,0.40154015401540155,19,False,0.8482159376144409,True,0.40154015401540155,62,no_mask_reaches_0.5
g0plus,val32,21,4,6004,5,4348,62,0.13389617875428067,19,False,0.8482159376144409,True,0.13389617875428067,62,no_mask_reaches_0.5
g0plus,val32,21,5,5001,4,12962,22,0.38782595278506404,3,False,0.8810533285140991,True,0.38782595278506404,22,no_mask_reaches_0.5
g0plus,val32,21,5,5024,4,12068,62,0.4793451522605819,19,False,0.8482159376144409,True,0.4793451522605819,62,no_mask_reaches_0.5
g0plus,val32,21,5,6004,5,582,62,0.02412117497701703,19,False,0.8482159376144409,True,0.02412117497701703,62,no_mask_reaches_0.5
g0plus,val32,22,0,5022,4,2565,92,0.15321955003878976,13,False,0.9192302227020264,True,0.15321955003878976,92,no_mask_reaches_0.5
g0plus,val32,22,0,5024,4,5142,62,0.0023426158110069948,19,False,0.8900047540664673,True,0.0023426158110069948,62,no_mask_reaches_0.5
g0plus,val32,22,0,6004,5,25682,62,0.4522560036506759,19,False,0.8900047540664673,True,0.4522560036506759,62,no_mask_reaches_0.5
g0plus,val32,22,1,5001,4,1235,22,0.020992542123193077,3,False,0.9042230844497681,True,0.020992542123193077,22,no_mask_reaches_0.5
g0plus,val32,22,1,5024,4,14474,22,0.0970913190529876,3,False,0.9042230844497681,True,0.0970913190529876,22,no_mask_reaches_0.5
g0plus,val32,22,1,6004,5,15115,62,0.39708439213588337,19,False,0.8900047540664673,True,0.39708439213588337,62,no_mask_reaches_0.5
g0plus,val32,22,2,5022,4,2777,92,0.1653682719546742,13,False,0.9192302227020264,True,0.1653682719546742,92,no_mask_reaches_0.5
g0plus,val32,22,2,5023,4,20,,0.0,,False,,False,0.0,,no_mask_reaches_0.5
g0plus,val32,22,2,5024,4,5053,62,0.003284453586357906,19,False,0.8900047540664673,True,0.003284453586357906,62,no_mask_reaches_0.5
g0plus,val32,22,2,6004,5,25730,62,0.4428858851200091,19,False,0.8900047540664673,True,0.4428858851200091,62,no_mask_reaches_0.5
g0plus,val32,22,3,5022,4,2923,92,0.17678452301534356,13,False,0.9192302227020264,True,0.17678452301534356,92,no_mask_reaches_0.5
g0plus,val32,22,3,5023,4,55,,0.0,,False,,False,0.0,,no_mask_reaches_0.5
g0plus,val32,22,3,5024,4,4996,62,0.004626701727523883,19,False,0.8900047540664673,True,0.004626701727523883,62,no_mask_reaches_0.5
g0plus,val32,22,3,6004,5,25694,62,0.43907681864464304,19,False,0.8900047540664673,True,0.43907681864464304,62,no_mask_reaches_0.5
g0plus,val32,22,4,5022,4,3236,92,0.18857475954532207,13,False,0.9192302227020264,True,0.18857475954532207,92,no_mask_reaches_0.5
g0plus,val32,22,4,5023,4,137,,0.0,,False,,False,0.0,,no_mask_reaches_0.5
g0plus,val32,22,4,5024,4,4733,62,0.006728033472803347,19,False,0.8900047540664673,True,0.006728033472803347,62,no_mask_reaches_0.5
g0plus,val32,22,4,6004,5,25615,62,0.4330549228043533,19,False,0.8900047540664673,True,0.4330549228043533,62,no_mask_reaches_0.5
g0plus,val32,22,5,5022,4,1142,62,0.002287442329314155,19,False,0.8900047540664673,True,0.002287442329314155,62,no_mask_reaches_0.5
g0plus,val32,22,5,5024,4,7910,62,0.0316908090328294,19,False,0.8900047540664673,True,0.0316908090328294,62,no_mask_reaches_0.5
g0plus,val32,22,5,6004,5,22770,62,0.4448738626335169,19,False,0.8900047540664673,True,0.4448738626335169,62,no_mask_reaches_0.5
g0plus,val32,23,0,5022,4,311,62,0.006266663001951461,19,False,0.8784781694412231,True,0.006266663001951461,62,no_mask_reaches_0.5
g0plus,val32,23,0,5024,4,9085,62,0.07941302383104219,19,False,0.8784781694412231,True,0.07941302383104219,62,no_mask_reaches_0.5
g0plus,val32,23,0,6004,5,21550,62,0.42081736909323114,19,False,0.8784781694412231,True,0.42081736909323114,62,no_mask_reaches_0.5
g0plus,val32,23,1,5001,4,7669,22,0.2045769764216366,3,False,0.8996700048446655,True,0.2045769764216366,22,no_mask_reaches_0.5
g0plus,val32,23,1,5024,4,13219,62,0.11097392693732297,19,False,0.8784781694412231,True,0.11097392693732297,62,no_mask_reaches_0.5
g0plus,val32,23,1,6004,5,8715,62,0.346650149685145,19,False,0.8784781694412231,True,0.346650149685145,62,no_mask_reaches_0.5
g0plus,val32,23,2,5022,4,29,62,0.0008347725964306276,19,False,0.8784781694412231,True,0.0008347725964306276,62,no_mask_reaches_0.5
g0plus,val32,23,2,5024,4,10684,62,0.08470043221816272,19,False,0.8784781694412231,True,0.08470043221816272,62,no_mask_reaches_0.5
g0plus,val32,23,2,6004,5,20048,62,0.411370720523455,19,False,0.8784781694412231,True,0.411370720523455,62,no_mask_reaches_0.5
g0plus,val32,23,3,5001,4,62,,0.0,,False,,False,0.0,,no_mask_reaches_0.5
g0plus,val32,23,3,5024,4,14047,62,0.07706177291476277,19,False,0.8784781694412231,True,0.07706177291476277,62,no_mask_reaches_0.5
g0plus,val32,23,3,6004,5,16455,62,0.3828284649597307,19,False,0.8784781694412231,True,0.3828284649597307,62,no_mask_reaches_0.5
g0plus,val32,23,4,5001,4,545,,0.0,,False,,False,0.0,,no_mask_reaches_0.5
g0plus,val32,23,4,5024,4,14435,62,0.08189873417721519,19,False,0.8784781694412231,True,0.08189873417721519,62,no_mask_reaches_0.5
g0plus,val32,23,4,6004,5,15722,62,0.38008652580099067,19,False,0.8784781694412231,True,0.38008652580099067,62,no_mask_reaches_0.5
g0plus,val32,23,5,5001,4,5818,22,0.13511103183804513,3,False,0.8996700048446655,True,0.13511103183804513,22,no_mask_reaches_0.5
g0plus,val32,23,5,5024,4,13615,62,0.09943181818181818,19,False,0.8784781694412231,True,0.09943181818181818,62,no_mask_reaches_0.5
g0plus,val32,23,5,6004,5,11169,62,0.3631924566425324,19,False,0.8784781694412231,True,0.3631924566425324,62,no_mask_reaches_0.5
g0plus,val32,24,0,5004,4,2321,57,0.07317891910036925,13,False,0.8544613122940063,True,0.07317891910036925,57,no_mask_reaches_0.5
g0plus,val32,24,0,5022,4,1169,62,0.0001374570446735395,12,False,0.8574356436729431,True,0.0001374570446735395,62,no_mask_reaches_0.5
g0plus,val32,24,0,5025,4,6863,22,0.2992262219445379,3,False,0.867870569229126,True,0.2992262219445379,22,no_mask_reaches_0.5
g0plus,val32,24,0,6010,5,15247,62,0.37498799346844686,12,False,0.8574356436729431,True,0.37498799346844686,62,no_mask_reaches_0.5
g0plus,val32,24,1,5004,4,3554,57,0.17325227963525835,13,False,0.8544613122940063,True,0.17325227963525835,57,no_mask_reaches_0.5
g0plus,val32,24,1,5022,4,1426,,0.0,,False,,False,0.0,,no_mask_reaches_0.5
g0plus,val32,24,1,6010,5,7224,62,0.5508021390374331,12,False,0.8574356436729431,True,0.5508021390374331,62,reader_true_positive
g0plus,val32,24,2,5004,4,3939,57,0.158004158004158,13,False,0.8544613122940063,True,0.158004158004158,57,no_mask_reaches_0.5
g0plus,val32,24,2,5022,4,1698,92,0.0029081844619858743,13,False,0.9103388786315918,True,0.0029081844619858743,92,no_mask_reaches_0.5
g0plus,val32,24,2,5025,4,4008,22,0.250401800064288,3,False,0.867870569229126,True,0.250401800064288,22,no_mask_reaches_0.5
g0plus,val32,24,2,6010,5,14972,62,0.3678614971958059,12,False,0.8574356436729431,True,0.3678614971958059,62,no_mask_reaches_0.5
g0plus,val32,24,3,5004,4,3687,57,0.16608771168041686,13,False,0.8544613122940063,True,0.16608771168041686,57,no_mask_reaches_0.5
g0plus,val32,24,3,5022,4,1517,92,9.642271719217047e-05,13,False,0.9103388786315918,True,9.642271719217047e-05,92,no_mask_reaches_0.5
g0plus,val32,24,3,5025,4,1165,22,0.04425162689804772,3,False,0.867870569229126,True,0.04425162689804772,22,no_mask_reaches_0.5
g0plus,val32,24,3,6010,5,14311,62,0.3832,12,False,0.8574356436729431,True,0.3832,62,no_mask_reaches_0.5
g0plus,val32,24,4,5004,4,3707,57,0.17218274111675128,13,False,0.8544613122940063,True,0.17218274111675128,57,no_mask_reaches_0.5
g0plus,val32,24,4,5022,4,1489,92,0.0001868460388639761,13,False,0.9103388786315918,True,0.0001868460388639761,92,no_mask_reaches_0.5
g0plus,val32,24,4,5025,4,845,62,0.026467203682393557,12,False,0.8574356436729431,True,0.026467203682393557,62,no_mask_reaches_0.5
g0plus,val32,24,4,6010,5,14249,62,0.39054413907451135,12,False,0.8574356436729431,True,0.39054413907451135,62,no_mask_reaches_0.5
g0plus,val32,24,5,5004,4,3476,57,0.15507246376811595,13,False,0.8544613122940063,True,0.15507246376811595,57,no_mask_reaches_0.5
g0plus,val32,24,5,5022,4,1405,,0.0,,False,,False,0.0,,no_mask_reaches_0.5
g0plus,val32,24,5,6010,5,8027,62,0.5642306439352807,12,False,0.8574356436729431,True,0.5642306439352807,62,reader_true_positive
g0plus,val32,25,0,5004,4,3259,57,0.11669753903148981,13,False,0.8581528067588806,True,0.11669753903148981,57,no_mask_reaches_0.5
g0plus,val32,25,0,5022,4,1685,,0.0,,False,,False,0.0,,no_mask_reaches_0.5
g0plus,val32,25,0,5025,4,5632,22,0.27404267757965506,3,False,0.8686457872390747,True,0.27404267757965506,22,no_mask_reaches_0.5
g0plus,val32,25,0,6010,5,15600,62,0.3389711417816813,14,False,0.8573204278945923,True,0.3389711417816813,62,no_mask_reaches_0.5
g0plus,val32,25,1,5004,4,2974,57,0.13593213492223793,13,False,0.8581528067588806,True,0.13593213492223793,57,no_mask_reaches_0.5
g0plus,val32,25,1,5022,4,991,92,0.0010602409638554217,13,False,0.9088072776794434,True,0.0010602409638554217,92,no_mask_reaches_0.5
g0plus,val32,25,1,6010,5,4508,62,0.4572991165334455,14,False,0.8573204278945923,True,0.4572991165334455,62,no_mask_reaches_0.5
g0plus,val32,25,2,5004,4,3949,57,0.15912602074597218,13,False,0.8581528067588806,True,0.15912602074597218,57,no_mask_reaches_0.5
g0plus,val32,25,2,5022,4,1708,92,0.008437394532568343,13,False,0.9088072776794434,True,0.008437394532568343,92,no_mask_reaches_0.5
g0plus,val32,25,2,5025,4,4491,22,0.2566955324883868,3,False,0.8686457872390747,True,0.2566955324883868,22,no_mask_reaches_0.5
g0plus,val32,25,2,6010,5,15241,62,0.34190573770491806,14,False,0.8573204278945923,True,0.34190573770491806,62,no_mask_reaches_0.5
g0plus,val32,25,3,5004,4,3939,57,0.16919461653492843,13,False,0.8581528067588806,True,0.16919461653492843,57,no_mask_reaches_0.5
g0plus,val32,25,3,5022,4,1698,92,0.012041744715012041,13,False,0.9088072776794434,True,0.012041744715012041,92,no_mask_reaches_0.5
g0plus,val32,25,3,5025,4,4008,22,0.2507734074120841,3,False,0.8686457872390747,True,0.2507734074120841,22,no_mask_reaches_0.5
g0plus,val32,25,3,6010,5,14972,62,0.3496219035202086,14,False,0.8573204278945923,True,0.3496219035202086,62,no_mask_reaches_0.5
g0plus,val32,25,4,5004,4,3649,57,0.1411424761058013,13,False,0.8581528067588806,True,0.1411424761058013,57,no_mask_reaches_0.5
g0plus,val32,25,4,5022,4,1633,92,0.003818980332251289,13,False,0.9088072776794434,True,0.003818980332251289,92,no_mask_reaches_0.5
g0plus,val32,25,4,5025,4,2680,22,0.2315270935960591,3,False,0.8686457872390747,True,0.2315270935960591,22,no_mask_reaches_0.5
g0plus,val32,25,4,6010,5,14757,62,0.3641821176220581,14,False,0.8573204278945923,True,0.3641821176220581,62,no_mask_reaches_0.5
g0plus,val32,25,5,5004,4,3688,57,0.15819209039548024,13,False,0.8581528067588806,True,0.15819209039548024,57,no_mask_reaches_0.5
g0plus,val32,25,5,5022,4,1448,92,0.0025570215812621457,13,False,0.9088072776794434,True,0.0025570215812621457,92,no_mask_reaches_0.5
g0plus,val32,25,5,5025,4,476,22,0.0930795847750865,3,False,0.8686457872390747,True,0.0930795847750865,22,no_mask_reaches_0.5
g0plus,val32,25,5,6010,5,13799,62,0.38446969696969696,14,False,0.8573204278945923,True,0.38446969696969696,62,no_mask_reaches_0.5
g0plus,val32,26,0,5004,4,3512,14,0.09905303030303031,13,False,0.8521429896354675,True,0.09905303030303031,14,no_mask_reaches_0.5
g0plus,val32,26,0,5022,4,1370,22,0.06823784636623607,7,False,0.8460104465484619,True,0.06823784636623607,22,no_mask_reaches_0.5
g0plus,val32,26,0,6010,5,8385,22,0.3939393939393939,7,False,0.8460104465484619,True,0.3939393939393939,22,no_mask_reaches_0.5
g0plus,val32,26,1,5004,4,282,65,0.015551756466111509,2,False,0.9153691530227661,True,0.015551756466111509,65,no_mask_reaches_0.5
g0plus,val32,26,1,5022,4,75,65,0.004136105443114763,2,False,0.9153691530227661,True,0.004136105443114763,65,no_mask_reaches_0.5
g0plus,val32,26,1,6010,5,498,65,0.014428835892409888,2,False,0.9153691530227661,True,0.014428835892409888,65,no_mask_reaches_0.5
g0plus,val32,26,2,5004,4,3476,14,0.1031936127744511,13,False,0.8521429896354675,True,0.1031936127744511,14,no_mask_reaches_0.5
g0plus,val32,26,2,5022,4,1405,22,0.07278546355564733,7,False,0.8460104465484619,True,0.07278546355564733,22,no_mask_reaches_0.5
g0plus,val32,26,2,6010,5,8027,22,0.4109305025709073,7,False,0.8460104465484619,True,0.4109305025709073,22,no_mask_reaches_0.5
g0plus,val32,26,3,5004,4,3554,14,0.11693548387096774,13,False,0.8521429896354675,True,0.11693548387096774,14,no_mask_reaches_0.5
g0plus,val32,26,3,5022,4,1426,22,0.08665716999050332,7,False,0.8460104465484619,True,0.08665716999050332,22,no_mask_reaches_0.5
g0plus,val32,26,3,6010,5,7224,22,0.41363335539377893,7,False,0.8460104465484619,True,0.41363335539377893,22,no_mask_reaches_0.5
g0plus,val32,26,4,5004,4,3595,14,0.1419753086419753,13,False,0.8521429896354675,True,0.1419753086419753,14,no_mask_reaches_0.5
g0plus,val32,26,4,5022,4,1432,22,0.11375542583445591,7,False,0.8460104465484619,True,0.11375542583445591,22,no_mask_reaches_0.5
g0plus,val32,26,4,6010,5,6077,22,0.4235571260306243,7,False,0.8460104465484619,True,0.4235571260306243,22,no_mask_reaches_0.5
g0plus,val32,26,5,5004,4,3617,14,0.14070749736008448,13,False,0.8521429896354675,True,0.14070749736008448,14,no_mask_reaches_0.5
g0plus,val32,26,5,5022,4,1425,22,0.11816745655608214,7,False,0.8460104465484619,True,0.11816745655608214,22,no_mask_reaches_0.5
g0plus,val32,26,5,6010,5,5820,22,0.41659464131374246,7,False,0.8460104465484619,True,0.41659464131374246,22,no_mask_reaches_0.5
g0plus,val32,27,0,5004,4,3527,57,0.20004873294346978,13,False,0.8475428819656372,True,0.20004873294346978,57,no_mask_reaches_0.5
g0plus,val32,27,0,5022,4,1561,92,0.05142140468227425,13,False,0.8904100656509399,True,0.05142140468227425,92,no_mask_reaches_0.5
g0plus,val32,27,0,5025,4,1691,22,0.0710743106926698,7,False,0.8537843227386475,True,0.0710743106926698,22,no_mask_reaches_0.5
g0plus,val32,27,0,6010,5,14566,62,0.23528673610239678,14,False,0.8230096101760864,True,0.23528673610239678,62,no_mask_reaches_0.5
g0plus,val32,27,1,5004,4,1840,57,0.12927636764937728,13,False,0.8475428819656372,True,0.12927636764937728,57,no_mask_reaches_0.5
g0plus,val32,27,1,5022,4,724,92,0.015617294098306757,13,False,0.8904100656509399,True,0.015617294098306757,92,no_mask_reaches_0.5
g0plus,val32,27,1,6010,5,2602,62,0.24327440430438124,14,False,0.8230096101760864,True,0.24327440430438124,62,no_mask_reaches_0.5
g0plus,val32,27,2,5004,4,3687,57,0.21301903114186851,13,False,0.8475428819656372,True,0.21301903114186851,57,no_mask_reaches_0.5
g0plus,val32,27,2,5022,4,1517,92,0.05175363558597092,13,False,0.8904100656509399,True,0.05175363558597092,92,no_mask_reaches_0.5
g0plus,val32,27,2,5025,4,1165,22,0.05454119850187266,7,False,0.8537843227386475,True,0.05454119850187266,22,no_mask_reaches_0.5
g0plus,val32,27,2,6010,5,14311,62,0.23585266377772113,14,False,0.8230096101760864,True,0.23585266377772113,62,no_mask_reaches_0.5
g0plus,val32,27,3,5004,4,3690,57,0.18114389319268173,13,False,0.8475428819656372,True,0.18114389319268173,57,no_mask_reaches_0.5
g0plus,val32,27,3,5022,4,1442,92,0.05006705409029951,13,False,0.8904100656509399,True,0.05006705409029951,92,no_mask_reaches_0.5
g0plus,val32,27,3,5025,4,320,22,0.01792817524791305,7,False,0.8537843227386475,True,0.01792817524791305,22,no_mask_reaches_0.5
g0plus,val32,27,3,6010,5,13638,62,0.24539385847797063,14,False,0.8230096101760864,True,0.24539385847797063,62,no_mask_reaches_0.5
g0plus,val32,27,4,5004,4,3508,57,0.17146059021292492,13,False,0.8475428819656372,True,0.17146059021292492,57,no_mask_reaches_0.5
g0plus,val32,27,4,5022,4,1394,92,0.014548981571290009,13,False,0.8904100656509399,True,0.014548981571290009,92,no_mask_reaches_0.5
g0plus,val32,27,4,6010,5,10981,62,0.33510771022207436,14,False,0.8230096101760864,True,0.33510771022207436,62,no_mask_reaches_0.5
g0plus,val32,27,5,5004,4,3502,57,0.1711459499813363,13,False,0.8475428819656372,True,0.1711459499813363,57,no_mask_reaches_0.5
g0plus,val32,27,5,5022,4,1448,92,0.013613290263036456,13,False,0.8904100656509399,True,0.013613290263036456,92,no_mask_reaches_0.5
g0plus,val32,27,5,6010,5,10616,62,0.3454483113320761,14,False,0.8230096101760864,True,0.3454483113320761,62,no_mask_reaches_0.5
g0plus,val32,28,0,5004,4,3888,57,0.2769540085448605,13,False,0.8607994914054871,True,0.2769540085448605,57,no_mask_reaches_0.5
g0plus,val32,28,0,5022,4,1622,92,0.012550066755674232,13,False,0.9044995903968811,True,0.012550066755674232,92,no_mask_reaches_0.5
g0plus,val32,28,0,5025,4,3532,22,0.15629010133191734,7,False,0.8620469570159912,True,0.15629010133191734,22,no_mask_reaches_0.5
g0plus,val32,28,0,6010,5,14847,62,0.30806619604212476,14,False,0.8446767926216125,True,0.30806619604212476,62,no_mask_reaches_0.5
g0plus,val32,28,2,5004,4,3649,57,0.2635135135135135,13,False,0.8607994914054871,True,0.2635135135135135,57,no_mask_reaches_0.5
g0plus,val32,28,2,5022,4,1633,92,0.01456082667919211,13,False,0.9044995903968811,True,0.01456082667919211,92,no_mask_reaches_0.5
g0plus,val32,28,2,5025,4,2680,22,0.1340871566518237,7,False,0.8620469570159912,True,0.1340871566518237,22,no_mask_reaches_0.5
g0plus,val32,28,2,6010,5,14757,62,0.3152224824355972,14,False,0.8446767926216125,True,0.3152224824355972,62,no_mask_reaches_0.5
g0plus,val32,28,3,5004,4,3625,57,0.248565965583174,13,False,0.8607994914054871,True,0.248565965583174,57,no_mask_reaches_0.5
g0plus,val32,28,3,5022,4,1617,92,0.017990654205607477,13,False,0.9044995903968811,True,0.017990654205607477,92,no_mask_reaches_0.5
g0plus,val32,28,3,5025,4,2360,22,0.1267794789148536,7,False,0.8620469570159912,True,0.1267794789148536,22,no_mask_reaches_0.5
g0plus,val32,28,3,6010,5,14679,62,0.315953627964456,14,False,0.8446767926216125,True,0.315953627964456,62,no_mask_reaches_0.5
g0plus,val32,28,4,5004,4,3594,57,0.24769647696476965,13,False,0.8607994914054871,True,0.24769647696476965,57,no_mask_reaches_0.5
g0plus,val32,28,4,5022,4,1604,92,0.011916110581506196,13,False,0.9044995903968811,True,0.011916110581506196,92,no_mask_reaches_0.5
g0plus,val32,28,4,5025,4,1407,22,0.09391269523428114,7,False,0.8620469570159912,True,0.09391269523428114,22,no_mask_reaches_0.5
g0plus,val32,28,4,6010,5,14467,62,0.31087806612157837,14,False,0.8446767926216125,True,0.31087806612157837,62,no_mask_reaches_0.5
g0plus,val32,28,5,5004,4,3582,57,0.2073170731707317,13,False,0.8607994914054871,True,0.2073170731707317,57,no_mask_reaches_0.5
g0plus,val32,28,5,5022,4,1405,92,0.00480689540858611,13,False,0.9044995903968811,True,0.00480689540858611,92,no_mask_reaches_0.5
g0plus,val32,28,5,6010,5,12705,62,0.367686527106817,14,False,0.8446767926216125,True,0.367686527106817,62,no_mask_reaches_0.5
g0plus,val32,29,0,5025,4,12181,22,0.4241524236480807,2,False,0.8605434894561768,True,0.4241524236480807,22,no_mask_reaches_0.5
g0plus,val32,29,0,6010,5,11756,62,0.2428503759843685,12,False,0.8594194650650024,True,0.2428503759843685,62,no_mask_reaches_0.5
g0plus,val32,29,1,5004,4,3508,92,0.1463341346153846,13,False,0.916570782661438,True,0.1463341346153846,92,no_mask_reaches_0.5
g0plus,val32,29,1,5022,4,1394,92,0.02176278563656148,13,False,0.916570782661438,True,0.02176278563656148,92,no_mask_reaches_0.5
g0plus,val32,29,1,6010,5,10981,62,0.4253455590529629,12,False,0.8594194650650024,True,0.4253455590529629,62,no_mask_reaches_0.5
g0plus,val32,29,2,5025,4,11787,22,0.4005824577432618,2,False,0.8605434894561768,True,0.4005824577432618,22,no_mask_reaches_0.5
g0plus,val32,29,2,6010,5,12135,62,0.242382351247048,12,False,0.8594194650650024,True,0.242382351247048,62,no_mask_reaches_0.5
g0plus,val32,29,3,5022,4,122,,0.0,,False,,False,0.0,,no_mask_reaches_0.5
g0plus,val32,29,3,5025,4,10433,22,0.34632467938692524,2,False,0.8605434894561768,True,0.34632467938692524,22,no_mask_reaches_0.5
g0plus,val32,29,3,6010,5,13227,62,0.2401390191427153,12,False,0.8594194650650024,True,0.2401390191427153,62,no_mask_reaches_0.5
g0plus,val32,29,4,5004,4,1483,92,0.3159682899207248,13,False,0.916570782661438,True,0.3159682899207248,92,no_mask_reaches_0.5
g0plus,val32,29,4,5022,4,944,,0.0,,False,,False,0.0,,no_mask_reaches_0.5
g0plus,val32,29,4,5025,4,7927,22,0.2385205542196267,2,False,0.8605434894561768,True,0.2385205542196267,22,no_mask_reaches_0.5
g0plus,val32,29,4,6010,5,14681,62,0.20679285335220238,12,False,0.8594194650650024,True,0.20679285335220238,62,no_mask_reaches_0.5
g0plus,val32,29,5,5004,4,1854,92,0.2811478387213948,13,False,0.916570782661438,True,0.2811478387213948,92,no_mask_reaches_0.5
g0plus,val32,29,5,5022,4,972,,0.0,,False,,False,0.0,,no_mask_reaches_0.5
g0plus,val32,29,5,5025,4,7504,22,0.2063613231552163,2,False,0.8605434894561768,True,0.2063613231552163,22,no_mask_reaches_0.5
g0plus,val32,29,5,6010,5,14951,62,0.20487572659851674,12,False,0.8594194650650024,True,0.20487572659851674,62,no_mask_reaches_0.5
g0plus,val32,30,0,5014,4,2634,92,0.28860594188703886,12,False,0.932292640209198,True,0.28860594188703886,92,no_mask_reaches_0.5
g0plus,val32,30,0,9023,8,996,57,0.19353128313891835,8,True,0.8633375763893127,True,0.19353128313891835,57,no_mask_reaches_0.5
g0plus,val32,30,0,13010,12,2509,65,0.07984939995293748,2,False,0.9283673167228699,True,0.07984939995293748,65,no_mask_reaches_0.5
g0plus,val32,30,0,13011,12,964,14,0.01735700197238659,2,False,0.9066935181617737,True,0.01735700197238659,14,no_mask_reaches_0.5
g0plus,val32,30,0,20020,19,1443,62,0.18473946997823582,19,True,0.9268003106117249,True,0.18473946997823582,62,no_mask_reaches_0.5
g0plus,val32,30,0,20021,19,1119,,0.0,,False,,False,0.0,,no_mask_reaches_0.5
g0plus,val32,30,1,3017,2,1323,22,0.10823529411764705,19,False,0.9185137748718262,True,0.10823529411764705,22,no_mask_reaches_0.5
g0plus,val32,30,1,5013,4,2743,22,0.2111575115108684,19,False,0.9185137748718262,True,0.2111575115108684,22,no_mask_reaches_0.5
g0plus,val32,30,1,9022,8,525,14,0.11861726163578852,2,False,0.9066935181617737,True,0.11861726163578852,14,no_mask_reaches_0.5
g0plus,val32,30,1,13011,12,4625,22,0.0699918896999189,19,False,0.9185137748718262,True,0.0699918896999189,22,no_mask_reaches_0.5
g0plus,val32,30,2,3017,2,49,14,0.016442953020134227,2,True,0.9066935181617737,True,0.016442953020134227,14,no_mask_reaches_0.5
g0plus,val32,30,2,5014,4,2728,92,0.3125810635538262,12,False,0.932292640209198,True,0.3125810635538262,92,no_mask_reaches_0.5
g0plus,val32,30,2,9022,8,108,14,0.0358939953035894,2,False,0.9066935181617737,True,0.0358939953035894,14,no_mask_reaches_0.5
g0plus,val32,30,2,9023,8,1321,57,0.10128388017118402,8,True,0.8633375763893127,True,0.10128388017118402,57,no_mask_reaches_0.5
g0plus,val32,30,2,13010,12,2139,65,0.08327131398329612,2,False,0.9283673167228699,True,0.08327131398329612,65,no_mask_reaches_0.5
g0plus,val32,30,2,13011,12,1156,22,0.10895428929242329,19,False,0.9185137748718262,True,0.10895428929242329,22,no_mask_reaches_0.5
g0plus,val32,30,2,20020,19,417,62,0.06993124266308905,19,True,0.9268003106117249,True,0.06993124266308905,62,no_mask_reaches_0.5
g0plus,val32,30,2,20021,19,490,,0.0,,False,,False,0.0,,no_mask_reaches_0.5
g0plus,val32,30,3,3017,2,2333,22,0.11327665140614782,19,False,0.9185137748718262,True,0.11327665140614782,22,no_mask_reaches_0.5
g0plus,val32,30,3,5013,4,2233,22,0.34791666666666665,19,False,0.9185137748718262,True,0.34791666666666665,22,no_mask_reaches_0.5
g0plus,val32,30,3,5014,4,7,,0.0,,False,,False,0.0,,no_mask_reaches_0.5
g0plus,val32,30,3,9022,8,1012,14,0.07406444906444906,2,False,0.9066935181617737,True,0.07406444906444906,14,no_mask_reaches_0.5
g0plus,val32,30,3,9023,8,879,57,0.05248868778280543,8,True,0.8633375763893127,True,0.05248868778280543,57,no_mask_reaches_0.5
g0plus,val32,30,3,13010,12,1291,65,0.09038851202537221,2,False,0.9283673167228699,True,0.09038851202537221,65,no_mask_reaches_0.5
g0plus,val32,30,3,13011,12,4588,22,0.30829991493498604,19,False,0.9185137748718262,True,0.30829991493498604,22,no_mask_reaches_0.5
g0plus,val32,30,3,20021,19,475,62,0.006991479134804457,19,True,0.9268003106117249,True,0.006991479134804457,62,no_mask_reaches_0.5
g0plus,val32,30,4,3017,2,2647,22,0.131899302682898,19,False,0.9185137748718262,True,0.131899302682898,22,no_mask_reaches_0.5
g0plus,val32,30,4,5013,4,2338,22,0.3179749715585893,19,False,0.9185137748718262,True,0.3179749715585893,22,no_mask_reaches_0.5
g0plus,val32,30,4,5014,4,9,,0.0,,False,,False,0.0,,no_mask_reaches_0.5
g0plus,val32,30,4,9022,8,1008,14,0.06844881323423639,2,False,0.9066935181617737,True,0.06844881323423639,14,no_mask_reaches_0.5
g0plus,val32,30,4,9023,8,706,57,0.033928571428571426,8,True,0.8633375763893127,True,0.033928571428571426,57,no_mask_reaches_0.5
g0plus,val32,30,4,13010,12,1066,65,0.07746478873239436,2,False,0.9283673167228699,True,0.07746478873239436,65,no_mask_reaches_0.5
g0plus,val32,30,4,13011,12,4476,22,0.2912940110947583,19,False,0.9185137748718262,True,0.2912940110947583,22,no_mask_reaches_0.5
g0plus,val32,30,4,20021,19,483,62,0.003883495145631068,19,True,0.9268003106117249,True,0.003883495145631068,62,no_mask_reaches_0.5
g0plus,val32,30,5,3017,2,2270,22,0.0882775807533787,19,False,0.9185137748718262,True,0.0882775807533787,22,no_mask_reaches_0.5
g0plus,val32,30,5,5013,4,2390,22,0.24690284720712888,19,False,0.9185137748718262,True,0.24690284720712888,22,no_mask_reaches_0.5
g0plus,val32,30,5,9022,8,1067,14,0.052062474969963954,2,False,0.9066935181617737,True,0.052062474969963954,14,no_mask_reaches_0.5
g0plus,val32,30,5,9023,8,343,14,0.013991087159291118,2,False,0.9066935181617737,True,0.013991087159291118,14,no_mask_reaches_0.5
g0plus,val32,30,5,13010,12,177,65,0.026525770972611603,2,False,0.9283673167228699,True,0.026525770972611603,65,no_mask_reaches_0.5
g0plus,val32,30,5,13011,12,5849,22,0.20088459991958182,19,False,0.9185137748718262,True,0.20088459991958182,22,no_mask_reaches_0.5
g0plus,val32,31,0,5014,4,2591,92,0.06947124662292552,6,False,0.9430197477340698,True,0.06947124662292552,92,no_mask_reaches_0.5
g0plus,val32,31,0,9023,8,995,57,0.13513513513513514,8,True,0.9021435976028442,True,0.13513513513513514,57,no_mask_reaches_0.5
g0plus,val32,31,0,13010,12,2575,65,0.07807740881063814,2,False,0.923140823841095,True,0.07807740881063814,65,no_mask_reaches_0.5
g0plus,val32,31,0,13011,12,962,65,0.010022707697126302,2,False,0.923140823841095,True,0.010022707697126302,65,no_mask_reaches_0.5
g0plus,val32,31,0,20019,19,39,,0.0,,False,,False,0.0,,no_mask_reaches_0.5
g0plus,val32,31,0,20020,19,1535,62,0.23358535614803025,4,False,0.9392038583755493,True,0.23358535614803025,62,no_mask_reaches_0.5
g0plus,val32,31,0,20021,19,1133,,0.0,,False,,False,0.0,,no_mask_reaches_0.5
g0plus,val32,31,1,3017,2,2574,14,0.1289751346565336,8,False,0.9105702638626099,True,0.1289751346565336,14,no_mask_reaches_0.5
g0plus,val32,31,1,5013,4,2260,14,0.13049709587387795,8,False,0.9105702638626099,True,0.13049709587387795,14,no_mask_reaches_0.5
g0plus,val32,31,1,5014,4,7,,0.0,,False,,False,0.0,,no_mask_reaches_0.5
g0plus,val32,31,1,9022,8,983,14,0.056973248014802254,8,True,0.9105702638626099,True,0.056973248014802254,14,no_mask_reaches_0.5
g0plus,val32,31,1,9023,8,429,14,0.020240403257076385,8,True,0.9105702638626099,True,0.020240403257076385,14,no_mask_reaches_0.5
g0plus,val32,31,1,13010,12,939,65,0.07135669964782827,2,False,0.923140823841095,True,0.07135669964782827,65,no_mask_reaches_0.5
g0plus,val32,31,1,13011,12,4395,22,0.08771236665349665,4,False,0.9285956025123596,True,0.08771236665349665,22,no_mask_reaches_0.5
g0plus,val32,31,1,20021,19,505,,0.0,,False,,False,0.0,,no_mask_reaches_0.5
g0plus,val32,31,2,5014,4,2645,92,0.06805293005671077,6,False,0.9430197477340698,True,0.06805293005671077,92,no_mask_reaches_0.5
g0plus,val32,31,2,9023,8,963,57,0.08889391540375481,8,True,0.9021435976028442,True,0.08889391540375481,57,no_mask_reaches_0.5
g0plus,val32,31,2,13010,12,2311,65,0.08055812519272279,2,False,0.923140823841095,True,0.08055812519272279,65,no_mask_reaches_0.5
g0plus,val32,31,2,13011,12,977,22,0.03482587064676617,4,False,0.9285956025123596,True,0.03482587064676617,22,no_mask_reaches_0.5
g0plus,val32,31,2,20020,19,830,62,0.1671612265084075,4,False,0.9392038583755493,True,0.1671612265084075,62,no_mask_reaches_0.5
g0plus,val32,31,2,20021,19,677,,0.0,,False,,False,0.0,,no_mask_reaches_0.5
g0plus,val32,31,3,3017,2,142,14,0.025266903914590747,8,False,0.9105702638626099,True,0.025266903914590747,14,no_mask_reaches_0.5
g0plus,val32,31,3,5014,4,2721,92,0.06982726938625505,6,False,0.9430197477340698,True,0.06982726938625505,92,no_mask_reaches_0.5
g0plus,val32,31,3,9022,8,339,14,0.06763787721123829,8,True,0.9105702638626099,True,0.06763787721123829,14,no_mask_reaches_0.5
g0plus,val32,31,3,9023,8,1256,14,0.08737071311921611,8,True,0.9105702638626099,True,0.08737071311921611,14,no_mask_reaches_0.5
g0plus,val32,31,3,13010,12,2183,65,0.08438317090563346,2,False,0.923140823841095,True,0.08438317090563346,65,no_mask_reaches_0.5
g0plus,val32,31,3,13011,12,1245,22,0.20276243093922652,4,False,0.9285956025123596,True,0.20276243093922652,22,no_mask_reaches_0.5
g0plus,val32,31,3,20020,19,384,62,0.10310775486494336,4,False,0.9392038583755493,True,0.10310775486494336,62,no_mask_reaches_0.5
g0plus,val32,31,3,20021,19,453,,0.0,,False,,False,0.0,,no_mask_reaches_0.5
g0plus,val32,31,4,3017,2,321,14,0.039639058975185305,8,False,0.9105702638626099,True,0.039639058975185305,14,no_mask_reaches_0.5
g0plus,val32,31,4,5014,4,2532,92,0.07661927330173776,6,False,0.9430197477340698,True,0.07661927330173776,92,no_mask_reaches_0.5
g0plus,val32,31,4,9022,8,590,14,0.10987615115909813,8,True,0.9105702638626099,True,0.10987615115909813,14,no_mask_reaches_0.5
g0plus,val32,31,4,9023,8,1301,14,0.0843000773395205,8,True,0.9105702638626099,True,0.0843000773395205,14,no_mask_reaches_0.5
g0plus,val32,31,4,13010,12,2125,65,0.07974291835277315,2,False,0.923140823841095,True,0.07974291835277315,65,no_mask_reaches_0.5
g0plus,val32,31,4,13011,12,1477,22,0.23443579766536965,4,False,0.9285956025123596,True,0.23443579766536965,22,no_mask_reaches_0.5
g0plus,val32,31,4,20020,19,376,62,0.09809578765147144,4,False,0.9392038583755493,True,0.09809578765147144,62,no_mask_reaches_0.5
g0plus,val32,31,4,20021,19,448,,0.0,,False,,False,0.0,,no_mask_reaches_0.5
g0plus,val32,31,5,3017,2,2679,14,0.1458973944003884,8,False,0.9105702638626099,True,0.1458973944003884,14,no_mask_reaches_0.5
g0plus,val32,31,5,5013,4,2316,14,0.1436386241193535,8,False,0.9105702638626099,True,0.1436386241193535,14,no_mask_reaches_0.5
g0plus,val32,31,5,5014,4,10,,0.0,,False,,False,0.0,,no_mask_reaches_0.5
g0plus,val32,31,5,9022,8,1036,14,0.06717817561807332,8,True,0.9105702638626099,True,0.06717817561807332,14,no_mask_reaches_0.5
g0plus,val32,31,5,9023,8,492,14,0.021498037877495307,8,True,0.9105702638626099,True,0.021498037877495307,14,no_mask_reaches_0.5
g0plus,val32,31,5,13010,12,1036,65,0.07664479219249537,2,False,0.923140823841095,True,0.07664479219249537,65,no_mask_reaches_0.5
g0plus,val32,31,5,13011,12,4488,22,0.10858283433133732,4,False,0.9285956025123596,True,0.10858283433133732,22,no_mask_reaches_0.5
g0plus,val32,31,5,20021,19,474,,0.0,,False,,False,0.0,,no_mask_reaches_0.5
recipe_v1,train7,0,0,8059,7,66,97,0.018995929443690638,7,True,0.8657739758491516,True,0.018995929443690638,97,no_mask_reaches_0.5
recipe_v1,train7,0,1,8059,7,1219,92,0.26542517388377834,3,False,0.5913257002830505,True,0.26542517388377834,92,no_mask_reaches_0.5
recipe_v1,train7,0,2,8059,7,94,97,0.029093369418132613,7,True,0.8657739758491516,True,0.029093369418132613,97,no_mask_reaches_0.5
recipe_v1,train7,0,3,8059,7,256,92,0.08496515101228012,3,False,0.5913257002830505,True,0.08496515101228012,92,no_mask_reaches_0.5
recipe_v1,train7,1,0,8049,7,1156,54,0.1766630316248637,7,True,0.858451247215271,True,0.1766630316248637,54,no_mask_reaches_0.5
recipe_v1,train7,1,0,14030,13,1551,54,0.17706850985972758,7,False,0.858451247215271,True,0.17706850985972758,54,no_mask_reaches_0.5
recipe_v1,train7,1,1,14030,13,11,35,0.0025870178739416747,7,False,0.8038048148155212,True,0.0025870178739416747,35,no_mask_reaches_0.5
recipe_v1,train7,1,2,8049,7,501,54,0.0009624639076034649,7,True,0.858451247215271,True,0.0009624639076034649,54,no_mask_reaches_0.5
recipe_v1,train7,1,2,14030,13,132,35,0.024023473317439942,7,False,0.8038048148155212,True,0.024023473317439942,35,no_mask_reaches_0.5
recipe_v1,train7,1,3,8049,7,264,,0.0,,False,,False,0.0,,no_mask_reaches_0.5
recipe_v1,train7,1,3,14030,13,78,35,0.01480356803947618,7,False,0.8038048148155212,True,0.01480356803947618,35,no_mask_reaches_0.5
recipe_v1,train7,2,1,8006,7,10058,,0.0,,False,,False,0.0,,no_mask_reaches_0.5
recipe_v1,train7,2,1,8024,7,9030,,0.0,,False,,False,0.0,,no_mask_reaches_0.5
recipe_v1,train7,2,3,8006,7,10749,,0.0,,False,,False,0.0,,no_mask_reaches_0.5
recipe_v1,train7,2,3,8024,7,9352,,0.0,,False,,False,0.0,,no_mask_reaches_0.5
recipe_v1,train7,3,0,5002,4,2458,35,0.18124170476330925,4,True,0.8772622346878052,True,0.18124170476330925,35,no_mask_reaches_0.5
recipe_v1,train7,3,0,8001,7,3665,35,0.2702403775254387,4,False,0.8772622346878052,True,0.2702403775254387,35,no_mask_reaches_0.5
recipe_v1,train7,3,0,8017,7,9783,97,0.37359550561797755,7,True,0.8691971302032471,True,0.37359550561797755,97,no_mask_reaches_0.5
recipe_v1,train7,3,0,8019,7,17620,35,0.20217441591487392,4,False,0.8772622346878052,True,0.20217441591487392,35,no_mask_reaches_0.5
recipe_v1,train7,3,0,8020,7,146,30,0.024196221411998675,7,True,0.8697801828384399,True,0.024196221411998675,30,no_mask_reaches_0.5
recipe_v1,train7,3,1,8001,7,4082,35,0.3534199134199134,4,False,0.8772622346878052,True,0.3534199134199134,35,no_mask_reaches_0.5
recipe_v1,train7,3,1,8017,7,1770,92,0.29322766570605185,4,False,0.7917404770851135,True,0.29322766570605185,92,no_mask_reaches_0.5
recipe_v1,train7,3,1,8019,7,28443,35,0.2258766552231486,4,False,0.8772622346878052,True,0.2258766552231486,35,no_mask_reaches_0.5
recipe_v1,train7,3,1,8020,7,418,30,0.03954372623574144,7,True,0.8697801828384399,True,0.03954372623574144,30,no_mask_reaches_0.5
recipe_v1,train7,3,2,5002,4,1293,35,0.09520653854649878,4,True,0.8772622346878052,True,0.09520653854649878,35,no_mask_reaches_0.5
recipe_v1,train7,3,2,8001,7,4193,35,0.30874015168249763,4,False,0.8772622346878052,True,0.30874015168249763,35,no_mask_reaches_0.5
recipe_v1,train7,3,2,8017,7,7755,92,0.3207452669538215,4,False,0.7917404770851135,True,0.3207452669538215,92,no_mask_reaches_0.5
recipe_v1,train7,3,2,8019,7,20535,35,0.21129060891176993,4,False,0.8772622346878052,True,0.21129060891176993,35,no_mask_reaches_0.5
recipe_v1,train7,3,2,8020,7,332,30,0.04527938342967245,7,True,0.8697801828384399,True,0.04527938342967245,30,no_mask_reaches_0.5
recipe_v1,train7,3,3,8001,7,4838,35,0.39025570702589335,4,False,0.8772622346878052,True,0.39025570702589335,35,no_mask_reaches_0.5
recipe_v1,train7,3,3,8017,7,1497,92,0.298465829846583,4,False,0.7917404770851135,True,0.298465829846583,92,no_mask_reaches_0.5
recipe_v1,train7,3,3,8019,7,27870,35,0.21304413315258322,4,False,0.8772622346878052,True,0.21304413315258322,35,no_mask_reaches_0.5
recipe_v1,train7,3,3,8020,7,433,30,0.04375569735642662,7,True,0.8697801828384399,True,0.04375569735642662,30,no_mask_reaches_0.5
recipe_v1,train7,4,0,18009,17,6621,35,0.15020180665000962,4,False,0.7457525730133057,True,0.15020180665000962,35,no_mask_reaches_0.5
recipe_v1,train7,4,0,20017,19,9387,14,0.22384524279510462,4,False,0.7829865217208862,True,0.22384524279510462,14,no_mask_reaches_0.5
recipe_v1,train7,4,1,18009,17,6895,54,0.20061427822308786,17,True,0.8500800728797913,True,0.20061427822308786,54,no_mask_reaches_0.5
recipe_v1,train7,4,1,20017,19,13130,14,0.6168107921134556,4,False,0.7829865217208862,True,0.6168107921134556,14,reader_true_positive
recipe_v1,train7,4,2,18009,17,323,35,0.00783630822812364,4,False,0.7457525730133057,True,0.00783630822812364,35,no_mask_reaches_0.5
recipe_v1,train7,4,2,20017,19,12236,14,0.5297838326266768,4,False,0.7829865217208862,True,0.5297838326266768,14,reader_true_positive
recipe_v1,train7,4,3,18009,17,1504,54,0.16909400416115,17,True,0.8500800728797913,True,0.16909400416115,54,no_mask_reaches_0.5
recipe_v1,train7,4,3,20017,19,12316,14,0.6068985805692432,4,False,0.7829865217208862,True,0.6068985805692432,14,reader_true_positive
recipe_v1,train7,5,1,3055,2,577,97,0.06487775790101372,19,False,0.8873374462127686,True,0.06487775790101372,97,no_mask_reaches_0.5
recipe_v1,train7,5,1,5011,4,2367,97,0.1414119902033862,19,False,0.8873374462127686,True,0.1414119902033862,97,no_mask_reaches_0.5
recipe_v1,train7,5,1,9046,8,1075,97,0.1150934468890466,19,False,0.8873374462127686,True,0.1150934468890466,97,no_mask_reaches_0.5
recipe_v1,train7,5,1,13018,12,80,97,0.009578544061302681,19,False,0.8873374462127686,True,0.009578544061302681,97,no_mask_reaches_0.5
recipe_v1,train7,6,0,5010,4,3332,92,0.25386934673366834,4,True,0.9193111658096313,True,0.25386934673366834,92,no_mask_reaches_0.5
recipe_v1,train7,6,0,5018,4,7404,14,0.334042031237223,4,True,0.946591854095459,True,0.334042031237223,14,no_mask_reaches_0.5
recipe_v1,train7,6,0,6002,5,13453,35,0.25647279549718577,4,False,0.9403759837150574,True,0.25647279549718577,35,no_mask_reaches_0.5
recipe_v1,train7,6,0,7006,6,525,35,0.048755490483162515,4,False,0.9403759837150574,True,0.048755490483162515,35,no_mask_reaches_0.5
recipe_v1,train7,6,0,7007,6,213,,0.0,,False,,False,0.0,,no_mask_reaches_0.5
recipe_v1,train7,6,1,5010,4,20091,92,0.6543513596626104,4,True,0.9193111658096313,True,0.6543513596626104,92,reader_true_positive
recipe_v1,train7,6,1,5018,4,6309,14,0.2893461440353711,4,True,0.946591854095459,True,0.2893461440353711,14,no_mask_reaches_0.5
recipe_v1,train7,6,1,6002,5,6160,30,0.11384544618215271,8,False,0.8872936367988586,True,0.11384544618215271,30,no_mask_reaches_0.5
recipe_v1,train7,6,1,7007,6,972,97,0.10628571428571429,6,True,0.9190670251846313,True,0.10628571428571429,97,no_mask_reaches_0.5
recipe_v1,train7,6,2,5010,4,16505,92,0.6665166263433298,4,True,0.9193111658096313,True,0.6665166263433298,92,reader_true_positive
recipe_v1,train7,6,2,5018,4,5775,14,0.28049435787211174,4,True,0.946591854095459,True,0.28049435787211174,14,no_mask_reaches_0.5
recipe_v1,train7,6,2,6002,5,12691,35,0.19759426949587783,4,False,0.9403759837150574,True,0.19759426949587783,35,no_mask_reaches_0.5
recipe_v1,train7,6,2,7006,6,915,35,0.15816127775613556,4,False,0.9403759837150574,True,0.15816127775613556,35,no_mask_reaches_0.5
recipe_v1,train7,6,2,7007,6,149,97,0.08015061861215707,6,True,0.9190670251846313,True,0.08015061861215707,97,no_mask_reaches_0.5
recipe_v1,train7,6,3,5010,4,16394,92,0.6734419620359483,4,True,0.9193111658096313,True,0.6734419620359483,92,reader_true_positive
recipe_v1,train7,6,3,5018,4,6389,14,0.27422538837867994,4,True,0.946591854095459,True,0.27422538837867994,14,no_mask_reaches_0.5
recipe_v1,train7,6,3,6002,5,11064,35,0.18566586757047202,4,False,0.9403759837150574,True,0.18566586757047202,35,no_mask_reaches_0.5
recipe_v1,train7,6,3,7007,6,724,97,0.1965255157437568,6,True,0.9190670251846313,True,0.1965255157437568,97,no_mask_reaches_0.5
recipe_v1,dev8,0,0,5010,4,6036,35,0.19642197087306867,4,True,0.9349290728569031,True,0.19642197087306867,35,no_mask_reaches_0.5
recipe_v1,dev8,0,0,5011,4,3692,14,0.1679986951557658,4,True,0.9427168369293213,True,0.1679986951557658,14,no_mask_reaches_0.5
recipe_v1,dev8,0,0,5016,4,408,,0.0,,False,,False,0.0,,no_mask_reaches_0.5
recipe_v1,dev8,0,0,5019,4,2006,14,0.006763628966639544,4,True,0.9427168369293213,True,0.006763628966639544,14,no_mask_reaches_0.5
recipe_v1,dev8,0,0,6001,5,11729,35,0.2837861627838742,4,False,0.9349290728569031,True,0.2837861627838742,35,no_mask_reaches_0.5
recipe_v1,dev8,0,0,7007,6,9623,14,0.32198485798331483,4,False,0.9427168369293213,True,0.32198485798331483,14,no_mask_reaches_0.5
recipe_v1,dev8,0,0,8032,7,1348,57,0.28705583756345177,8,False,0.7448374629020691,True,0.28705583756345177,57,no_mask_reaches_0.5
recipe_v1,dev8,0,0,8033,7,362,57,0.08933333333333333,8,False,0.7448374629020691,True,0.08933333333333333,57,no_mask_reaches_0.5
recipe_v1,dev8,0,1,5010,4,3368,35,0.07287526026878667,4,True,0.9349290728569031,True,0.07287526026878667,35,no_mask_reaches_0.5
recipe_v1,dev8,0,1,5011,4,3722,14,0.16614632115724842,4,True,0.9427168369293213,True,0.16614632115724842,14,no_mask_reaches_0.5
recipe_v1,dev8,0,1,5012,4,461,97,0.07331647897035164,4,True,0.900974690914154,True,0.07331647897035164,97,no_mask_reaches_0.5
recipe_v1,dev8,0,1,5019,4,1894,14,0.009713024282560706,4,True,0.9427168369293213,True,0.009713024282560706,14,no_mask_reaches_0.5
recipe_v1,dev8,0,1,6001,5,8037,14,0.16139405527550843,4,False,0.9427168369293213,True,0.16139405527550843,14,no_mask_reaches_0.5
recipe_v1,dev8,0,1,7007,6,14218,14,0.28442622950819674,4,False,0.9427168369293213,True,0.28442622950819674,14,no_mask_reaches_0.5
recipe_v1,dev8,0,1,8032,7,2058,57,0.3028503562945368,8,False,0.7448374629020691,True,0.3028503562945368,57,no_mask_reaches_0.5
recipe_v1,dev8,0,1,8033,7,365,57,0.07403339191564147,8,False,0.7448374629020691,True,0.07403339191564147,57,no_mask_reaches_0.5
recipe_v1,dev8,0,1,20031,19,2094,97,0.38955026455026454,4,False,0.900974690914154,True,0.38955026455026454,97,no_mask_reaches_0.5
recipe_v1,dev8,0,1,20034,19,1608,97,0.37680473372781065,4,False,0.900974690914154,True,0.37680473372781065,97,no_mask_reaches_0.5
recipe_v1,dev8,0,2,5010,4,5909,35,0.19795546398288297,4,True,0.9349290728569031,True,0.19795546398288297,35,no_mask_reaches_0.5
recipe_v1,dev8,0,2,5011,4,3767,14,0.1715606307775965,4,True,0.9427168369293213,True,0.1715606307775965,14,no_mask_reaches_0.5
recipe_v1,dev8,0,2,5016,4,406,,0.0,,False,,False,0.0,,no_mask_reaches_0.5
recipe_v1,dev8,0,2,5019,4,1985,14,0.007853536641338161,4,True,0.9427168369293213,True,0.007853536641338161,14,no_mask_reaches_0.5
recipe_v1,dev8,0,2,6001,5,11279,35,0.27684636958554065,4,False,0.9349290728569031,True,0.27684636958554065,35,no_mask_reaches_0.5
recipe_v1,dev8,0,2,7007,6,10096,14,0.3126442194490228,4,False,0.9427168369293213,True,0.3126442194490228,14,no_mask_reaches_0.5
recipe_v1,dev8,0,2,8032,7,1933,57,0.3174672489082969,8,False,0.7448374629020691,True,0.3174672489082969,57,no_mask_reaches_0.5
recipe_v1,dev8,0,2,8033,7,423,57,0.0953995157384988,8,False,0.7448374629020691,True,0.0953995157384988,57,no_mask_reaches_0.5
recipe_v1,dev8,0,2,20034,19,7,97,0.025210084033613446,4,False,0.900974690914154,True,0.025210084033613446,97,no_mask_reaches_0.5
recipe_v1,dev8,0,3,5010,4,4668,35,0.14642337400649277,4,True,0.9349290728569031,True,0.14642337400649277,35,no_mask_reaches_0.5
recipe_v1,dev8,0,3,5011,4,3660,14,0.1666935700834006,4,True,0.9427168369293213,True,0.1666935700834006,14,no_mask_reaches_0.5
recipe_v1,dev8,0,3,5016,4,245,,0.0,,False,,False,0.0,,no_mask_reaches_0.5
recipe_v1,dev8,0,3,5019,4,1892,14,0.007436260623229462,4,True,0.9427168369293213,True,0.007436260623229462,14,no_mask_reaches_0.5
recipe_v1,dev8,0,3,6001,5,9573,35,0.20340060384554268,4,False,0.9349290728569031,True,0.20340060384554268,35,no_mask_reaches_0.5
recipe_v1,dev8,0,3,7007,6,11864,14,0.29045768566493957,4,False,0.9427168369293213,True,0.29045768566493957,14,no_mask_reaches_0.5
recipe_v1,dev8,0,3,8032,7,2079,57,0.294478527607362,8,False,0.7448374629020691,True,0.294478527607362,57,no_mask_reaches_0.5
recipe_v1,dev8,0,3,8033,7,396,57,0.07759353741496598,8,False,0.7448374629020691,True,0.07759353741496598,57,no_mask_reaches_0.5
recipe_v1,dev8,0,3,20031,19,177,97,0.0765375854214123,4,False,0.900974690914154,True,0.0765375854214123,97,no_mask_reaches_0.5
recipe_v1,dev8,0,3,20034,19,1499,97,0.6834170854271356,4,False,0.900974690914154,True,0.6834170854271356,97,reader_true_positive
recipe_v1,dev8,1,0,8022,7,5571,35,0.4767321613236815,2,False,0.7084940671920776,True,0.4767321613236815,35,no_mask_reaches_0.5
recipe_v1,dev8,1,0,20031,19,19679,97,0.3042483192676298,19,True,0.800409734249115,True,0.3042483192676298,97,no_mask_reaches_0.5
recipe_v1,dev8,1,1,8022,7,5067,35,0.20071047957371227,2,False,0.7084940671920776,True,0.20071047957371227,35,no_mask_reaches_0.5
recipe_v1,dev8,1,1,20031,19,3987,14,0.2036858355847163,2,False,0.8132899403572083,True,0.2036858355847163,14,no_mask_reaches_0.5
recipe_v1,dev8,1,2,8022,7,4943,35,0.447435147259606,2,False,0.7084940671920776,True,0.447435147259606,35,no_mask_reaches_0.5
recipe_v1,dev8,1,2,20031,19,15045,97,0.2860314412576503,19,True,0.800409734249115,True,0.2860314412576503,97,no_mask_reaches_0.5
recipe_v1,dev8,1,3,8022,7,3211,35,0.37547892720306514,2,False,0.7084940671920776,True,0.37547892720306514,35,no_mask_reaches_0.5
recipe_v1,dev8,1,3,20031,19,11436,97,0.29817444219066935,19,True,0.800409734249115,True,0.29817444219066935,97,no_mask_reaches_0.5
recipe_v1,dev8,2,0,5015,4,6528,35,0.5580488832701223,4,True,0.9029479622840881,True,0.5580488832701223,35,reader_true_positive
recipe_v1,dev8,2,0,5016,4,3530,57,0.1888412017167382,6,False,0.7024457454681396,True,0.1888412017167382,57,no_mask_reaches_0.5
recipe_v1,dev8,2,0,6013,5,16566,30,0.3058282649298405,6,False,0.8888705968856812,True,0.3058282649298405,30,no_mask_reaches_0.5
recipe_v1,dev8,2,0,7012,6,28729,14,0.40839466878854186,4,False,0.9335192441940308,True,0.40839466878854186,14,no_mask_reaches_0.5
recipe_v1,dev8,2,1,5015,4,2454,14,0.019085858863648865,4,True,0.9335192441940308,True,0.019085858863648865,14,no_mask_reaches_0.5
recipe_v1,dev8,2,1,5016,4,6127,97,0.266171723692705,4,True,0.8994736075401306,True,0.266171723692705,97,no_mask_reaches_0.5
recipe_v1,dev8,2,1,5017,4,1609,97,0.1193089129467596,4,True,0.8994736075401306,True,0.1193089129467596,97,no_mask_reaches_0.5
recipe_v1,dev8,2,1,6013,5,539,30,0.10080418926500842,6,False,0.8888705968856812,True,0.10080418926500842,30,no_mask_reaches_0.5
recipe_v1,dev8,2,1,7012,6,21816,14,0.4366421475695761,4,False,0.9335192441940308,True,0.4366421475695761,14,no_mask_reaches_0.5
recipe_v1,dev8,2,2,5015,4,5335,35,0.4345185185185185,4,True,0.9029479622840881,True,0.4345185185185185,35,no_mask_reaches_0.5
recipe_v1,dev8,2,2,5016,4,7821,97,0.44031456953642384,4,True,0.8994736075401306,True,0.44031456953642384,97,no_mask_reaches_0.5
recipe_v1,dev8,2,2,5017,4,127,97,0.0132595531426185,4,True,0.8994736075401306,True,0.0132595531426185,97,no_mask_reaches_0.5
recipe_v1,dev8,2,2,6013,5,3606,30,0.36456650511577815,6,False,0.8888705968856812,True,0.36456650511577815,30,no_mask_reaches_0.5
recipe_v1,dev8,2,2,7012,6,27651,14,0.3864701064701065,4,False,0.9335192441940308,True,0.3864701064701065,14,no_mask_reaches_0.5
recipe_v1,dev8,2,3,5015,4,3403,35,0.22308102345415778,4,True,0.9029479622840881,True,0.22308102345415778,35,no_mask_reaches_0.5
recipe_v1,dev8,2,3,5016,4,6387,97,0.3084605105844293,4,True,0.8994736075401306,True,0.3084605105844293,97,no_mask_reaches_0.5
recipe_v1,dev8,2,3,5017,4,1374,97,0.11245703061057456,4,True,0.8994736075401306,True,0.11245703061057456,97,no_mask_reaches_0.5
recipe_v1,dev8,2,3,6013,5,1047,30,0.15504220346512662,6,False,0.8888705968856812,True,0.15504220346512662,30,no_mask_reaches_0.5
recipe_v1,dev8,2,3,7012,6,24077,14,0.4112455516014235,4,False,0.9335192441940308,True,0.4112455516014235,14,no_mask_reaches_0.5
recipe_v1,dev8,3,0,4004,3,16977,57,0.2965945311189398,2,False,0.721739649772644,True,0.2965945311189398,57,no_mask_reaches_0.5
recipe_v1,dev8,3,0,5030,4,1178,54,0.1370945761787953,2,False,0.7911223769187927,True,0.1370945761787953,54,no_mask_reaches_0.5
recipe_v1,dev8,3,0,7006,6,2944,35,0.2500275118300869,2,False,0.8740185499191284,True,0.2500275118300869,35,no_mask_reaches_0.5
recipe_v1,dev8,3,1,4004,3,37026,57,0.23253212810153165,2,False,0.721739649772644,True,0.23253212810153165,57,no_mask_reaches_0.5
recipe_v1,dev8,3,1,20008,19,1544,97,0.16328029375764994,2,False,0.8730707168579102,True,0.16328029375764994,97,no_mask_reaches_0.5
recipe_v1,dev8,3,2,4004,3,22277,57,0.36416924664602685,2,False,0.721739649772644,True,0.36416924664602685,57,no_mask_reaches_0.5
recipe_v1,dev8,3,3,4004,3,31642,57,0.3450463208827521,2,False,0.721739649772644,True,0.3450463208827521,57,no_mask_reaches_0.5
recipe_v1,dev8,4,0,6002,5,14952,14,0.6073971973351712,4,False,0.9275892972946167,True,0.6073971973351712,14,reader_true_positive
recipe_v1,dev8,4,0,6003,5,4018,97,0.6290873596876525,4,False,0.873488187789917,True,0.6290873596876525,97,reader_true_positive
recipe_v1,dev8,4,0,7015,6,676,97,0.006942348324781165,4,False,0.873488187789917,True,0.006942348324781165,97,no_mask_reaches_0.5
recipe_v1,dev8,4,0,8013,7,17331,35,0.5295135883676648,4,False,0.8897042274475098,True,0.5295135883676648,35,reader_true_positive
recipe_v1,dev8,4,0,20009,19,2670,97,0.07719080174021131,4,False,0.873488187789917,True,0.07719080174021131,97,no_mask_reaches_0.5
recipe_v1,dev8,4,1,6002,5,21190,14,0.6176710889779403,4,False,0.9275892972946167,True,0.6176710889779403,14,reader_true_positive
recipe_v1,dev8,4,1,6003,5,13526,97,0.7993384096866808,4,False,0.873488187789917,True,0.7993384096866808,97,reader_true_positive
recipe_v1,dev8,4,1,7015,6,1405,30,0.048417132216014895,4,False,0.8717343211174011,True,0.048417132216014895,30,no_mask_reaches_0.5
recipe_v1,dev8,4,1,20009,19,4330,14,0.06911465767051599,4,False,0.9275892972946167,True,0.06911465767051599,14,no_mask_reaches_0.5
recipe_v1,dev8,4,2,6002,5,17059,14,0.6117046224399395,4,False,0.9275892972946167,True,0.6117046224399395,14,reader_true_positive
recipe_v1,dev8,4,2,6003,5,3378,97,0.6127068670344303,4,False,0.873488187789917,True,0.6127068670344303,97,reader_true_positive
recipe_v1,dev8,4,2,7015,6,731,97,0.009172724125995154,4,False,0.873488187789917,True,0.009172724125995154,97,no_mask_reaches_0.5
recipe_v1,dev8,4,2,8013,7,17387,35,0.5328693851728302,4,False,0.8897042274475098,True,0.5328693851728302,35,reader_true_positive
recipe_v1,dev8,4,2,20009,19,2954,97,0.09637898175878029,4,False,0.873488187789917,True,0.09637898175878029,97,no_mask_reaches_0.5
recipe_v1,dev8,4,3,6002,5,27443,14,0.5149044062221613,4,False,0.9275892972946167,True,0.5149044062221613,14,reader_true_positive
recipe_v1,dev8,4,3,6003,5,4609,97,0.653874758292429,4,False,0.873488187789917,True,0.653874758292429,97,reader_true_positive
recipe_v1,dev8,4,3,7015,6,986,97,0.015030467163168585,4,False,0.873488187789917,True,0.015030467163168585,97,no_mask_reaches_0.5
recipe_v1,dev8,4,3,8013,7,5792,35,0.5216716417910447,4,False,0.8897042274475098,True,0.5216716417910447,35,reader_true_positive
recipe_v1,dev8,4,3,20009,19,3799,97,0.10009604097748373,4,False,0.873488187789917,True,0.10009604097748373,97,no_mask_reaches_0.5
recipe_v1,dev8,5,0,6006,5,33801,30,0.25602700096432013,19,False,0.839999258518219,True,0.25602700096432013,30,no_mask_reaches_0.5
recipe_v1,dev8,5,1,6006,5,29815,14,0.2357824239525002,19,False,0.8415018320083618,True,0.2357824239525002,14,no_mask_reaches_0.5
recipe_v1,dev8,5,2,6006,5,34911,30,0.2390628866829818,19,False,0.839999258518219,True,0.2390628866829818,30,no_mask_reaches_0.5
recipe_v1,dev8,5,3,6006,5,34354,30,0.22715641766405284,19,False,0.839999258518219,True,0.22715641766405284,30,no_mask_reaches_0.5
recipe_v1,dev8,6,0,5021,4,6992,97,0.0773910582908885,6,False,0.8859260082244873,True,0.0773910582908885,97,no_mask_reaches_0.5
recipe_v1,dev8,6,0,9035,8,428,54,0.012465373961218837,2,False,0.8240299224853516,True,0.012465373961218837,54,no_mask_reaches_0.5
recipe_v1,dev8,6,0,13012,12,16636,30,0.3152405517550746,2,False,0.8538102507591248,True,0.3152405517550746,30,no_mask_reaches_0.5
recipe_v1,dev8,6,1,5021,4,8795,14,0.1593149974052932,2,False,0.9014968276023865,True,0.1593149974052932,14,no_mask_reaches_0.5
recipe_v1,dev8,6,1,8001,7,2643,97,0.1374258296095524,6,False,0.8859260082244873,True,0.1374258296095524,97,no_mask_reaches_0.5
recipe_v1,dev8,6,1,13012,12,13432,30,0.21982531832053037,2,False,0.8538102507591248,True,0.21982531832053037,30,no_mask_reaches_0.5
recipe_v1,dev8,6,2,5021,4,8561,97,0.14346519779669503,6,False,0.8859260082244873,True,0.14346519779669503,97,no_mask_reaches_0.5
recipe_v1,dev8,6,2,8001,7,1682,97,0.3272373540856031,6,False,0.8859260082244873,True,0.3272373540856031,97,no_mask_reaches_0.5
recipe_v1,dev8,6,2,13012,12,17859,30,0.3021934669401925,2,False,0.8538102507591248,True,0.3021934669401925,30,no_mask_reaches_0.5
recipe_v1,dev8,6,3,5021,4,8470,97,0.1318126148193509,6,False,0.8859260082244873,True,0.1318126148193509,97,no_mask_reaches_0.5
recipe_v1,dev8,6,3,8001,7,1815,97,0.28736542115262825,6,False,0.8859260082244873,True,0.28736542115262825,97,no_mask_reaches_0.5
recipe_v1,dev8,6,3,13012,12,17432,30,0.3097664543524416,2,False,0.8538102507591248,True,0.3097664543524416,30,no_mask_reaches_0.5
recipe_v1,dev8,7,0,20017,19,11072,35,0.6363693388533433,4,False,0.881088137626648,True,0.6363693388533433,35,reader_true_positive
recipe_v1,dev8,7,1,20017,19,184,35,0.04375743162901308,4,False,0.881088137626648,True,0.04375743162901308,35,no_mask_reaches_0.5
recipe_v1,dev8,7,2,20017,19,4571,35,0.5317589576547231,4,False,0.881088137626648,True,0.5317589576547231,35,reader_true_positive
recipe_v1,dev8,7,3,20017,19,622,35,0.12410215482841182,4,False,0.881088137626648,True,0.12410215482841182,35,no_mask_reaches_0.5
recipe_v1,val32,0,0,3002,2,1997,54,0.32620441242683473,7,False,0.8627296686172485,True,0.32620441242683473,54,no_mask_reaches_0.5
recipe_v1,val32,0,0,3029,2,46,54,0.011813045711350795,7,False,0.8627296686172485,True,0.011813045711350795,54,no_mask_reaches_0.5
recipe_v1,val32,0,0,5009,4,269,30,0.025579452912925453,4,True,0.8443313837051392,True,0.025579452912925453,30,no_mask_reaches_0.5
recipe_v1,val32,0,0,5010,4,6448,30,0.3548387096774194,4,True,0.8443313837051392,True,0.3548387096774194,30,no_mask_reaches_0.5
recipe_v1,val32,0,0,5011,4,7516,57,0.28312044758788135,4,True,0.7549707889556885,True,0.28312044758788135,57,no_mask_reaches_0.5
recipe_v1,val32,0,0,7003,6,4976,57,0.25554975189344475,4,False,0.7549707889556885,True,0.25554975189344475,57,no_mask_reaches_0.5
recipe_v1,val32,0,0,15028,14,1,54,0.00025680534155110427,7,False,0.8627296686172485,True,0.00025680534155110427,54,no_mask_reaches_0.5
recipe_v1,val32,0,1,3002,2,4809,54,0.2974914125117102,7,False,0.8627296686172485,True,0.2974914125117102,54,no_mask_reaches_0.5
recipe_v1,val32,0,1,3029,2,328,54,0.042842215256008356,7,False,0.8627296686172485,True,0.042842215256008356,54,no_mask_reaches_0.5
recipe_v1,val32,0,1,5008,4,106,57,0.019064748201438848,4,True,0.7549707889556885,True,0.019064748201438848,57,no_mask_reaches_0.5
recipe_v1,val32,0,1,5009,4,438,57,0.015577378936674569,4,True,0.7549707889556885,True,0.015577378936674569,57,no_mask_reaches_0.5
recipe_v1,val32,0,1,5010,4,7233,30,0.3959410448337063,4,True,0.8443313837051392,True,0.3959410448337063,30,no_mask_reaches_0.5
recipe_v1,val32,0,1,5011,4,3586,97,0.2708835626152319,4,True,0.9112492799758911,True,0.2708835626152319,97,no_mask_reaches_0.5
recipe_v1,val32,0,1,7003,6,8683,57,0.4504073319755601,4,False,0.7549707889556885,True,0.4504073319755601,57,no_mask_reaches_0.5
recipe_v1,val32,0,1,15028,14,1185,54,0.15478056426332287,7,False,0.8627296686172485,True,0.15478056426332287,54,no_mask_reaches_0.5
recipe_v1,val32,0,2,3002,2,2094,54,0.34104046242774566,7,False,0.8627296686172485,True,0.34104046242774566,54,no_mask_reaches_0.5
recipe_v1,val32,0,2,3029,2,92,54,0.022062350119904078,7,False,0.8627296686172485,True,0.022062350119904078,54,no_mask_reaches_0.5
recipe_v1,val32,0,2,5009,4,167,30,0.015829751546283678,4,True,0.8443313837051392,True,0.015829751546283678,30,no_mask_reaches_0.5
recipe_v1,val32,0,2,5010,4,6519,30,0.3733413235168222,4,True,0.8443313837051392,True,0.3733413235168222,30,no_mask_reaches_0.5
recipe_v1,val32,0,2,5011,4,7228,57,0.2851541226445921,4,True,0.7549707889556885,True,0.2851541226445921,57,no_mask_reaches_0.5
recipe_v1,val32,0,2,7003,6,4935,57,0.25857275254865614,4,False,0.7549707889556885,True,0.25857275254865614,57,no_mask_reaches_0.5
recipe_v1,val32,0,2,15028,14,21,54,0.005035971223021582,7,False,0.8627296686172485,True,0.005035971223021582,54,no_mask_reaches_0.5
recipe_v1,val32,0,3,3002,2,2111,54,0.3247254981699878,7,False,0.8627296686172485,True,0.3247254981699878,54,no_mask_reaches_0.5
recipe_v1,val32,0,3,3029,2,153,54,0.03474114441416894,7,False,0.8627296686172485,True,0.03474114441416894,54,no_mask_reaches_0.5
recipe_v1,val32,0,3,5009,4,216,30,0.01664572864321608,4,True,0.8443313837051392,True,0.01664572864321608,30,no_mask_reaches_0.5
recipe_v1,val32,0,3,5010,4,6644,30,0.3883010752688172,4,True,0.8443313837051392,True,0.3883010752688172,30,no_mask_reaches_0.5
recipe_v1,val32,0,3,5011,4,6624,57,0.29165695642041484,4,True,0.7549707889556885,True,0.29165695642041484,57,no_mask_reaches_0.5
recipe_v1,val32,0,3,7003,6,4856,57,0.26606875934230195,4,False,0.7549707889556885,True,0.26606875934230195,57,no_mask_reaches_0.5
recipe_v1,val32,0,3,15028,14,54,54,0.01226158038147139,7,False,0.8627296686172485,True,0.01226158038147139,54,no_mask_reaches_0.5
recipe_v1,val32,0,4,3002,2,2110,54,0.30813618003462206,7,False,0.8627296686172485,True,0.30813618003462206,54,no_mask_reaches_0.5
recipe_v1,val32,0,4,3029,2,212,54,0.04519292261777873,7,False,0.8627296686172485,True,0.04519292261777873,54,no_mask_reaches_0.5
recipe_v1,val32,0,4,5009,4,360,30,0.02177068214804064,4,True,0.8443313837051392,True,0.02177068214804064,30,no_mask_reaches_0.5
recipe_v1,val32,0,4,5010,4,6561,30,0.3950477845351868,4,True,0.8443313837051392,True,0.3950477845351868,30,no_mask_reaches_0.5
recipe_v1,val32,0,4,5011,4,6162,57,0.28126520681265205,4,True,0.7549707889556885,True,0.28126520681265205,57,no_mask_reaches_0.5
recipe_v1,val32,0,4,7003,6,5013,57,0.27573079537729434,4,False,0.7549707889556885,True,0.27573079537729434,57,no_mask_reaches_0.5
recipe_v1,val32,0,4,15028,14,141,54,0.03005755702408868,7,False,0.8627296686172485,True,0.03005755702408868,54,no_mask_reaches_0.5
recipe_v1,val32,0,5,3002,2,2199,54,0.3052708638360176,7,False,0.8627296686172485,True,0.3052708638360176,54,no_mask_reaches_0.5
recipe_v1,val32,0,5,3029,2,210,54,0.042570443948915467,7,False,0.8627296686172485,True,0.042570443948915467,54,no_mask_reaches_0.5
recipe_v1,val32,0,5,5009,4,376,30,0.022215365627892624,4,True,0.8443313837051392,True,0.022215365627892624,30,no_mask_reaches_0.5
recipe_v1,val32,0,5,5010,4,6620,30,0.405506340107695,4,True,0.8443313837051392,True,0.405506340107695,30,no_mask_reaches_0.5
recipe_v1,val32,0,5,5011,4,5947,57,0.2677194271024605,4,True,0.7549707889556885,True,0.2677194271024605,57,no_mask_reaches_0.5
recipe_v1,val32,0,5,7003,6,5203,57,0.2902013422818792,4,False,0.7549707889556885,True,0.2902013422818792,57,no_mask_reaches_0.5
recipe_v1,val32,0,5,15028,14,225,54,0.04561118994526657,7,False,0.8627296686172485,True,0.04561118994526657,54,no_mask_reaches_0.5
recipe_v1,val32,1,0,3002,2,10568,30,0.28819655802113886,2,True,0.8581076860427856,True,0.28819655802113886,30,no_mask_reaches_0.5
recipe_v1,val32,1,0,5009,4,1108,57,0.09875835721107927,2,False,0.7896741032600403,True,0.09875835721107927,57,no_mask_reaches_0.5
recipe_v1,val32,1,0,5010,4,15670,97,0.1937570303712036,4,True,0.9021183848381042,True,0.1937570303712036,97,no_mask_reaches_0.5
recipe_v1,val32,1,0,7003,6,5941,57,0.2491149398159075,2,False,0.7896741032600403,True,0.2491149398159075,57,no_mask_reaches_0.5
recipe_v1,val32,1,0,12026,11,782,54,0.04936936936936937,2,False,0.8673228025436401,True,0.04936936936936937,54,no_mask_reaches_0.5
recipe_v1,val32,1,0,18027,17,172,30,0.006798999687402313,2,False,0.8581076860427856,True,0.006798999687402313,30,no_mask_reaches_0.5
recipe_v1,val32,1,1,3002,2,10351,54,0.29467794578032375,2,True,0.8673228025436401,True,0.29467794578032375,54,no_mask_reaches_0.5
recipe_v1,val32,1,1,3029,2,1076,54,0.10805800894122779,2,True,0.8673228025436401,True,0.10805800894122779,54,no_mask_reaches_0.5
recipe_v1,val32,1,1,5009,4,1058,30,0.06766071177380785,2,False,0.8581076860427856,True,0.06766071177380785,30,no_mask_reaches_0.5
recipe_v1,val32,1,1,5010,4,11243,30,0.26281987453948025,2,False,0.8581076860427856,True,0.26281987453948025,30,no_mask_reaches_0.5
recipe_v1,val32,1,1,7003,6,930,14,0.054143126177024485,4,False,0.8884060382843018,True,0.054143126177024485,14,no_mask_reaches_0.5
recipe_v1,val32,1,1,9025,8,770,54,0.03616484440706476,2,False,0.8673228025436401,True,0.03616484440706476,54,no_mask_reaches_0.5
recipe_v1,val32,1,1,12026,11,1474,54,0.06269497836369126,2,False,0.8673228025436401,True,0.06269497836369126,54,no_mask_reaches_0.5
recipe_v1,val32,1,1,15028,14,4364,54,0.18606701940035272,2,False,0.8673228025436401,True,0.18606701940035272,54,no_mask_reaches_0.5
recipe_v1,val32,1,1,18027,17,299,30,0.010440022421524664,2,False,0.8581076860427856,True,0.010440022421524664,30,no_mask_reaches_0.5
recipe_v1,val32,1,2,3002,2,8597,30,0.2933385785470758,2,True,0.8581076860427856,True,0.2933385785470758,30,no_mask_reaches_0.5
recipe_v1,val32,1,2,5009,4,570,57,0.1465302737074924,2,False,0.7896741032600403,True,0.1465302737074924,57,no_mask_reaches_0.5
recipe_v1,val32,1,2,5010,4,16433,97,0.2144238739983421,4,True,0.9021183848381042,True,0.2144238739983421,97,no_mask_reaches_0.5
recipe_v1,val32,1,2,7003,6,5060,57,0.29257707273271477,2,False,0.7896741032600403,True,0.29257707273271477,57,no_mask_reaches_0.5
recipe_v1,val32,1,3,3002,2,9760,54,0.3987434966133307,2,True,0.8673228025436401,True,0.3987434966133307,54,no_mask_reaches_0.5
recipe_v1,val32,1,3,3029,2,176,54,0.03920695032301181,2,True,0.8673228025436401,True,0.03920695032301181,54,no_mask_reaches_0.5
recipe_v1,val32,1,3,5009,4,534,57,0.21090308370044053,2,False,0.7896741032600403,True,0.21090308370044053,57,no_mask_reaches_0.5
recipe_v1,val32,1,3,5010,4,14390,30,0.23482063003080592,2,False,0.8581076860427856,True,0.23482063003080592,30,no_mask_reaches_0.5
recipe_v1,val32,1,3,7003,6,2639,57,0.37595907928388744,2,False,0.7896741032600403,True,0.37595907928388744,57,no_mask_reaches_0.5
recipe_v1,val32,1,4,3002,2,10367,54,0.38954951827098344,2,True,0.8673228025436401,True,0.38954951827098344,54,no_mask_reaches_0.5
recipe_v1,val32,1,4,3029,2,670,54,0.11875221552640908,2,True,0.8673228025436401,True,0.11875221552640908,54,no_mask_reaches_0.5
recipe_v1,val32,1,4,5009,4,792,57,0.296,2,False,0.7896741032600403,True,0.296,57,no_mask_reaches_0.5
recipe_v1,val32,1,4,5010,4,14147,30,0.2542432108626198,2,False,0.8581076860427856,True,0.2542432108626198,30,no_mask_reaches_0.5
recipe_v1,val32,1,4,7003,6,2190,57,0.3249006143838092,2,False,0.7896741032600403,True,0.3249006143838092,57,no_mask_reaches_0.5
recipe_v1,val32,1,4,15028,14,181,54,0.03208082240340305,2,False,0.8673228025436401,True,0.03208082240340305,54,no_mask_reaches_0.5
recipe_v1,val32,1,5,3002,2,10806,54,0.29748566961959355,2,True,0.8673228025436401,True,0.29748566961959355,54,no_mask_reaches_0.5
recipe_v1,val32,1,5,3029,2,1012,54,0.10849573023866871,2,True,0.8673228025436401,True,0.10849573023866871,54,no_mask_reaches_0.5
recipe_v1,val32,1,5,5009,4,958,30,0.056413556413556415,2,False,0.8581076860427856,True,0.056413556413556415,30,no_mask_reaches_0.5
recipe_v1,val32,1,5,5010,4,11370,30,0.27219921204162034,2,False,0.8581076860427856,True,0.27219921204162034,30,no_mask_reaches_0.5
recipe_v1,val32,1,5,7003,6,807,14,0.05484877580412866,4,False,0.8884060382843018,True,0.05484877580412866,14,no_mask_reaches_0.5
recipe_v1,val32,1,5,9025,8,395,54,0.01951533347630281,2,False,0.8673228025436401,True,0.01951533347630281,54,no_mask_reaches_0.5
recipe_v1,val32,1,5,12026,11,1465,30,0.06088163832002777,2,False,0.8581076860427856,True,0.06088163832002777,30,no_mask_reaches_0.5
recipe_v1,val32,1,5,15028,14,4041,54,0.20678899082568808,2,False,0.8673228025436401,True,0.20678899082568808,54,no_mask_reaches_0.5
recipe_v1,val32,1,5,18027,17,218,30,0.0068871511586197,2,False,0.8581076860427856,True,0.0068871511586197,30,no_mask_reaches_0.5
recipe_v1,val32,2,0,3002,2,4983,30,0.20034794711203896,4,False,0.8451735377311707,True,0.20034794711203896,30,no_mask_reaches_0.5
recipe_v1,val32,2,0,3029,2,438,54,0.09484625378951927,7,False,0.8698990345001221,True,0.09484625378951927,54,no_mask_reaches_0.5
recipe_v1,val32,2,0,5008,4,112,97,0.01827079934747145,4,True,0.8979132771492004,True,0.01827079934747145,97,no_mask_reaches_0.5
recipe_v1,val32,2,0,5009,4,726,57,0.049654305468258955,7,False,0.7508032321929932,True,0.049654305468258955,57,no_mask_reaches_0.5
recipe_v1,val32,2,0,5010,4,7467,30,0.3601461262751585,4,True,0.8451735377311707,True,0.3601461262751585,30,no_mask_reaches_0.5
recipe_v1,val32,2,0,5011,4,3091,97,0.3212494626737355,4,True,0.8979132771492004,True,0.3212494626737355,97,no_mask_reaches_0.5
recipe_v1,val32,2,0,7003,6,8464,57,0.41346047233617916,7,False,0.7508032321929932,True,0.41346047233617916,57,no_mask_reaches_0.5
recipe_v1,val32,2,0,15028,14,1344,54,0.2910350801212646,7,False,0.8698990345001221,True,0.2910350801212646,54,no_mask_reaches_0.5
recipe_v1,val32,2,1,3002,2,7141,30,0.24296219694358268,4,False,0.8451735377311707,True,0.24296219694358268,30,no_mask_reaches_0.5
recipe_v1,val32,2,1,3029,2,828,54,0.15502714847406854,7,False,0.8698990345001221,True,0.15502714847406854,54,no_mask_reaches_0.5
recipe_v1,val32,2,1,5008,4,30,97,0.005554526939455656,4,True,0.8979132771492004,True,0.005554526939455656,97,no_mask_reaches_0.5
recipe_v1,val32,2,1,5009,4,1374,57,0.1374889478337754,7,False,0.7508032321929932,True,0.1374889478337754,57,no_mask_reaches_0.5
recipe_v1,val32,2,1,5010,4,9411,30,0.2906970465957562,4,True,0.8451735377311707,True,0.2906970465957562,30,no_mask_reaches_0.5
recipe_v1,val32,2,1,5011,4,1627,97,0.21739130434782608,4,True,0.8979132771492004,True,0.21739130434782608,97,no_mask_reaches_0.5
recipe_v1,val32,2,1,7003,6,8343,57,0.30409304803338366,7,False,0.7508032321929932,True,0.30409304803338366,57,no_mask_reaches_0.5
recipe_v1,val32,2,1,9025,8,862,30,0.037848067045147336,4,False,0.8451735377311707,True,0.037848067045147336,30,no_mask_reaches_0.5
recipe_v1,val32,2,1,12026,11,1393,57,0.10590252965556667,7,False,0.7508032321929932,True,0.10590252965556667,57,no_mask_reaches_0.5
recipe_v1,val32,2,1,15028,14,1556,54,0.29133121138363605,7,False,0.8698990345001221,True,0.29133121138363605,54,no_mask_reaches_0.5
recipe_v1,val32,2,1,18027,17,167,30,0.011522009107216779,4,False,0.8451735377311707,True,0.011522009107216779,30,no_mask_reaches_0.5
recipe_v1,val32,2,2,3002,2,5080,30,0.20785892807553458,4,False,0.8451735377311707,True,0.20785892807553458,30,no_mask_reaches_0.5
recipe_v1,val32,2,2,3029,2,425,54,0.08592802264456126,7,False,0.8698990345001221,True,0.08592802264456126,54,no_mask_reaches_0.5
recipe_v1,val32,2,2,5008,4,123,97,0.02170460561143462,4,True,0.8979132771492004,True,0.02170460561143462,97,no_mask_reaches_0.5
recipe_v1,val32,2,2,5009,4,683,57,0.05411764705882353,7,False,0.7508032321929932,True,0.05411764705882353,57,no_mask_reaches_0.5
recipe_v1,val32,2,2,5010,4,7485,30,0.353126067646054,4,True,0.8451735377311707,True,0.353126067646054,30,no_mask_reaches_0.5
recipe_v1,val32,2,2,5011,4,2630,97,0.303944680182304,4,True,0.8979132771492004,True,0.303944680182304,97,no_mask_reaches_0.5
recipe_v1,val32,2,2,7003,6,8296,57,0.41450484998872095,7,False,0.7508032321929932,True,0.41450484998872095,57,no_mask_reaches_0.5
recipe_v1,val32,2,2,15028,14,1516,54,0.30651031136271734,7,False,0.8698990345001221,True,0.30651031136271734,54,no_mask_reaches_0.5
recipe_v1,val32,2,3,3002,2,6199,30,0.22896244430299173,4,False,0.8451735377311707,True,0.22896244430299173,30,no_mask_reaches_0.5
recipe_v1,val32,2,3,3029,2,565,54,0.10280203784570596,7,False,0.8698990345001221,True,0.10280203784570596,54,no_mask_reaches_0.5
recipe_v1,val32,2,3,5008,4,123,97,0.024160282852091926,4,True,0.8979132771492004,True,0.024160282852091926,97,no_mask_reaches_0.5
recipe_v1,val32,2,3,5009,4,1080,57,0.11630580570990612,7,False,0.7508032321929932,True,0.11630580570990612,57,no_mask_reaches_0.5
recipe_v1,val32,2,3,5010,4,8399,30,0.34561721829443787,4,True,0.8451735377311707,True,0.34561721829443787,30,no_mask_reaches_0.5
recipe_v1,val32,2,3,5011,4,1839,97,0.28595286695119687,4,True,0.8979132771492004,True,0.28595286695119687,97,no_mask_reaches_0.5
recipe_v1,val32,2,3,7003,6,8047,57,0.38497347623687345,7,False,0.7508032321929932,True,0.38497347623687345,57,no_mask_reaches_0.5
recipe_v1,val32,2,3,15028,14,1761,54,0.32041484716157204,7,False,0.8698990345001221,True,0.32041484716157204,54,no_mask_reaches_0.5
recipe_v1,val32,2,4,3002,2,6510,30,0.23594873397936855,4,False,0.8451735377311707,True,0.23594873397936855,30,no_mask_reaches_0.5
recipe_v1,val32,2,4,3029,2,588,54,0.11007113440658929,7,False,0.8698990345001221,True,0.11007113440658929,54,no_mask_reaches_0.5
recipe_v1,val32,2,4,5008,4,139,97,0.026567278287461773,4,True,0.8979132771492004,True,0.026567278287461773,97,no_mask_reaches_0.5
recipe_v1,val32,2,4,5009,4,1161,57,0.12239970282317979,7,False,0.7508032321929932,True,0.12239970282317979,57,no_mask_reaches_0.5
recipe_v1,val32,2,4,5010,4,8552,30,0.33637644752159795,4,True,0.8451735377311707,True,0.33637644752159795,30,no_mask_reaches_0.5
recipe_v1,val32,2,4,5011,4,1795,97,0.2718552036199095,4,True,0.8979132771492004,True,0.2718552036199095,97,no_mask_reaches_0.5
recipe_v1,val32,2,4,7003,6,8147,57,0.3750923482849604,7,False,0.7508032321929932,True,0.3750923482849604,57,no_mask_reaches_0.5
recipe_v1,val32,2,4,12026,11,18,57,0.0036870135190495697,7,False,0.7508032321929932,True,0.0036870135190495697,57,no_mask_reaches_0.5
recipe_v1,val32,2,4,15028,14,1685,54,0.31542493448146763,7,False,0.8698990345001221,True,0.31542493448146763,54,no_mask_reaches_0.5
recipe_v1,val32,2,5,3002,2,6986,30,0.24625306024959695,4,False,0.8451735377311707,True,0.24625306024959695,30,no_mask_reaches_0.5
recipe_v1,val32,2,5,3029,2,732,54,0.13416422287390029,7,False,0.8698990345001221,True,0.13416422287390029,54,no_mask_reaches_0.5
recipe_v1,val32,2,5,5008,4,46,97,0.008813949032381682,4,True,0.8979132771492004,True,0.008813949032381682,97,no_mask_reaches_0.5
recipe_v1,val32,2,5,5009,4,1280,57,0.13326619671030548,7,False,0.7508032321929932,True,0.13326619671030548,57,no_mask_reaches_0.5
recipe_v1,val32,2,5,5010,4,8847,30,0.3117137911136757,4,True,0.8451735377311707,True,0.3117137911136757,30,no_mask_reaches_0.5
recipe_v1,val32,2,5,5011,4,1685,97,0.2401652595652955,4,True,0.8979132771492004,True,0.2401652595652955,97,no_mask_reaches_0.5
recipe_v1,val32,2,5,7003,6,8383,57,0.34007157365315793,7,False,0.7508032321929932,True,0.34007157365315793,57,no_mask_reaches_0.5
recipe_v1,val32,2,5,9025,8,20,30,0.00035971223021582735,4,False,0.8451735377311707,True,0.00035971223021582735,30,no_mask_reaches_0.5
recipe_v1,val32,2,5,12026,11,919,57,0.053751030502885405,7,False,0.7508032321929932,True,0.053751030502885405,57,no_mask_reaches_0.5
recipe_v1,val32,2,5,15028,14,1669,54,0.3059017595307918,7,False,0.8698990345001221,True,0.3059017595307918,54,no_mask_reaches_0.5
recipe_v1,val32,2,5,18027,17,100,30,0.007202016564638099,4,False,0.8451735377311707,True,0.007202016564638099,30,no_mask_reaches_0.5
recipe_v1,val32,3,0,3002,2,1200,54,0.07607994842037395,8,False,0.8753064870834351,True,0.07607994842037395,54,no_mask_reaches_0.5
recipe_v1,val32,3,0,5007,4,50,57,0.012757094506638896,8,False,0.7801622152328491,True,0.012757094506638896,57,no_mask_reaches_0.5
recipe_v1,val32,3,0,5009,4,1418,54,0.1186041532862342,8,False,0.8753064870834351,True,0.1186041532862342,54,no_mask_reaches_0.5
recipe_v1,val32,3,0,5010,4,4355,54,0.12346868547832071,8,False,0.8753064870834351,True,0.12346868547832071,54,no_mask_reaches_0.5
recipe_v1,val32,3,0,5011,4,10455,30,0.18124341412012646,6,False,0.8740555644035339,True,0.18124341412012646,30,no_mask_reaches_0.5
recipe_v1,val32,3,0,5012,4,932,97,0.24045407636738905,4,True,0.9278554320335388,True,0.24045407636738905,97,no_mask_reaches_0.5
recipe_v1,val32,3,0,7003,6,14143,30,0.2899237292150268,6,True,0.8740555644035339,True,0.2899237292150268,30,no_mask_reaches_0.5
recipe_v1,val32,3,0,9025,8,120,54,0.03152088258471237,8,True,0.8753064870834351,True,0.03152088258471237,54,no_mask_reaches_0.5
recipe_v1,val32,3,0,12026,11,294,30,0.016717325227963525,6,False,0.8740555644035339,True,0.016717325227963525,30,no_mask_reaches_0.5
recipe_v1,val32,3,0,18027,17,48,54,0.01260835303388495,8,False,0.8753064870834351,True,0.01260835303388495,54,no_mask_reaches_0.5
recipe_v1,val32,3,1,3002,2,1065,30,0.05670665212649945,6,False,0.8740555644035339,True,0.05670665212649945,30,no_mask_reaches_0.5
recipe_v1,val32,3,1,5007,4,183,57,0.03522276650338232,8,False,0.7801622152328491,True,0.03522276650338232,57,no_mask_reaches_0.5
recipe_v1,val32,3,1,5008,4,139,30,0.000808942491542874,6,False,0.8740555644035339,True,0.000808942491542874,30,no_mask_reaches_0.5
recipe_v1,val32,3,1,5009,4,801,54,0.18452179790469753,8,False,0.8753064870834351,True,0.18452179790469753,54,no_mask_reaches_0.5
recipe_v1,val32,3,1,5010,4,1567,35,0.19432090318166267,4,True,0.8876776695251465,True,0.19432090318166267,35,no_mask_reaches_0.5
recipe_v1,val32,3,1,5011,4,10712,30,0.3807239922347836,6,False,0.8740555644035339,True,0.3807239922347836,30,no_mask_reaches_0.5
recipe_v1,val32,3,1,5012,4,2845,97,0.48697682773486617,4,True,0.9278554320335388,True,0.48697682773486617,97,no_mask_reaches_0.5
recipe_v1,val32,3,1,7003,6,13257,57,0.24942922374429224,8,False,0.7801622152328491,True,0.24942922374429224,57,no_mask_reaches_0.5
recipe_v1,val32,3,1,9025,8,152,54,0.034782608695652174,8,True,0.8753064870834351,True,0.034782608695652174,54,no_mask_reaches_0.5
recipe_v1,val32,3,1,12026,11,415,30,0.021030958158688138,6,False,0.8740555644035339,True,0.021030958158688138,30,no_mask_reaches_0.5
recipe_v1,val32,3,2,3002,2,1429,30,0.06416619398752127,6,False,0.8740555644035339,True,0.06416619398752127,30,no_mask_reaches_0.5
recipe_v1,val32,3,2,5007,4,265,57,0.060167910447761194,8,False,0.7801622152328491,True,0.060167910447761194,57,no_mask_reaches_0.5
recipe_v1,val32,3,2,5008,4,23,,0.0,,False,,False,0.0,,no_mask_reaches_0.5
recipe_v1,val32,3,2,5009,4,1229,54,0.11637931034482758,8,False,0.8753064870834351,True,0.11637931034482758,54,no_mask_reaches_0.5
recipe_v1,val32,3,2,5010,4,3737,54,0.09880195237390918,8,False,0.8753064870834351,True,0.09880195237390918,54,no_mask_reaches_0.5
recipe_v1,val32,3,2,5011,4,10284,30,0.19997988635792227,6,False,0.8740555644035339,True,0.19997988635792227,30,no_mask_reaches_0.5
recipe_v1,val32,3,2,5012,4,1087,97,0.261738502287503,4,True,0.9278554320335388,True,0.261738502287503,97,no_mask_reaches_0.5
recipe_v1,val32,3,2,7003,6,14357,30,0.2612641083521445,6,True,0.8740555644035339,True,0.2612641083521445,30,no_mask_reaches_0.5
recipe_v1,val32,3,2,9025,8,238,54,0.051083177320139075,8,True,0.8753064870834351,True,0.051083177320139075,54,no_mask_reaches_0.5
recipe_v1,val32,3,2,12026,11,487,30,0.031078208605145496,6,False,0.8740555644035339,True,0.031078208605145496,30,no_mask_reaches_0.5
recipe_v1,val32,3,2,18027,17,31,54,0.008396533044420368,8,False,0.8753064870834351,True,0.008396533044420368,54,no_mask_reaches_0.5
recipe_v1,val32,3,3,3002,2,1270,30,0.05804585829374096,6,False,0.8740555644035339,True,0.05804585829374096,30,no_mask_reaches_0.5
recipe_v1,val32,3,3,5007,4,782,57,0.11788696834336765,8,False,0.7801622152328491,True,0.11788696834336765,57,no_mask_reaches_0.5
recipe_v1,val32,3,3,5009,4,991,54,0.18992443324937028,8,False,0.8753064870834351,True,0.18992443324937028,54,no_mask_reaches_0.5
recipe_v1,val32,3,3,5010,4,1950,35,0.14968517458500286,4,True,0.8876776695251465,True,0.14968517458500286,35,no_mask_reaches_0.5
recipe_v1,val32,3,3,5011,4,10462,30,0.33627162912177605,6,False,0.8740555644035339,True,0.33627162912177605,30,no_mask_reaches_0.5
recipe_v1,val32,3,3,5012,4,2149,97,0.44311120634240414,4,True,0.9278554320335388,True,0.44311120634240414,97,no_mask_reaches_0.5
recipe_v1,val32,3,3,7003,6,13817,57,0.22865175885968353,8,False,0.7801622152328491,True,0.22865175885968353,57,no_mask_reaches_0.5
recipe_v1,val32,3,3,9024,8,21,,0.0,,False,,False,0.0,,no_mask_reaches_0.5
recipe_v1,val32,3,3,9025,8,278,54,0.0483533716675379,8,True,0.8753064870834351,True,0.0483533716675379,54,no_mask_reaches_0.5
recipe_v1,val32,3,3,12026,11,771,30,0.03092712017197143,6,False,0.8740555644035339,True,0.03092712017197143,30,no_mask_reaches_0.5
recipe_v1,val32,3,3,18027,17,4,54,0.0010715242432360033,8,False,0.8753064870834351,True,0.0010715242432360033,54,no_mask_reaches_0.5
recipe_v1,val32,3,4,3002,2,1195,30,0.05660768592756428,6,False,0.8740555644035339,True,0.05660768592756428,30,no_mask_reaches_0.5
recipe_v1,val32,3,4,5007,4,722,57,0.10739810701178289,8,False,0.7801622152328491,True,0.10739810701178289,57,no_mask_reaches_0.5
recipe_v1,val32,3,4,5008,4,39,30,7.077140835102619e-05,6,False,0.8740555644035339,True,7.077140835102619e-05,30,no_mask_reaches_0.5
recipe_v1,val32,3,4,5009,4,957,54,0.20876360591682946,8,False,0.8753064870834351,True,0.20876360591682946,54,no_mask_reaches_0.5
recipe_v1,val32,3,4,5010,4,1844,35,0.15950363196125908,4,True,0.8876776695251465,True,0.15950363196125908,35,no_mask_reaches_0.5
recipe_v1,val32,3,4,5011,4,10610,30,0.3430109280704616,6,False,0.8740555644035339,True,0.3430109280704616,30,no_mask_reaches_0.5
recipe_v1,val32,3,4,5012,4,2365,97,0.4554732839703822,4,True,0.9278554320335388,True,0.4554732839703822,97,no_mask_reaches_0.5
recipe_v1,val32,3,4,7003,6,13724,57,0.23794105986520417,8,False,0.7801622152328491,True,0.23794105986520417,57,no_mask_reaches_0.5
recipe_v1,val32,3,4,9024,8,4,,0.0,,False,,False,0.0,,no_mask_reaches_0.5
recipe_v1,val32,3,4,9025,8,250,54,0.04498269896193772,8,True,0.8753064870834351,True,0.04498269896193772,54,no_mask_reaches_0.5
recipe_v1,val32,3,4,12026,11,669,30,0.030868077379705285,6,False,0.8740555644035339,True,0.030868077379705285,30,no_mask_reaches_0.5
recipe_v1,val32,3,5,3002,2,1247,30,0.059811268387454895,6,False,0.8740555644035339,True,0.059811268387454895,30,no_mask_reaches_0.5
recipe_v1,val32,3,5,5007,4,574,57,0.09100020044097014,8,False,0.7801622152328491,True,0.09100020044097014,57,no_mask_reaches_0.5
recipe_v1,val32,3,5,5008,4,154,30,0.0007056665020111495,6,False,0.8740555644035339,True,0.0007056665020111495,30,no_mask_reaches_0.5
recipe_v1,val32,3,5,5009,4,760,54,0.18261455525606468,8,False,0.8753064870834351,True,0.18261455525606468,54,no_mask_reaches_0.5
recipe_v1,val32,3,5,5010,4,1572,35,0.19668164535084687,4,True,0.8876776695251465,True,0.19668164535084687,35,no_mask_reaches_0.5
recipe_v1,val32,3,5,5011,4,10623,30,0.35790227510604306,6,False,0.8740555644035339,True,0.35790227510604306,30,no_mask_reaches_0.5
recipe_v1,val32,3,5,5012,4,2917,97,0.49731279111429594,4,True,0.9278554320335388,True,0.49731279111429594,97,no_mask_reaches_0.5
recipe_v1,val32,3,5,7003,6,13585,57,0.2539240334307264,8,False,0.7801622152328491,True,0.2539240334307264,57,no_mask_reaches_0.5
recipe_v1,val32,3,5,9025,8,214,54,0.04256067534294759,8,True,0.8753064870834351,True,0.04256067534294759,54,no_mask_reaches_0.5
recipe_v1,val32,3,5,12026,11,608,30,0.028605566488614,6,False,0.8740555644035339,True,0.028605566488614,30,no_mask_reaches_0.5
recipe_v1,val32,4,0,3002,2,546,54,0.1045925925925926,8,False,0.8789008855819702,True,0.1045925925925926,54,no_mask_reaches_0.5
recipe_v1,val32,4,0,5007,4,2,,0.0,,False,,False,0.0,,no_mask_reaches_0.5
recipe_v1,val32,4,0,5009,4,1325,54,0.08289283998077847,8,False,0.8789008855819702,True,0.08289283998077847,54,no_mask_reaches_0.5
recipe_v1,val32,4,0,5010,4,4620,54,0.1509072134533117,8,False,0.8789008855819702,True,0.1509072134533117,54,no_mask_reaches_0.5
recipe_v1,val32,4,0,5011,4,10958,30,0.1643795620437956,6,False,0.8775492906570435,True,0.1643795620437956,30,no_mask_reaches_0.5
recipe_v1,val32,4,0,5012,4,948,97,0.18265895953757225,4,True,0.9343553781509399,True,0.18265895953757225,97,no_mask_reaches_0.5
recipe_v1,val32,4,0,7003,6,13979,30,0.3371539148556118,6,True,0.8775492906570435,True,0.3371539148556118,30,no_mask_reaches_0.5
recipe_v1,val32,4,0,12026,11,3,54,0.0009428032683846638,8,False,0.8789008855819702,True,0.0009428032683846638,54,no_mask_reaches_0.5
recipe_v1,val32,4,1,3002,2,1373,30,0.062135922330097085,6,False,0.8775492906570435,True,0.062135922330097085,30,no_mask_reaches_0.5
recipe_v1,val32,4,1,5007,4,800,57,0.14391353811149032,8,False,0.796870231628418,True,0.14391353811149032,57,no_mask_reaches_0.5
recipe_v1,val32,4,1,5009,4,910,54,0.16741019018548955,8,False,0.8789008855819702,True,0.16741019018548955,54,no_mask_reaches_0.5
recipe_v1,val32,4,1,5010,4,2190,54,0.16100278551532032,8,False,0.8789008855819702,True,0.16100278551532032,54,no_mask_reaches_0.5
recipe_v1,val32,4,1,5011,4,10367,30,0.33145856767904014,6,False,0.8775492906570435,True,0.33145856767904014,30,no_mask_reaches_0.5
recipe_v1,val32,4,1,5012,4,1801,97,0.3325319030885889,4,True,0.9343553781509399,True,0.3325319030885889,97,no_mask_reaches_0.5
recipe_v1,val32,4,1,7003,6,14013,57,0.23506385163319002,8,False,0.796870231628418,True,0.23506385163319002,57,no_mask_reaches_0.5
recipe_v1,val32,4,1,9024,8,42,30,0.002206896551724138,6,False,0.8775492906570435,True,0.002206896551724138,30,no_mask_reaches_0.5
recipe_v1,val32,4,1,9025,8,308,54,0.03579047167575255,8,True,0.8789008855819702,True,0.03579047167575255,54,no_mask_reaches_0.5
recipe_v1,val32,4,1,12026,11,746,30,0.02772344013490725,6,False,0.8775492906570435,True,0.02772344013490725,30,no_mask_reaches_0.5
recipe_v1,val32,4,1,18027,17,17,54,0.004185130477597243,8,False,0.8789008855819702,True,0.004185130477597243,54,no_mask_reaches_0.5
recipe_v1,val32,4,2,3002,2,566,54,0.11054709531866892,8,False,0.8789008855819702,True,0.11054709531866892,54,no_mask_reaches_0.5
recipe_v1,val32,4,2,5009,4,1280,54,0.07710118082889558,8,False,0.8789008855819702,True,0.07710118082889558,54,no_mask_reaches_0.5
recipe_v1,val32,4,2,5010,4,4748,54,0.16033152329236924,8,False,0.8789008855819702,True,0.16033152329236924,54,no_mask_reaches_0.5
recipe_v1,val32,4,2,5011,4,10829,30,0.17137206427688503,6,False,0.8775492906570435,True,0.17137206427688503,30,no_mask_reaches_0.5
recipe_v1,val32,4,2,5012,4,928,97,0.18497109826589594,4,True,0.9343553781509399,True,0.18497109826589594,97,no_mask_reaches_0.5
recipe_v1,val32,4,2,7003,6,13801,30,0.3334833708427107,6,True,0.8775492906570435,True,0.3334833708427107,30,no_mask_reaches_0.5
recipe_v1,val32,4,2,12026,11,2,54,0.0005931198102016608,8,False,0.8789008855819702,True,0.0005931198102016608,54,no_mask_reaches_0.5
recipe_v1,val32,4,3,3002,2,561,54,0.0973641742872512,8,False,0.8789008855819702,True,0.0973641742872512,54,no_mask_reaches_0.5
recipe_v1,val32,4,3,5009,4,1414,54,0.08179824561403509,8,False,0.8789008855819702,True,0.08179824561403509,54,no_mask_reaches_0.5
recipe_v1,val32,4,3,5010,4,4716,54,0.16643059490084985,8,False,0.8789008855819702,True,0.16643059490084985,54,no_mask_reaches_0.5
recipe_v1,val32,4,3,5011,4,10670,30,0.1784769038701623,6,False,0.8775492906570435,True,0.1784769038701623,30,no_mask_reaches_0.5
recipe_v1,val32,4,3,5012,4,966,97,0.19554655870445345,4,True,0.9343553781509399,True,0.19554655870445345,97,no_mask_reaches_0.5
recipe_v1,val32,4,3,7003,6,13880,30,0.3236397748592871,6,True,0.8775492906570435,True,0.3236397748592871,30,no_mask_reaches_0.5
recipe_v1,val32,4,3,12026,11,27,54,0.0076726342710997444,8,False,0.8789008855819702,True,0.0076726342710997444,54,no_mask_reaches_0.5
recipe_v1,val32,4,4,3002,2,1316,30,0.06172839506172839,6,False,0.8775492906570435,True,0.06172839506172839,30,no_mask_reaches_0.5
recipe_v1,val32,4,4,5007,4,776,57,0.13962544038568514,8,False,0.796870231628418,True,0.13962544038568514,57,no_mask_reaches_0.5
recipe_v1,val32,4,4,5008,4,53,,0.0,,False,,False,0.0,,no_mask_reaches_0.5
recipe_v1,val32,4,4,5009,4,969,54,0.15883433972171174,8,False,0.8789008855819702,True,0.15883433972171174,54,no_mask_reaches_0.5
recipe_v1,val32,4,4,5010,4,2687,54,0.13032258064516128,8,False,0.8789008855819702,True,0.13032258064516128,54,no_mask_reaches_0.5
recipe_v1,val32,4,4,5011,4,10281,30,0.26276116760256996,6,False,0.8775492906570435,True,0.26276116760256996,30,no_mask_reaches_0.5
recipe_v1,val32,4,4,5012,4,1547,97,0.2697001394700139,4,True,0.9343553781509399,True,0.2697001394700139,97,no_mask_reaches_0.5
recipe_v1,val32,4,4,7003,6,14207,57,0.23025199522403067,8,False,0.796870231628418,True,0.23025199522403067,57,no_mask_reaches_0.5
recipe_v1,val32,4,4,9024,8,36,30,0.002452316076294278,6,False,0.8775492906570435,True,0.002452316076294278,30,no_mask_reaches_0.5
recipe_v1,val32,4,4,9025,8,274,54,0.037957019257605355,8,True,0.8789008855819702,True,0.037957019257605355,54,no_mask_reaches_0.5
recipe_v1,val32,4,4,12026,11,822,30,0.033466666666666665,6,False,0.8775492906570435,True,0.033466666666666665,30,no_mask_reaches_0.5
recipe_v1,val32,4,4,18027,17,24,54,0.006966618287373005,8,False,0.8789008855819702,True,0.006966618287373005,54,no_mask_reaches_0.5
recipe_v1,val32,4,5,3002,2,1373,30,0.062433368869936036,6,False,0.8775492906570435,True,0.062433368869936036,30,no_mask_reaches_0.5
recipe_v1,val32,4,5,5007,4,816,57,0.14781466891765146,8,False,0.796870231628418,True,0.14781466891765146,57,no_mask_reaches_0.5
recipe_v1,val32,4,5,5009,4,902,54,0.16587225929456625,8,False,0.8789008855819702,True,0.16587225929456625,54,no_mask_reaches_0.5
recipe_v1,val32,4,5,5010,4,2305,54,0.1584468163415532,8,False,0.8789008855819702,True,0.1584468163415532,54,no_mask_reaches_0.5
recipe_v1,val32,4,5,5011,4,10400,30,0.31107260985982044,6,False,0.8775492906570435,True,0.31107260985982044,30,no_mask_reaches_0.5
recipe_v1,val32,4,5,5012,4,1676,97,0.30786186627479795,4,True,0.9343553781509399,True,0.30786186627479795,97,no_mask_reaches_0.5
recipe_v1,val32,4,5,7003,6,13952,57,0.23738834265150055,8,False,0.796870231628418,True,0.23738834265150055,57,no_mask_reaches_0.5
recipe_v1,val32,4,5,9024,8,70,30,0.0031515483694162785,6,False,0.8775492906570435,True,0.0031515483694162785,30,no_mask_reaches_0.5
recipe_v1,val32,4,5,9025,8,282,54,0.036893203883495145,8,True,0.8789008855819702,True,0.036893203883495145,54,no_mask_reaches_0.5
recipe_v1,val32,4,5,12026,11,834,30,0.029056175272192907,6,False,0.8775492906570435,True,0.029056175272192907,30,no_mask_reaches_0.5
recipe_v1,val32,4,5,18027,17,21,54,0.005263157894736842,8,False,0.8789008855819702,True,0.005263157894736842,54,no_mask_reaches_0.5
recipe_v1,val32,5,0,3002,2,3272,54,0.21428571428571427,7,False,0.8613601326942444,True,0.21428571428571427,54,no_mask_reaches_0.5
recipe_v1,val32,5,0,3029,2,268,54,0.04933726067746686,7,False,0.8613601326942444,True,0.04933726067746686,54,no_mask_reaches_0.5
recipe_v1,val32,5,0,5009,4,373,57,0.017172430016466712,7,False,0.7278203964233398,True,0.017172430016466712,57,no_mask_reaches_0.5
recipe_v1,val32,5,0,5010,4,6939,30,0.44703200065141274,4,True,0.8434449434280396,True,0.44703200065141274,30,no_mask_reaches_0.5
recipe_v1,val32,5,0,5011,4,4683,97,0.25600165562913907,4,True,0.8839410543441772,True,0.25600165562913907,97,no_mask_reaches_0.5
recipe_v1,val32,5,0,7003,6,6993,57,0.47077005778793174,7,False,0.7278203964233398,True,0.47077005778793174,57,no_mask_reaches_0.5
recipe_v1,val32,5,0,15028,14,617,54,0.1135861561119293,7,False,0.8613601326942444,True,0.1135861561119293,54,no_mask_reaches_0.5
recipe_v1,val32,5,1,3002,2,6510,54,0.15937474820723552,7,False,0.8613601326942444,True,0.15937474820723552,54,no_mask_reaches_0.5
recipe_v1,val32,5,1,3029,2,588,54,0.07462875999492322,7,False,0.8613601326942444,True,0.07462875999492322,54,no_mask_reaches_0.5
recipe_v1,val32,5,1,5008,4,139,97,0.027265594350725775,4,True,0.8839410543441772,True,0.027265594350725775,97,no_mask_reaches_0.5
recipe_v1,val32,5,1,5009,4,1161,57,0.07834245504300234,7,False,0.7278203964233398,True,0.07834245504300234,57,no_mask_reaches_0.5
recipe_v1,val32,5,1,5010,4,8552,30,0.39849135128105084,4,True,0.8434449434280396,True,0.39849135128105084,30,no_mask_reaches_0.5
recipe_v1,val32,5,1,5011,4,1795,97,0.3299247540034729,4,True,0.8839410543441772,True,0.3299247540034729,97,no_mask_reaches_0.5
recipe_v1,val32,5,1,7003,6,8147,57,0.4893251797017487,7,False,0.7278203964233398,True,0.4893251797017487,57,no_mask_reaches_0.5
recipe_v1,val32,5,1,12026,11,18,57,0.003138622493461203,7,False,0.7278203964233398,True,0.003138622493461203,57,no_mask_reaches_0.5
recipe_v1,val32,5,1,15028,14,1685,54,0.21385962685620002,7,False,0.8613601326942444,True,0.21385962685620002,54,no_mask_reaches_0.5
recipe_v1,val32,5,2,3002,2,3399,54,0.20125303669607467,7,False,0.8613601326942444,True,0.20125303669607467,54,no_mask_reaches_0.5
recipe_v1,val32,5,2,3029,2,310,54,0.051701134089392926,7,False,0.8613601326942444,True,0.051701134089392926,54,no_mask_reaches_0.5
recipe_v1,val32,5,2,5009,4,341,57,0.014110150204824761,7,False,0.7278203964233398,True,0.014110150204824761,57,no_mask_reaches_0.5
recipe_v1,val32,5,2,5010,4,7024,30,0.4400095602294455,4,True,0.8434449434280396,True,0.4400095602294455,30,no_mask_reaches_0.5
recipe_v1,val32,5,2,5011,4,4447,97,0.25146977260122017,4,True,0.8839410543441772,True,0.25146977260122017,97,no_mask_reaches_0.5
recipe_v1,val32,5,2,7003,6,7260,57,0.4871224996731599,7,False,0.7278203964233398,True,0.4871224996731599,57,no_mask_reaches_0.5
recipe_v1,val32,5,2,15028,14,784,54,0.13075383589059372,7,False,0.8613601326942444,True,0.13075383589059372,54,no_mask_reaches_0.5
recipe_v1,val32,5,3,3002,2,3660,54,0.20168980084490043,7,False,0.8613601326942444,True,0.20168980084490043,54,no_mask_reaches_0.5
recipe_v1,val32,5,3,3029,2,301,54,0.04780813214739517,7,False,0.8613601326942444,True,0.04780813214739517,54,no_mask_reaches_0.5
recipe_v1,val32,5,3,5009,4,360,57,0.013445007714348688,7,False,0.7278203964233398,True,0.013445007714348688,57,no_mask_reaches_0.5
recipe_v1,val32,5,3,5010,4,7003,30,0.427115987460815,4,True,0.8434449434280396,True,0.427115987460815,30,no_mask_reaches_0.5
recipe_v1,val32,5,3,5011,4,4292,97,0.27007042253521124,4,True,0.8839410543441772,True,0.27007042253521124,97,no_mask_reaches_0.5
recipe_v1,val32,5,3,7003,6,7657,57,0.4971680302076778,7,False,0.7278203964233398,True,0.4971680302076778,57,no_mask_reaches_0.5
recipe_v1,val32,5,3,15028,14,918,54,0.14580686149936467,7,False,0.8613601326942444,True,0.14580686149936467,54,no_mask_reaches_0.5
recipe_v1,val32,5,4,3002,2,3858,54,0.19590710508162795,7,False,0.8613601326942444,True,0.19590710508162795,54,no_mask_reaches_0.5
recipe_v1,val32,5,4,3029,2,367,54,0.056081907090464546,7,False,0.8613601326942444,True,0.056081907090464546,54,no_mask_reaches_0.5
recipe_v1,val32,5,4,5009,4,376,57,0.014084507042253521,7,False,0.7278203964233398,True,0.014084507042253521,57,no_mask_reaches_0.5
recipe_v1,val32,5,4,5010,4,7177,30,0.427683095347766,4,True,0.8434449434280396,True,0.427683095347766,30,no_mask_reaches_0.5
recipe_v1,val32,5,4,5011,4,4132,97,0.2822432200269972,4,True,0.8839410543441772,True,0.2822432200269972,97,no_mask_reaches_0.5
recipe_v1,val32,5,4,7003,6,7857,57,0.513716324271128,7,False,0.7278203964233398,True,0.513716324271128,57,reader_true_positive
recipe_v1,val32,5,4,15028,14,1024,54,0.15647921760391198,7,False,0.8613601326942444,True,0.15647921760391198,54,no_mask_reaches_0.5
recipe_v1,val32,5,5,3002,2,4592,54,0.2013380057343103,7,False,0.8613601326942444,True,0.2013380057343103,54,no_mask_reaches_0.5
recipe_v1,val32,5,5,3029,2,322,54,0.0479095372712394,7,False,0.8613601326942444,True,0.0479095372712394,54,no_mask_reaches_0.5
recipe_v1,val32,5,5,5008,4,113,97,0.005774032459425718,4,True,0.8839410543441772,True,0.005774032459425718,97,no_mask_reaches_0.5
recipe_v1,val32,5,5,5009,4,313,57,0.011396011396011397,7,False,0.7278203964233398,True,0.011396011396011397,57,no_mask_reaches_0.5
recipe_v1,val32,5,5,5010,4,7147,30,0.3925404850882978,4,True,0.8434449434280396,True,0.3925404850882978,30,no_mask_reaches_0.5
recipe_v1,val32,5,5,5011,4,3737,97,0.3502749094810245,4,True,0.8839410543441772,True,0.3502749094810245,97,no_mask_reaches_0.5
recipe_v1,val32,5,5,7003,6,8776,57,0.5301298413050716,7,False,0.7278203964233398,True,0.5301298413050716,57,reader_true_positive
recipe_v1,val32,5,5,15028,14,1144,54,0.1702127659574468,7,False,0.8613601326942444,True,0.1702127659574468,54,no_mask_reaches_0.5
recipe_v1,val32,6,0,3022,2,511,54,0.07995516532785354,4,False,0.8756870627403259,True,0.07995516532785354,54,no_mask_reaches_0.5
recipe_v1,val32,6,0,5003,4,10,57,0.003323363243602526,8,False,0.7120793461799622,True,0.003323363243602526,57,no_mask_reaches_0.5
recipe_v1,val32,6,0,5004,4,729,57,0.07259684361549498,8,False,0.7120793461799622,True,0.07259684361549498,57,no_mask_reaches_0.5
recipe_v1,val32,6,0,5005,4,31,57,0.01030242605516783,8,False,0.7120793461799622,True,0.01030242605516783,57,no_mask_reaches_0.5
recipe_v1,val32,6,0,5007,4,8678,35,0.4276016354238988,4,True,0.9221861362457275,True,0.4276016354238988,35,no_mask_reaches_0.5
recipe_v1,val32,6,0,5009,4,7553,14,0.14308932924923423,4,True,0.9311078786849976,True,0.14308932924923423,14,no_mask_reaches_0.5
recipe_v1,val32,6,0,5011,4,443,54,0.053087557603686636,4,True,0.8756870627403259,True,0.053087557603686636,54,no_mask_reaches_0.5
recipe_v1,val32,6,0,5012,4,145,54,0.027514231499051234,4,True,0.8756870627403259,True,0.027514231499051234,54,no_mask_reaches_0.5
recipe_v1,val32,6,0,7016,6,32265,30,0.2978314745972738,6,True,0.8743136525154114,True,0.2978314745972738,30,no_mask_reaches_0.5
recipe_v1,val32,6,1,3022,2,129,30,0.011269328208264174,6,False,0.8743136525154114,True,0.011269328208264174,30,no_mask_reaches_0.5
recipe_v1,val32,6,1,3027,2,13,30,0.0011356687341661572,6,False,0.8743136525154114,True,0.0011356687341661572,30,no_mask_reaches_0.5
recipe_v1,val32,6,1,5003,4,1531,97,0.05084891838317677,4,True,0.8886737823486328,True,0.05084891838317677,97,no_mask_reaches_0.5
recipe_v1,val32,6,1,5004,4,2063,97,0.18736586731361388,4,True,0.8886737823486328,True,0.18736586731361388,97,no_mask_reaches_0.5
recipe_v1,val32,6,1,5006,4,242,57,0.04410899823564007,8,False,0.7120793461799622,True,0.04410899823564007,57,no_mask_reaches_0.5
recipe_v1,val32,6,1,5007,4,7564,35,0.28173777315296566,4,True,0.9221861362457275,True,0.28173777315296566,35,no_mask_reaches_0.5
recipe_v1,val32,6,1,5008,4,86,30,0.004791775570656909,6,False,0.8743136525154114,True,0.004791775570656909,30,no_mask_reaches_0.5
recipe_v1,val32,6,1,5009,4,7053,97,0.3409280145333434,4,True,0.8886737823486328,True,0.3409280145333434,97,no_mask_reaches_0.5
recipe_v1,val32,6,1,5010,4,354,30,0.03092513322267843,6,False,0.8743136525154114,True,0.03092513322267843,30,no_mask_reaches_0.5
recipe_v1,val32,6,1,5011,4,4,30,0.0003494365335895868,6,False,0.8743136525154114,True,0.0003494365335895868,30,no_mask_reaches_0.5
recipe_v1,val32,6,1,7016,6,30577,30,0.30643205769888393,6,True,0.8743136525154114,True,0.30643205769888393,30,no_mask_reaches_0.5
recipe_v1,val32,6,1,12013,11,179,30,0.015282508077897126,6,False,0.8743136525154114,True,0.015282508077897126,30,no_mask_reaches_0.5
recipe_v1,val32,6,1,15002,14,121,30,0.010570455141085,6,False,0.8743136525154114,True,0.010570455141085,30,no_mask_reaches_0.5
recipe_v1,val32,6,2,3022,2,652,54,0.09886452623335944,4,False,0.8756870627403259,True,0.09886452623335944,54,no_mask_reaches_0.5
recipe_v1,val32,6,2,5003,4,73,57,0.022516964836520666,8,False,0.7120793461799622,True,0.022516964836520666,57,no_mask_reaches_0.5
recipe_v1,val32,6,2,5004,4,832,57,0.06232073011734029,8,False,0.7120793461799622,True,0.06232073011734029,57,no_mask_reaches_0.5
recipe_v1,val32,6,2,5005,4,21,57,0.006477483035163479,8,False,0.7120793461799622,True,0.006477483035163479,57,no_mask_reaches_0.5
recipe_v1,val32,6,2,5007,4,8478,35,0.43685350012027907,4,True,0.9221861362457275,True,0.43685350012027907,35,no_mask_reaches_0.5
recipe_v1,val32,6,2,5009,4,7620,14,0.1393559595458212,4,True,0.9311078786849976,True,0.1393559595458212,14,no_mask_reaches_0.5
recipe_v1,val32,6,2,5011,4,541,54,0.06565950029052876,4,True,0.8756870627403259,True,0.06565950029052876,54,no_mask_reaches_0.5
recipe_v1,val32,6,2,5012,4,44,54,0.008869179600886918,4,True,0.8756870627403259,True,0.008869179600886918,54,no_mask_reaches_0.5
recipe_v1,val32,6,2,7016,6,32550,30,0.2976048087833901,6,True,0.8743136525154114,True,0.2976048087833901,30,no_mask_reaches_0.5
recipe_v1,val32,6,3,3022,2,608,54,0.09413815646110264,4,False,0.8756870627403259,True,0.09413815646110264,54,no_mask_reaches_0.5
recipe_v1,val32,6,3,5003,4,148,57,0.041939321832242714,8,False,0.7120793461799622,True,0.041939321832242714,57,no_mask_reaches_0.5
recipe_v1,val32,6,3,5004,4,920,57,0.05166051660516605,8,False,0.7120793461799622,True,0.05166051660516605,57,no_mask_reaches_0.5
recipe_v1,val32,6,3,5005,4,15,57,0.004470938897168405,8,False,0.7120793461799622,True,0.004470938897168405,57,no_mask_reaches_0.5
recipe_v1,val32,6,3,5007,4,8118,35,0.45355748004754626,4,True,0.9221861362457275,True,0.45355748004754626,35,no_mask_reaches_0.5
recipe_v1,val32,6,3,5009,4,7761,97,0.18025698047936745,4,True,0.8886737823486328,True,0.18025698047936745,97,no_mask_reaches_0.5
recipe_v1,val32,6,3,5011,4,572,54,0.0783041315163314,4,True,0.8756870627403259,True,0.0783041315163314,54,no_mask_reaches_0.5
recipe_v1,val32,6,3,7016,6,32647,30,0.2924951892238615,6,True,0.8743136525154114,True,0.2924951892238615,30,no_mask_reaches_0.5
recipe_v1,val32,6,4,3022,2,252,30,0.015075817337189937,6,False,0.8743136525154114,True,0.015075817337189937,30,no_mask_reaches_0.5
recipe_v1,val32,6,4,5003,4,1390,57,0.06317978246960973,8,False,0.7120793461799622,True,0.06317978246960973,57,no_mask_reaches_0.5
recipe_v1,val32,6,4,5004,4,2650,97,0.24384440306228017,4,True,0.8886737823486328,True,0.24384440306228017,97,no_mask_reaches_0.5
recipe_v1,val32,6,4,5006,4,230,57,0.04256127683830515,8,False,0.7120793461799622,True,0.04256127683830515,57,no_mask_reaches_0.5
recipe_v1,val32,6,4,5007,4,5339,35,0.30265486725663715,4,True,0.9221861362457275,True,0.30265486725663715,35,no_mask_reaches_0.5
recipe_v1,val32,6,4,5008,4,29,30,0.0021175224986765486,6,False,0.8743136525154114,True,0.0021175224986765486,30,no_mask_reaches_0.5
recipe_v1,val32,6,4,5009,4,7608,97,0.3231260713729157,4,True,0.8886737823486328,True,0.3231260713729157,97,no_mask_reaches_0.5
recipe_v1,val32,6,4,5010,4,334,30,0.029481860711448496,6,False,0.8743136525154114,True,0.029481860711448496,30,no_mask_reaches_0.5
recipe_v1,val32,6,4,5011,4,94,,0.0,,False,,False,0.0,,no_mask_reaches_0.5
recipe_v1,val32,6,4,7016,6,31456,30,0.30941086457536343,6,True,0.8743136525154114,True,0.30941086457536343,30,no_mask_reaches_0.5
recipe_v1,val32,6,4,12013,11,210,30,0.010508801120938787,6,False,0.8743136525154114,True,0.010508801120938787,30,no_mask_reaches_0.5
recipe_v1,val32,6,4,15002,14,95,30,0.008385559184394034,6,False,0.8743136525154114,True,0.008385559184394034,30,no_mask_reaches_0.5
recipe_v1,val32,6,5,3022,2,154,30,0.013295346628679962,6,False,0.8743136525154114,True,0.013295346628679962,30,no_mask_reaches_0.5
recipe_v1,val32,6,5,3027,2,8,30,0.000690667357334024,6,False,0.8743136525154114,True,0.000690667357334024,30,no_mask_reaches_0.5
recipe_v1,val32,6,5,5003,4,1452,57,0.04246153846153846,8,False,0.7120793461799622,True,0.04246153846153846,57,no_mask_reaches_0.5
recipe_v1,val32,6,5,5004,4,2500,97,0.21112132352941176,4,True,0.8886737823486328,True,0.21112132352941176,97,no_mask_reaches_0.5
recipe_v1,val32,6,5,5005,4,5,57,0.0009391435011269722,8,False,0.7120793461799622,True,0.0009391435011269722,57,no_mask_reaches_0.5
recipe_v1,val32,6,5,5006,4,262,57,0.046067415730337076,8,False,0.7120793461799622,True,0.046067415730337076,57,no_mask_reaches_0.5
recipe_v1,val32,6,5,5007,4,6169,35,0.27387944358578054,4,True,0.9221861362457275,True,0.27387944358578054,35,no_mask_reaches_0.5
recipe_v1,val32,6,5,5008,4,111,30,0.006108577819839972,6,False,0.8743136525154114,True,0.006108577819839972,30,no_mask_reaches_0.5
recipe_v1,val32,6,5,5009,4,7267,97,0.32476928755998524,4,True,0.8886737823486328,True,0.32476928755998524,97,no_mask_reaches_0.5
recipe_v1,val32,6,5,5010,4,340,30,0.02935336268669602,6,False,0.8743136525154114,True,0.02935336268669602,30,no_mask_reaches_0.5
recipe_v1,val32,6,5,5011,4,2,30,0.000172666839333506,6,False,0.8743136525154114,True,0.000172666839333506,30,no_mask_reaches_0.5
recipe_v1,val32,6,5,7016,6,30512,30,0.3109214910778238,6,True,0.8743136525154114,True,0.3109214910778238,30,no_mask_reaches_0.5
recipe_v1,val32,6,5,12013,11,195,30,0.015782664941785252,6,False,0.8743136525154114,True,0.015782664941785252,30,no_mask_reaches_0.5
recipe_v1,val32,6,5,15002,14,132,30,0.011396011396011397,6,False,0.8743136525154114,True,0.011396011396011397,30,no_mask_reaches_0.5
recipe_v1,val32,6,5,20026,19,94,57,0.017655897821187077,8,False,0.7120793461799622,True,0.017655897821187077,57,no_mask_reaches_0.5
recipe_v1,val32,7,0,3022,2,409,54,0.04881952781112445,8,False,0.8706956505775452,True,0.04881952781112445,54,no_mask_reaches_0.5
recipe_v1,val32,7,0,5004,4,162,,0.0,,False,,False,0.0,,no_mask_reaches_0.5
recipe_v1,val32,7,0,5007,4,9865,35,0.2570713873388493,4,True,0.9192160367965698,True,0.2570713873388493,35,no_mask_reaches_0.5
recipe_v1,val32,7,0,5009,4,6642,14,0.12242058891722699,4,True,0.9313998818397522,True,0.12242058891722699,14,no_mask_reaches_0.5
recipe_v1,val32,7,0,5011,4,357,54,0.027492765061825835,8,False,0.8706956505775452,True,0.027492765061825835,54,no_mask_reaches_0.5
recipe_v1,val32,7,0,5012,4,591,54,0.07928628924067614,8,False,0.8706956505775452,True,0.07928628924067614,54,no_mask_reaches_0.5
recipe_v1,val32,7,0,7016,6,31754,30,0.2089185614410783,6,True,0.8668031692504883,True,0.2089185614410783,30,no_mask_reaches_0.5
recipe_v1,val32,7,1,3022,2,44,30,0.003973299427844882,6,False,0.8668031692504883,True,0.003973299427844882,30,no_mask_reaches_0.5
recipe_v1,val32,7,1,3027,2,70,30,0.002370417193426043,6,False,0.8668031692504883,True,0.002370417193426043,30,no_mask_reaches_0.5
recipe_v1,val32,7,1,5003,4,1466,97,0.15172842061684952,6,False,0.8882366418838501,True,0.15172842061684952,97,no_mask_reaches_0.5
recipe_v1,val32,7,1,5004,4,1851,97,0.1910821435961101,6,False,0.8882366418838501,True,0.1910821435961101,97,no_mask_reaches_0.5
recipe_v1,val32,7,1,5005,4,294,57,0.07186499854524295,8,False,0.7440316081047058,True,0.07186499854524295,57,no_mask_reaches_0.5
recipe_v1,val32,7,1,5006,4,225,97,0.011975435005117708,6,False,0.8882366418838501,True,0.011975435005117708,97,no_mask_reaches_0.5
recipe_v1,val32,7,1,5007,4,14769,14,0.651816764600072,4,True,0.9313998818397522,True,0.651816764600072,14,reader_true_positive
recipe_v1,val32,7,1,5008,4,289,,0.0,,False,,False,0.0,,no_mask_reaches_0.5
recipe_v1,val32,7,1,5009,4,5151,97,0.17219276727071298,6,False,0.8882366418838501,True,0.17219276727071298,97,no_mask_reaches_0.5
recipe_v1,val32,7,1,5010,4,438,30,0.0440261356565028,6,False,0.8668031692504883,True,0.0440261356565028,30,no_mask_reaches_0.5
recipe_v1,val32,7,1,7016,6,27994,30,0.16788793837974167,6,True,0.8668031692504883,True,0.16788793837974167,30,no_mask_reaches_0.5
recipe_v1,val32,7,1,15002,14,102,30,0.0012564787183917073,6,False,0.8668031692504883,True,0.0012564787183917073,30,no_mask_reaches_0.5
recipe_v1,val32,7,1,20025,19,143,57,0.010872675250357653,8,False,0.7440316081047058,True,0.010872675250357653,57,no_mask_reaches_0.5
recipe_v1,val32,7,1,20026,19,472,57,0.13354857646022894,8,False,0.7440316081047058,True,0.13354857646022894,57,no_mask_reaches_0.5
recipe_v1,val32,7,2,3022,2,511,54,0.0731833910034602,8,False,0.8706956505775452,True,0.0731833910034602,54,no_mask_reaches_0.5
recipe_v1,val32,7,2,5003,4,10,,0.0,,False,,False,0.0,,no_mask_reaches_0.5
recipe_v1,val32,7,2,5004,4,729,,0.0,,False,,False,0.0,,no_mask_reaches_0.5
recipe_v1,val32,7,2,5005,4,31,,0.0,,False,,False,0.0,,no_mask_reaches_0.5
recipe_v1,val32,7,2,5007,4,8678,35,0.28590148770523394,4,True,0.9192160367965698,True,0.28590148770523394,35,no_mask_reaches_0.5
recipe_v1,val32,7,2,5009,4,7553,14,0.1059819721387599,4,True,0.9313998818397522,True,0.1059819721387599,14,no_mask_reaches_0.5
recipe_v1,val32,7,2,5011,4,443,54,0.041772796739684155,8,False,0.8706956505775452,True,0.041772796739684155,54,no_mask_reaches_0.5
recipe_v1,val32,7,2,5012,4,145,54,0.025474349964862964,8,False,0.8706956505775452,True,0.025474349964862964,54,no_mask_reaches_0.5
recipe_v1,val32,7,2,7016,6,32265,14,0.21854502087060226,4,False,0.9313998818397522,True,0.21854502087060226,14,no_mask_reaches_0.5
recipe_v1,val32,7,3,3022,2,529,54,0.0736046253057594,8,False,0.8706956505775452,True,0.0736046253057594,54,no_mask_reaches_0.5
recipe_v1,val32,7,3,5003,4,234,,0.0,,False,,False,0.0,,no_mask_reaches_0.5
recipe_v1,val32,7,3,5004,4,944,97,0.0009033423667570009,6,False,0.8882366418838501,True,0.0009033423667570009,97,no_mask_reaches_0.5
recipe_v1,val32,7,3,5007,4,7988,35,0.29027210292967054,4,True,0.9192160367965698,True,0.29027210292967054,35,no_mask_reaches_0.5
recipe_v1,val32,7,3,5009,4,7793,14,0.09330769641617262,4,True,0.9313998818397522,True,0.09330769641617262,14,no_mask_reaches_0.5
recipe_v1,val32,7,3,5011,4,585,54,0.06754098360655737,8,False,0.8706956505775452,True,0.06754098360655737,54,no_mask_reaches_0.5
recipe_v1,val32,7,3,7016,6,32605,14,0.23209621245102308,4,False,0.9313998818397522,True,0.23209621245102308,14,no_mask_reaches_0.5
recipe_v1,val32,7,4,3022,2,22,30,0.001826245760500913,6,False,0.8668031692504883,True,0.001826245760500913,30,no_mask_reaches_0.5
recipe_v1,val32,7,4,3027,2,273,,0.0,,False,,False,0.0,,no_mask_reaches_0.5
recipe_v1,val32,7,4,5003,4,1744,97,0.23405114401076715,6,False,0.8882366418838501,True,0.23405114401076715,97,no_mask_reaches_0.5
recipe_v1,val32,7,4,5004,4,1767,97,0.23797979797979799,6,False,0.8882366418838501,True,0.23797979797979799,97,no_mask_reaches_0.5
recipe_v1,val32,7,4,5005,4,298,57,0.08043818466353678,8,False,0.7440316081047058,True,0.08043818466353678,57,no_mask_reaches_0.5
recipe_v1,val32,7,4,5006,4,323,97,0.02486772486772487,6,False,0.8882366418838501,True,0.02486772486772487,97,no_mask_reaches_0.5
recipe_v1,val32,7,4,5007,4,11700,14,0.33919501938725355,4,True,0.9313998818397522,True,0.33919501938725355,14,no_mask_reaches_0.5
recipe_v1,val32,7,4,5008,4,280,,0.0,,False,,False,0.0,,no_mask_reaches_0.5
recipe_v1,val32,7,4,5009,4,5935,97,0.18345291877048453,6,False,0.8882366418838501,True,0.18345291877048453,97,no_mask_reaches_0.5
recipe_v1,val32,7,4,5010,4,348,30,0.027859802285274106,6,False,0.8668031692504883,True,0.027859802285274106,30,no_mask_reaches_0.5
recipe_v1,val32,7,4,5011,4,118,30,0.001416613007083065,6,False,0.8668031692504883,True,0.001416613007083065,30,no_mask_reaches_0.5
recipe_v1,val32,7,4,7016,6,29314,30,0.20669734651914226,6,True,0.8668031692504883,True,0.20669734651914226,30,no_mask_reaches_0.5
recipe_v1,val32,7,4,12013,11,94,,0.0,,False,,False,0.0,,no_mask_reaches_0.5
recipe_v1,val32,7,4,15002,14,220,30,0.008706786171574905,6,False,0.8668031692504883,True,0.008706786171574905,30,no_mask_reaches_0.5
recipe_v1,val32,7,4,20025,19,15,97,0.0017503702706341726,6,False,0.8882366418838501,True,0.0017503702706341726,97,no_mask_reaches_0.5
recipe_v1,val32,7,4,20026,19,439,57,0.13666561214805442,8,False,0.7440316081047058,True,0.13666561214805442,57,no_mask_reaches_0.5
recipe_v1,val32,7,5,3022,2,10,30,0.0014999250037498126,6,False,0.8668031692504883,True,0.0014999250037498126,30,no_mask_reaches_0.5
recipe_v1,val32,7,5,3027,2,88,30,0.0004443127962085308,6,False,0.8668031692504883,True,0.0004443127962085308,30,no_mask_reaches_0.5
recipe_v1,val32,7,5,5003,4,1469,97,0.15821217016693592,6,False,0.8882366418838501,True,0.15821217016693592,97,no_mask_reaches_0.5
recipe_v1,val32,7,5,5004,4,1848,97,0.19903069466882067,6,False,0.8882366418838501,True,0.19903069466882067,97,no_mask_reaches_0.5
recipe_v1,val32,7,5,5005,4,306,57,0.07653365098272781,8,False,0.7440316081047058,True,0.07653365098272781,57,no_mask_reaches_0.5
recipe_v1,val32,7,5,5006,4,261,97,0.015315890236119975,6,False,0.8882366418838501,True,0.015315890236119975,97,no_mask_reaches_0.5
recipe_v1,val32,7,5,5007,4,14526,14,0.609761834754484,4,True,0.9313998818397522,True,0.609761834754484,14,reader_true_positive
recipe_v1,val32,7,5,5008,4,283,,0.0,,False,,False,0.0,,no_mask_reaches_0.5
recipe_v1,val32,7,5,5009,4,5280,97,0.17317760773258156,6,False,0.8882366418838501,True,0.17317760773258156,97,no_mask_reaches_0.5
recipe_v1,val32,7,5,5010,4,381,30,0.03327957777451986,6,False,0.8668031692504883,True,0.03327957777451986,30,no_mask_reaches_0.5
recipe_v1,val32,7,5,7016,6,28080,30,0.1747185503228642,6,True,0.8668031692504883,True,0.1747185503228642,30,no_mask_reaches_0.5
recipe_v1,val32,7,5,15002,14,136,30,0.006509838733540465,6,False,0.8668031692504883,True,0.006509838733540465,30,no_mask_reaches_0.5
recipe_v1,val32,7,5,20025,19,108,97,0.008048937540244688,6,False,0.8882366418838501,True,0.008048937540244688,97,no_mask_reaches_0.5
recipe_v1,val32,7,5,20026,19,464,57,0.1364457831325301,8,False,0.7440316081047058,True,0.1364457831325301,57,no_mask_reaches_0.5
recipe_v1,val32,8,0,3027,2,168,54,0.03035230352303523,8,False,0.8682951331138611,True,0.03035230352303523,54,no_mask_reaches_0.5
recipe_v1,val32,8,0,5003,4,1617,57,0.15315985130111523,8,False,0.759946882724762,True,0.15315985130111523,57,no_mask_reaches_0.5
recipe_v1,val32,8,0,5004,4,1843,57,0.18392031305585202,8,False,0.759946882724762,True,0.18392031305585202,57,no_mask_reaches_0.5
recipe_v1,val32,8,0,5005,4,222,30,0.029361195609046424,6,False,0.8609960675239563,True,0.029361195609046424,30,no_mask_reaches_0.5
recipe_v1,val32,8,0,5006,4,355,57,0.001633097441480675,8,False,0.759946882724762,True,0.001633097441480675,57,no_mask_reaches_0.5
recipe_v1,val32,8,0,5007,4,13219,35,0.21477264741021856,4,True,0.9002094268798828,True,0.21477264741021856,35,no_mask_reaches_0.5
recipe_v1,val32,8,0,5008,4,242,54,0.03419262441818833,8,False,0.8682951331138611,True,0.03419262441818833,54,no_mask_reaches_0.5
recipe_v1,val32,8,0,5009,4,5758,97,0.33884974602654433,6,False,0.8980416059494019,True,0.33884974602654433,97,no_mask_reaches_0.5
recipe_v1,val32,8,0,5010,4,373,54,0.06738934056007227,8,False,0.8682951331138611,True,0.06738934056007227,54,no_mask_reaches_0.5
recipe_v1,val32,8,0,5011,4,4,54,0.0007226738934056008,8,False,0.8682951331138611,True,0.0007226738934056008,54,no_mask_reaches_0.5
recipe_v1,val32,8,0,7016,6,29160,14,0.2630169761877635,4,False,0.9251782894134521,True,0.2630169761877635,14,no_mask_reaches_0.5
recipe_v1,val32,8,0,12013,11,25,54,0.004516711833785004,8,False,0.8682951331138611,True,0.004516711833785004,54,no_mask_reaches_0.5
recipe_v1,val32,8,0,15002,14,127,54,0.022944896115627823,8,False,0.8682951331138611,True,0.022944896115627823,54,no_mask_reaches_0.5
recipe_v1,val32,8,0,20025,19,31,57,0.004638833664678595,8,False,0.759946882724762,True,0.004638833664678595,57,no_mask_reaches_0.5
recipe_v1,val32,8,0,20026,19,433,30,0.041292171421128045,6,False,0.8609960675239563,True,0.041292171421128045,30,no_mask_reaches_0.5
recipe_v1,val32,8,1,5003,4,825,57,0.2496894409937888,8,False,0.759946882724762,True,0.2496894409937888,57,no_mask_reaches_0.5
recipe_v1,val32,8,1,5004,4,1677,97,0.1186024551463645,6,False,0.8980416059494019,True,0.1186024551463645,97,no_mask_reaches_0.5
recipe_v1,val32,8,1,5005,4,117,30,0.0019702007141977587,6,False,0.8609960675239563,True,0.0019702007141977587,30,no_mask_reaches_0.5
recipe_v1,val32,8,1,5006,4,355,57,0.02895193977996526,8,False,0.759946882724762,True,0.02895193977996526,57,no_mask_reaches_0.5
recipe_v1,val32,8,1,5007,4,6346,92,0.6005169442848938,4,True,0.8511963486671448,True,0.6005169442848938,92,reader_true_positive
recipe_v1,val32,8,1,5008,4,119,54,0.07307692307692308,8,False,0.8682951331138611,True,0.07307692307692308,54,no_mask_reaches_0.5
recipe_v1,val32,8,1,5009,4,236,97,0.023207788376438193,6,False,0.8980416059494019,True,0.023207788376438193,97,no_mask_reaches_0.5
recipe_v1,val32,8,1,5010,4,110,54,0.2328767123287671,8,False,0.8682951331138611,True,0.2328767123287671,54,no_mask_reaches_0.5
recipe_v1,val32,8,1,5011,4,1483,54,0.0464968152866242,8,False,0.8682951331138611,True,0.0464968152866242,54,no_mask_reaches_0.5
recipe_v1,val32,8,1,5012,4,8491,14,0.29140486069946653,4,True,0.9251782894134521,True,0.29140486069946653,14,no_mask_reaches_0.5
recipe_v1,val32,8,1,7016,6,27217,97,0.22188449848024316,6,True,0.8980416059494019,True,0.22188449848024316,97,no_mask_reaches_0.5
recipe_v1,val32,8,1,20025,19,169,30,0.021072319201995014,6,False,0.8609960675239563,True,0.021072319201995014,30,no_mask_reaches_0.5
recipe_v1,val32,8,1,20026,19,469,30,0.0584788029925187,6,False,0.8609960675239563,True,0.0584788029925187,30,no_mask_reaches_0.5
recipe_v1,val32,8,2,3027,2,134,54,0.02478268910671352,8,False,0.8682951331138611,True,0.02478268910671352,54,no_mask_reaches_0.5
recipe_v1,val32,8,2,5003,4,1598,57,0.15888812628689086,8,False,0.759946882724762,True,0.15888812628689086,57,no_mask_reaches_0.5
recipe_v1,val32,8,2,5004,4,1905,57,0.1826645264847512,8,False,0.759946882724762,True,0.1826645264847512,57,no_mask_reaches_0.5
recipe_v1,val32,8,2,5005,4,254,30,0.0331419624217119,6,False,0.8609960675239563,True,0.0331419624217119,30,no_mask_reaches_0.5
recipe_v1,val32,8,2,5006,4,299,,0.0,,False,,False,0.0,,no_mask_reaches_0.5
recipe_v1,val32,8,2,5007,4,13917,35,0.21263071560385483,4,True,0.9002094268798828,True,0.21263071560385483,35,no_mask_reaches_0.5
recipe_v1,val32,8,2,5008,4,263,54,0.03751143641354071,8,False,0.8682951331138611,True,0.03751143641354071,54,no_mask_reaches_0.5
recipe_v1,val32,8,2,5009,4,5482,97,0.4257845631891433,6,False,0.8980416059494019,True,0.4257845631891433,97,no_mask_reaches_0.5
recipe_v1,val32,8,2,5010,4,372,54,0.06879970408729424,8,False,0.8682951331138611,True,0.06879970408729424,54,no_mask_reaches_0.5
recipe_v1,val32,8,2,7016,6,28672,14,0.24455116364979682,4,False,0.9251782894134521,True,0.24455116364979682,14,no_mask_reaches_0.5
recipe_v1,val32,8,2,12013,11,9,54,0.001664508969853893,8,False,0.8682951331138611,True,0.001664508969853893,54,no_mask_reaches_0.5
recipe_v1,val32,8,2,15002,14,170,54,0.03144072498612909,8,False,0.8682951331138611,True,0.03144072498612909,54,no_mask_reaches_0.5
recipe_v1,val32,8,2,20025,19,51,57,0.0038398244651673065,8,False,0.759946882724762,True,0.0038398244651673065,57,no_mask_reaches_0.5
recipe_v1,val32,8,2,20026,19,427,30,0.04091084523350058,6,False,0.8609960675239563,True,0.04091084523350058,30,no_mask_reaches_0.5
recipe_v1,val32,8,3,3027,2,110,54,0.020782165123748347,8,False,0.8682951331138611,True,0.020782165123748347,54,no_mask_reaches_0.5
recipe_v1,val32,8,3,5003,4,1543,57,0.15780785737867284,8,False,0.759946882724762,True,0.15780785737867284,57,no_mask_reaches_0.5
recipe_v1,val32,8,3,5004,4,1896,57,0.17325227963525835,8,False,0.759946882724762,True,0.17325227963525835,57,no_mask_reaches_0.5
recipe_v1,val32,8,3,5005,4,280,30,0.03633060853769301,6,False,0.8609960675239563,True,0.03633060853769301,30,no_mask_reaches_0.5
recipe_v1,val32,8,3,5006,4,315,,0.0,,False,,False,0.0,,no_mask_reaches_0.5
recipe_v1,val32,8,3,5007,4,14251,35,0.21065080759613436,4,True,0.9002094268798828,True,0.21065080759613436,35,no_mask_reaches_0.5
recipe_v1,val32,8,3,5008,4,278,54,0.03994773193951839,8,False,0.8682951331138611,True,0.03994773193951839,54,no_mask_reaches_0.5
recipe_v1,val32,8,3,5009,4,5389,97,0.4373448104618441,6,False,0.8980416059494019,True,0.4373448104618441,97,no_mask_reaches_0.5
recipe_v1,val32,8,3,5010,4,358,54,0.06763650103910826,8,False,0.8682951331138611,True,0.06763650103910826,54,no_mask_reaches_0.5
recipe_v1,val32,8,3,7016,6,28362,14,0.23349130225034762,4,False,0.9251782894134521,True,0.23349130225034762,14,no_mask_reaches_0.5
recipe_v1,val32,8,3,12013,11,4,54,0.0007557150954090308,8,False,0.8682951331138611,True,0.0007557150954090308,54,no_mask_reaches_0.5
recipe_v1,val32,8,3,15002,14,143,54,0.02701681466087285,8,False,0.8682951331138611,True,0.02701681466087285,54,no_mask_reaches_0.5
recipe_v1,val32,8,3,20025,19,67,57,0.002962962962962963,8,False,0.759946882724762,True,0.002962962962962963,57,no_mask_reaches_0.5
recipe_v1,val32,8,3,20026,19,424,30,0.04123447304392368,6,False,0.8609960675239563,True,0.04123447304392368,30,no_mask_reaches_0.5
recipe_v1,val32,8,4,5003,4,915,57,0.16758703481392556,8,False,0.759946882724762,True,0.16758703481392556,57,no_mask_reaches_0.5
recipe_v1,val32,8,4,5004,4,1878,97,0.18498705780845556,6,False,0.8980416059494019,True,0.18498705780845556,97,no_mask_reaches_0.5
recipe_v1,val32,8,4,5005,4,282,30,0.026932668329177057,6,False,0.8609960675239563,True,0.026932668329177057,30,no_mask_reaches_0.5
recipe_v1,val32,8,4,5006,4,260,57,0.007662835249042145,8,False,0.759946882724762,True,0.007662835249042145,57,no_mask_reaches_0.5
recipe_v1,val32,8,4,5007,4,20393,14,0.4506912827367278,4,True,0.9251782894134521,True,0.4506912827367278,14,no_mask_reaches_0.5
recipe_v1,val32,8,4,5008,4,227,54,0.029716005266127516,8,False,0.8682951331138611,True,0.029716005266127516,54,no_mask_reaches_0.5
recipe_v1,val32,8,4,5009,4,166,92,0.015121512151215122,4,True,0.8511963486671448,True,0.015121512151215122,92,no_mask_reaches_0.5
recipe_v1,val32,8,4,5010,4,572,54,0.10899390243902439,8,False,0.8682951331138611,True,0.10899390243902439,54,no_mask_reaches_0.5
recipe_v1,val32,8,4,5011,4,570,54,0.06654445462878093,8,False,0.8682951331138611,True,0.06654445462878093,54,no_mask_reaches_0.5
recipe_v1,val32,8,4,5012,4,2113,35,0.13029209058089924,4,True,0.9002094268798828,True,0.13029209058089924,35,no_mask_reaches_0.5
recipe_v1,val32,8,4,7016,6,25121,30,0.2141179061742897,6,True,0.8609960675239563,True,0.2141179061742897,30,no_mask_reaches_0.5
recipe_v1,val32,8,4,15002,14,28,54,0.005335365853658537,8,False,0.8682951331138611,True,0.005335365853658537,54,no_mask_reaches_0.5
recipe_v1,val32,8,4,20025,19,200,30,0.006790961847141622,6,False,0.8609960675239563,True,0.006790961847141622,30,no_mask_reaches_0.5
recipe_v1,val32,8,4,20026,19,352,30,0.04307421825944996,6,False,0.8609960675239563,True,0.04307421825944996,30,no_mask_reaches_0.5
recipe_v1,val32,8,5,5003,4,770,57,0.23343323343323344,8,False,0.759946882724762,True,0.23343323343323344,57,no_mask_reaches_0.5
recipe_v1,val32,8,5,5004,4,1758,97,0.12000915227090722,6,False,0.8980416059494019,True,0.12000915227090722,97,no_mask_reaches_0.5
recipe_v1,val32,8,5,5005,4,308,30,0.018620968830117393,6,False,0.8609960675239563,True,0.018620968830117393,30,no_mask_reaches_0.5
recipe_v1,val32,8,5,5006,4,337,57,0.02474937343358396,8,False,0.759946882724762,True,0.02474937343358396,57,no_mask_reaches_0.5
recipe_v1,val32,8,5,5007,4,18114,92,0.3691648611384676,4,True,0.8511963486671448,True,0.3691648611384676,92,no_mask_reaches_0.5
recipe_v1,val32,8,5,5008,4,317,54,0.09847036328871893,8,False,0.8682951331138611,True,0.09847036328871893,54,no_mask_reaches_0.5
recipe_v1,val32,8,5,5009,4,591,97,0.07291277839990046,6,False,0.8980416059494019,True,0.07291277839990046,97,no_mask_reaches_0.5
recipe_v1,val32,8,5,5010,4,352,54,0.17768803634528016,8,False,0.8682951331138611,True,0.17768803634528016,54,no_mask_reaches_0.5
recipe_v1,val32,8,5,5011,4,568,54,0.11994727592267135,8,False,0.8682951331138611,True,0.11994727592267135,54,no_mask_reaches_0.5
recipe_v1,val32,8,5,5012,4,2542,14,0.04958997869180603,4,True,0.9251782894134521,True,0.04958997869180603,14,no_mask_reaches_0.5
recipe_v1,val32,8,5,7016,6,26640,30,0.20994928933647597,6,True,0.8609960675239563,True,0.20994928933647597,30,no_mask_reaches_0.5
recipe_v1,val32,8,5,20025,19,161,30,0.009684899740826626,6,False,0.8609960675239563,True,0.009684899740826626,30,no_mask_reaches_0.5
recipe_v1,val32,8,5,20026,19,504,30,0.06328940142778693,6,False,0.8609960675239563,True,0.06328940142778693,30,no_mask_reaches_0.5
recipe_v1,val32,9,0,3022,2,704,54,0.04830805134189031,8,False,0.8705630302429199,True,0.04830805134189031,54,no_mask_reaches_0.5
recipe_v1,val32,9,0,3027,2,25,,0.0,,False,,False,0.0,,no_mask_reaches_0.5
recipe_v1,val32,9,0,5007,4,10121,35,0.25999594073472704,4,True,0.9350652098655701,True,0.25999594073472704,35,no_mask_reaches_0.5
recipe_v1,val32,9,0,5008,4,8,,0.0,,False,,False,0.0,,no_mask_reaches_0.5
recipe_v1,val32,9,0,5009,4,6453,14,0.12251001636476497,4,True,0.939503014087677,True,0.12251001636476497,14,no_mask_reaches_0.5
recipe_v1,val32,9,0,5010,4,192,30,0.034371643394199784,6,False,0.8782269358634949,True,0.034371643394199784,30,no_mask_reaches_0.5
recipe_v1,val32,9,0,5011,4,741,30,0.040625,6,False,0.8782269358634949,True,0.040625,30,no_mask_reaches_0.5
recipe_v1,val32,9,0,5012,4,1578,54,0.19057971014492753,8,False,0.8705630302429199,True,0.19057971014492753,54,no_mask_reaches_0.5
recipe_v1,val32,9,0,7016,6,29463,14,0.23182496841621683,4,False,0.939503014087677,True,0.23182496841621683,14,no_mask_reaches_0.5
recipe_v1,val32,9,0,12013,11,200,54,0.014475415719583683,8,False,0.8705630302429199,True,0.014475415719583683,54,no_mask_reaches_0.5
recipe_v1,val32,9,0,15002,14,7,,0.0,,False,,False,0.0,,no_mask_reaches_0.5
recipe_v1,val32,9,1,3022,2,22,30,0.00393771254698407,6,False,0.8782269358634949,True,0.00393771254698407,30,no_mask_reaches_0.5
recipe_v1,val32,9,1,3027,2,273,30,0.0353356890459364,6,False,0.8782269358634949,True,0.0353356890459364,30,no_mask_reaches_0.5
recipe_v1,val32,9,1,5003,4,1744,97,0.19080962800875273,6,False,0.8969976902008057,True,0.19080962800875273,97,no_mask_reaches_0.5
recipe_v1,val32,9,1,5004,4,1767,97,0.19332603938730852,6,False,0.8969976902008057,True,0.19332603938730852,97,no_mask_reaches_0.5
recipe_v1,val32,9,1,5005,4,298,57,0.07974310944607975,8,False,0.7338110208511353,True,0.07974310944607975,57,no_mask_reaches_0.5
recipe_v1,val32,9,1,5006,4,323,97,0.03533916849015317,6,False,0.8969976902008057,True,0.03533916849015317,97,no_mask_reaches_0.5
recipe_v1,val32,9,1,5007,4,11700,14,0.427638555561757,4,True,0.939503014087677,True,0.427638555561757,14,no_mask_reaches_0.5
recipe_v1,val32,9,1,5008,4,280,57,0.001745635910224439,8,False,0.7338110208511353,True,0.001745635910224439,57,no_mask_reaches_0.5
recipe_v1,val32,9,1,5009,4,5935,97,0.18346679227508242,6,False,0.8969976902008057,True,0.18346679227508242,97,no_mask_reaches_0.5
recipe_v1,val32,9,1,5010,4,348,30,0.0412280701754386,6,False,0.8782269358634949,True,0.0412280701754386,30,no_mask_reaches_0.5
recipe_v1,val32,9,1,5011,4,118,30,0.02112045820655092,6,False,0.8782269358634949,True,0.02112045820655092,30,no_mask_reaches_0.5
recipe_v1,val32,9,1,7016,6,29314,30,0.13145950852622706,6,True,0.8782269358634949,True,0.13145950852622706,30,no_mask_reaches_0.5
recipe_v1,val32,9,1,12013,11,94,30,0.01682477179165921,6,False,0.8782269358634949,True,0.01682477179165921,30,no_mask_reaches_0.5
recipe_v1,val32,9,1,15002,14,220,30,0.0001722356183258698,6,False,0.8782269358634949,True,0.0001722356183258698,30,no_mask_reaches_0.5
recipe_v1,val32,9,1,20025,19,15,97,0.0016411378555798686,6,False,0.8969976902008057,True,0.0016411378555798686,97,no_mask_reaches_0.5
recipe_v1,val32,9,1,20026,19,439,57,0.06666666666666667,8,False,0.7338110208511353,True,0.06666666666666667,57,no_mask_reaches_0.5
recipe_v1,val32,9,2,3022,2,694,54,0.04604248249673668,8,False,0.8705630302429199,True,0.04604248249673668,54,no_mask_reaches_0.5
recipe_v1,val32,9,2,3027,2,36,30,0.0008668515950069349,6,False,0.8782269358634949,True,0.0008668515950069349,30,no_mask_reaches_0.5
recipe_v1,val32,9,2,5004,4,7,,0.0,,False,,False,0.0,,no_mask_reaches_0.5
recipe_v1,val32,9,2,5005,4,3,57,0.0024489795918367346,8,False,0.7338110208511353,True,0.0024489795918367346,57,no_mask_reaches_0.5
recipe_v1,val32,9,2,5007,4,10027,35,0.2686588005306151,4,True,0.9350652098655701,True,0.2686588005306151,35,no_mask_reaches_0.5
recipe_v1,val32,9,2,5008,4,67,,0.0,,False,,False,0.0,,no_mask_reaches_0.5
recipe_v1,val32,9,2,5009,4,6529,14,0.1105122791421269,4,True,0.939503014087677,True,0.1105122791421269,14,no_mask_reaches_0.5
recipe_v1,val32,9,2,5010,4,241,30,0.04110066179031696,6,False,0.8782269358634949,True,0.04110066179031696,30,no_mask_reaches_0.5
recipe_v1,val32,9,2,5011,4,865,30,0.047437728066000315,6,False,0.8782269358634949,True,0.047437728066000315,30,no_mask_reaches_0.5
recipe_v1,val32,9,2,5012,4,1620,54,0.1994828223125231,8,False,0.8705630302429199,True,0.1994828223125231,54,no_mask_reaches_0.5
recipe_v1,val32,9,2,7016,6,29686,14,0.23760075729325034,4,False,0.939503014087677,True,0.23760075729325034,14,no_mask_reaches_0.5
recipe_v1,val32,9,2,12013,11,303,30,0.02826012938372489,6,False,0.8782269358634949,True,0.02826012938372489,30,no_mask_reaches_0.5
recipe_v1,val32,9,2,15002,14,15,,0.0,,False,,False,0.0,,no_mask_reaches_0.5
recipe_v1,val32,9,3,3022,2,511,54,0.10595028872709013,8,False,0.8705630302429199,True,0.10595028872709013,54,no_mask_reaches_0.5
recipe_v1,val32,9,3,5003,4,10,97,0.02544529262086514,6,False,0.8969976902008057,True,0.02544529262086514,97,no_mask_reaches_0.5
recipe_v1,val32,9,3,5004,4,729,97,0.3309608540925267,6,False,0.8969976902008057,True,0.3309608540925267,97,no_mask_reaches_0.5
recipe_v1,val32,9,3,5005,4,31,,0.0,,False,,False,0.0,,no_mask_reaches_0.5
recipe_v1,val32,9,3,5007,4,8678,35,0.2805304184212884,4,True,0.9350652098655701,True,0.2805304184212884,35,no_mask_reaches_0.5
recipe_v1,val32,9,3,5009,4,7553,92,0.12742914202319686,4,True,0.8868570923805237,True,0.12742914202319686,92,no_mask_reaches_0.5
recipe_v1,val32,9,3,5011,4,443,54,0.027481639421937928,8,False,0.8705630302429199,True,0.027481639421937928,54,no_mask_reaches_0.5
recipe_v1,val32,9,3,5012,4,145,54,0.037236774524910116,8,False,0.8705630302429199,True,0.037236774524910116,54,no_mask_reaches_0.5
recipe_v1,val32,9,3,7016,6,32265,14,0.2722316016716947,4,False,0.939503014087677,True,0.2722316016716947,14,no_mask_reaches_0.5
recipe_v1,val32,9,4,3022,2,652,54,0.13506916192026036,8,False,0.8705630302429199,True,0.13506916192026036,54,no_mask_reaches_0.5
recipe_v1,val32,9,4,5003,4,73,97,0.07878787878787878,6,False,0.8969976902008057,True,0.07878787878787878,97,no_mask_reaches_0.5
recipe_v1,val32,9,4,5004,4,832,97,0.3570110701107011,6,False,0.8969976902008057,True,0.3570110701107011,97,no_mask_reaches_0.5
recipe_v1,val32,9,4,5005,4,21,,0.0,,False,,False,0.0,,no_mask_reaches_0.5
recipe_v1,val32,9,4,5007,4,8478,35,0.27103664150248574,4,True,0.9350652098655701,True,0.27103664150248574,35,no_mask_reaches_0.5
recipe_v1,val32,9,4,5009,4,7620,92,0.13041488712629654,4,True,0.8868570923805237,True,0.13041488712629654,92,no_mask_reaches_0.5
recipe_v1,val32,9,4,5011,4,541,54,0.03374777975133215,8,False,0.8705630302429199,True,0.03374777975133215,54,no_mask_reaches_0.5
recipe_v1,val32,9,4,5012,4,44,54,0.012454005094820267,8,False,0.8705630302429199,True,0.012454005094820267,54,no_mask_reaches_0.5
recipe_v1,val32,9,4,7016,6,32550,14,0.27515021222644837,4,False,0.939503014087677,True,0.27515021222644837,14,no_mask_reaches_0.5
recipe_v1,val32,9,5,3022,2,129,30,0.022528815927348934,6,False,0.8782269358634949,True,0.022528815927348934,30,no_mask_reaches_0.5
recipe_v1,val32,9,5,3027,2,13,30,0.0022703457911281873,6,False,0.8782269358634949,True,0.0022703457911281873,30,no_mask_reaches_0.5
recipe_v1,val32,9,5,5003,4,1531,97,0.18459127079816734,6,False,0.8969976902008057,True,0.18459127079816734,97,no_mask_reaches_0.5
recipe_v1,val32,9,5,5004,4,2063,97,0.2246659571952229,6,False,0.8969976902008057,True,0.2246659571952229,97,no_mask_reaches_0.5
recipe_v1,val32,9,5,5006,4,242,97,0.029177718832891247,6,False,0.8969976902008057,True,0.029177718832891247,97,no_mask_reaches_0.5
recipe_v1,val32,9,5,5007,4,7564,14,0.22991501416430596,4,True,0.939503014087677,True,0.22991501416430596,14,no_mask_reaches_0.5
recipe_v1,val32,9,5,5008,4,86,,0.0,,False,,False,0.0,,no_mask_reaches_0.5
recipe_v1,val32,9,5,5009,4,7053,97,0.18886048493299248,6,False,0.8969976902008057,True,0.18886048493299248,97,no_mask_reaches_0.5
recipe_v1,val32,9,5,5010,4,354,30,0.055189170426935094,6,False,0.8782269358634949,True,0.055189170426935094,30,no_mask_reaches_0.5
recipe_v1,val32,9,5,5011,4,4,30,0.0006985679357317499,6,False,0.8782269358634949,True,0.0006985679357317499,30,no_mask_reaches_0.5
recipe_v1,val32,9,5,7016,6,30577,14,0.16957397285351886,4,False,0.939503014087677,True,0.16957397285351886,14,no_mask_reaches_0.5
recipe_v1,val32,9,5,12013,11,179,30,0.03126091512399581,6,False,0.8782269358634949,True,0.03126091512399581,30,no_mask_reaches_0.5
recipe_v1,val32,9,5,15002,14,121,30,0.004984530766586456,6,False,0.8782269358634949,True,0.004984530766586456,30,no_mask_reaches_0.5
recipe_v1,val32,10,0,3022,2,46,54,0.00960735171261487,8,False,0.8739281892776489,True,0.00960735171261487,54,no_mask_reaches_0.5
recipe_v1,val32,10,0,3027,2,218,54,0.04553049289891395,8,False,0.8739281892776489,True,0.04553049289891395,54,no_mask_reaches_0.5
recipe_v1,val32,10,0,5003,4,1757,57,0.21581054036024017,8,False,0.7753579616546631,True,0.21581054036024017,57,no_mask_reaches_0.5
recipe_v1,val32,10,0,5004,4,1657,57,0.1750082863771959,8,False,0.7753579616546631,True,0.1750082863771959,57,no_mask_reaches_0.5
recipe_v1,val32,10,0,5005,4,228,30,0.023924449108079747,2,False,0.8631325364112854,True,0.023924449108079747,30,no_mask_reaches_0.5
recipe_v1,val32,10,0,5006,4,336,57,0.12550607287449392,8,False,0.7753579616546631,True,0.12550607287449392,57,no_mask_reaches_0.5
recipe_v1,val32,10,0,5007,4,11304,35,0.2740954210694845,2,False,0.8986907005310059,True,0.2740954210694845,35,no_mask_reaches_0.5
recipe_v1,val32,10,0,5008,4,260,30,0.019791666666666666,2,False,0.8631325364112854,True,0.019791666666666666,30,no_mask_reaches_0.5
recipe_v1,val32,10,0,5009,4,6055,97,0.29009223445403154,6,False,0.8931715488433838,True,0.29009223445403154,97,no_mask_reaches_0.5
recipe_v1,val32,10,0,5010,4,351,54,0.07330827067669173,8,False,0.8739281892776489,True,0.07330827067669173,54,no_mask_reaches_0.5
recipe_v1,val32,10,0,5011,4,184,54,0.03842940685045948,8,False,0.8739281892776489,True,0.03842940685045948,54,no_mask_reaches_0.5
recipe_v1,val32,10,0,7016,6,29701,30,0.2777578738234049,2,False,0.8631325364112854,True,0.2777578738234049,30,no_mask_reaches_0.5
recipe_v1,val32,10,0,12013,11,100,54,0.020885547201336674,8,False,0.8739281892776489,True,0.020885547201336674,54,no_mask_reaches_0.5
recipe_v1,val32,10,0,15002,14,144,54,0.03007518796992481,8,False,0.8739281892776489,True,0.03007518796992481,54,no_mask_reaches_0.5
recipe_v1,val32,10,0,20025,19,9,57,0.004766949152542373,8,False,0.7753579616546631,True,0.004766949152542373,57,no_mask_reaches_0.5
recipe_v1,val32,10,0,20026,19,434,30,0.024575835475578407,2,False,0.8631325364112854,True,0.024575835475578407,30,no_mask_reaches_0.5
recipe_v1,val32,10,1,5003,4,889,57,0.2235759975632044,8,False,0.7753579616546631,True,0.2235759975632044,57,no_mask_reaches_0.5
recipe_v1,val32,10,1,5004,4,2024,97,0.1714733920598528,6,False,0.8931715488433838,True,0.1714733920598528,97,no_mask_reaches_0.5
recipe_v1,val32,10,1,5005,4,285,30,0.027592216090618647,2,False,0.8631325364112854,True,0.027592216090618647,30,no_mask_reaches_0.5
recipe_v1,val32,10,1,5006,4,302,57,0.09654731457800511,8,False,0.7753579616546631,True,0.09654731457800511,57,no_mask_reaches_0.5
recipe_v1,val32,10,1,5007,4,20622,14,0.2545170565475134,4,True,0.9212085604667664,True,0.2545170565475134,14,no_mask_reaches_0.5
recipe_v1,val32,10,1,5008,4,217,30,0.019824001547239144,2,False,0.8631325364112854,True,0.019824001547239144,30,no_mask_reaches_0.5
recipe_v1,val32,10,1,5009,4,226,97,0.027406156643719964,6,False,0.8931715488433838,True,0.027406156643719964,97,no_mask_reaches_0.5
recipe_v1,val32,10,1,5010,4,577,54,0.31112637362637363,8,False,0.8739281892776489,True,0.31112637362637363,54,no_mask_reaches_0.5
recipe_v1,val32,10,1,5011,4,491,54,0.06920821114369502,8,False,0.8739281892776489,True,0.06920821114369502,54,no_mask_reaches_0.5
recipe_v1,val32,10,1,5012,4,1914,14,0.09269478386545789,4,True,0.9212085604667664,True,0.09269478386545789,14,no_mask_reaches_0.5
recipe_v1,val32,10,1,7016,6,26235,30,0.2881905298759865,2,False,0.8631325364112854,True,0.2881905298759865,30,no_mask_reaches_0.5
recipe_v1,val32,10,1,20025,19,178,57,0.01723076923076923,8,False,0.7753579616546631,True,0.01723076923076923,57,no_mask_reaches_0.5
recipe_v1,val32,10,1,20026,19,399,30,0.03432317778634786,2,False,0.8631325364112854,True,0.03432317778634786,30,no_mask_reaches_0.5
recipe_v1,val32,10,2,3027,2,134,54,0.033458177278401995,8,False,0.8739281892776489,True,0.033458177278401995,54,no_mask_reaches_0.5
recipe_v1,val32,10,2,5003,4,1598,57,0.21808350856112946,8,False,0.7753579616546631,True,0.21808350856112946,57,no_mask_reaches_0.5
recipe_v1,val32,10,2,5004,4,1905,57,0.13063763608087092,8,False,0.7753579616546631,True,0.13063763608087092,57,no_mask_reaches_0.5
recipe_v1,val32,10,2,5005,4,254,30,0.026491447642886943,2,False,0.8631325364112854,True,0.026491447642886943,30,no_mask_reaches_0.5
recipe_v1,val32,10,2,5006,4,299,57,0.08632242806464328,8,False,0.7753579616546631,True,0.08632242806464328,57,no_mask_reaches_0.5
recipe_v1,val32,10,2,5007,4,13917,35,0.22910344827586207,2,False,0.8986907005310059,True,0.22910344827586207,35,no_mask_reaches_0.5
recipe_v1,val32,10,2,5008,4,263,30,0.020723241114910373,2,False,0.8631325364112854,True,0.020723241114910373,30,no_mask_reaches_0.5
recipe_v1,val32,10,2,5009,4,5482,97,0.41225092250922507,6,False,0.8931715488433838,True,0.41225092250922507,97,no_mask_reaches_0.5
recipe_v1,val32,10,2,5010,4,372,54,0.09288389513108614,8,False,0.8739281892776489,True,0.09288389513108614,54,no_mask_reaches_0.5
recipe_v1,val32,10,2,7016,6,28672,30,0.2854886940160602,2,False,0.8631325364112854,True,0.2854886940160602,30,no_mask_reaches_0.5
recipe_v1,val32,10,2,12013,11,9,54,0.0022471910112359553,8,False,0.8739281892776489,True,0.0022471910112359553,54,no_mask_reaches_0.5
recipe_v1,val32,10,2,15002,14,170,54,0.04244694132334582,8,False,0.8739281892776489,True,0.04244694132334582,54,no_mask_reaches_0.5
recipe_v1,val32,10,2,20025,19,51,57,0.020757020757020756,8,False,0.7753579616546631,True,0.020757020757020756,57,no_mask_reaches_0.5
recipe_v1,val32,10,2,20026,19,427,30,0.023923934158061547,2,False,0.8631325364112854,True,0.023923934158061547,30,no_mask_reaches_0.5
recipe_v1,val32,10,3,3022,2,38,54,0.009478672985781991,8,False,0.8739281892776489,True,0.009478672985781991,54,no_mask_reaches_0.5
recipe_v1,val32,10,3,3027,2,362,54,0.09029683212771265,8,False,0.8739281892776489,True,0.09029683212771265,54,no_mask_reaches_0.5
recipe_v1,val32,10,3,5003,4,1345,57,0.17470449172576832,8,False,0.7753579616546631,True,0.17470449172576832,57,no_mask_reaches_0.5
recipe_v1,val32,10,3,5004,4,1748,97,0.12489143651207225,6,False,0.8931715488433838,True,0.12489143651207225,97,no_mask_reaches_0.5
recipe_v1,val32,10,3,5005,4,277,30,0.02611482982935797,2,False,0.8631325364112854,True,0.02611482982935797,30,no_mask_reaches_0.5
recipe_v1,val32,10,3,5006,4,246,57,0.062019758507135016,8,False,0.7753579616546631,True,0.062019758507135016,57,no_mask_reaches_0.5
recipe_v1,val32,10,3,5007,4,19020,14,0.3346964209214472,4,True,0.9212085604667664,True,0.3346964209214472,14,no_mask_reaches_0.5
recipe_v1,val32,10,3,5008,4,235,30,0.017550445800093854,2,False,0.8631325364112854,True,0.017550445800093854,30,no_mask_reaches_0.5
recipe_v1,val32,10,3,5009,4,2737,97,0.1582622187742436,6,False,0.8931715488433838,True,0.1582622187742436,97,no_mask_reaches_0.5
recipe_v1,val32,10,3,5010,4,344,54,0.0858069343976054,8,False,0.8739281892776489,True,0.0858069343976054,54,no_mask_reaches_0.5
recipe_v1,val32,10,3,7016,6,27341,30,0.2667067227451766,2,False,0.8631325364112854,True,0.2667067227451766,30,no_mask_reaches_0.5
recipe_v1,val32,10,3,15002,14,513,54,0.12796208530805686,8,False,0.8739281892776489,True,0.12796208530805686,54,no_mask_reaches_0.5
recipe_v1,val32,10,3,20025,19,157,57,0.03277792952745152,8,False,0.7753579616546631,True,0.03277792952745152,57,no_mask_reaches_0.5
recipe_v1,val32,10,3,20026,19,430,30,0.02545758617485831,2,False,0.8631325364112854,True,0.02545758617485831,30,no_mask_reaches_0.5
recipe_v1,val32,10,4,3022,2,51,54,0.011583011583011582,8,False,0.8739281892776489,True,0.011583011583011582,54,no_mask_reaches_0.5
recipe_v1,val32,10,4,3027,2,412,54,0.09357256416079945,8,False,0.8739281892776489,True,0.09357256416079945,54,no_mask_reaches_0.5
recipe_v1,val32,10,4,5003,4,1322,57,0.19101978691019786,8,False,0.7753579616546631,True,0.19101978691019786,57,no_mask_reaches_0.5
recipe_v1,val32,10,4,5004,4,1636,97,0.15342960288808663,6,False,0.8931715488433838,True,0.15342960288808663,97,no_mask_reaches_0.5
recipe_v1,val32,10,4,5005,4,267,30,0.02526256031791087,2,False,0.8631325364112854,True,0.02526256031791087,30,no_mask_reaches_0.5
recipe_v1,val32,10,4,5006,4,273,57,0.07742316784869976,8,False,0.7753579616546631,True,0.07742316784869976,57,no_mask_reaches_0.5
recipe_v1,val32,10,4,5007,4,20797,14,0.35181356887803045,4,True,0.9212085604667664,True,0.35181356887803045,14,no_mask_reaches_0.5
recipe_v1,val32,10,4,5008,4,209,30,0.016313059877416314,2,False,0.8631325364112854,True,0.016313059877416314,30,no_mask_reaches_0.5
recipe_v1,val32,10,4,5009,4,2237,97,0.08469945355191257,6,False,0.8931715488433838,True,0.08469945355191257,97,no_mask_reaches_0.5
recipe_v1,val32,10,4,5010,4,308,54,0.06995230524642289,8,False,0.8739281892776489,True,0.06995230524642289,54,no_mask_reaches_0.5
recipe_v1,val32,10,4,5011,4,69,54,0.015671133318192143,8,False,0.8739281892776489,True,0.015671133318192143,54,no_mask_reaches_0.5
recipe_v1,val32,10,4,7016,6,26829,30,0.27303672941416757,2,False,0.8631325364112854,True,0.27303672941416757,30,no_mask_reaches_0.5
recipe_v1,val32,10,4,15002,14,613,54,0.1392232568703157,8,False,0.8739281892776489,True,0.1392232568703157,54,no_mask_reaches_0.5
recipe_v1,val32,10,4,20025,19,136,57,0.03327444051825677,8,False,0.7753579616546631,True,0.03327444051825677,57,no_mask_reaches_0.5
recipe_v1,val32,10,4,20026,19,426,30,0.02479261813775748,2,False,0.8631325364112854,True,0.02479261813775748,30,no_mask_reaches_0.5
recipe_v1,val32,10,5,5003,4,906,57,0.19679874048806087,8,False,0.7753579616546631,True,0.19679874048806087,57,no_mask_reaches_0.5
recipe_v1,val32,10,5,5004,4,1934,97,0.16912821853352503,6,False,0.8931715488433838,True,0.16912821853352503,97,no_mask_reaches_0.5
recipe_v1,val32,10,5,5005,4,269,30,0.025298598702153674,2,False,0.8631325364112854,True,0.025298598702153674,30,no_mask_reaches_0.5
recipe_v1,val32,10,5,5006,4,253,57,0.0692202462380301,8,False,0.7753579616546631,True,0.0692202462380301,57,no_mask_reaches_0.5
recipe_v1,val32,10,5,5007,4,20734,14,0.29462599854756716,4,True,0.9212085604667664,True,0.29462599854756716,14,no_mask_reaches_0.5
recipe_v1,val32,10,5,5008,4,238,30,0.02065533752699277,2,False,0.8631325364112854,True,0.02065533752699277,30,no_mask_reaches_0.5
recipe_v1,val32,10,5,5009,4,267,97,0.027820929247281457,6,False,0.8931715488433838,True,0.027820929247281457,97,no_mask_reaches_0.5
recipe_v1,val32,10,5,5010,4,621,54,0.29989969909729186,8,False,0.8739281892776489,True,0.29989969909729186,54,no_mask_reaches_0.5
recipe_v1,val32,10,5,5011,4,490,54,0.09670231729055258,8,False,0.8739281892776489,True,0.09670231729055258,54,no_mask_reaches_0.5
recipe_v1,val32,10,5,5012,4,2116,35,0.10254110612855008,2,False,0.8986907005310059,True,0.10254110612855008,35,no_mask_reaches_0.5
recipe_v1,val32,10,5,7016,6,25218,30,0.27865753620087025,2,False,0.8631325364112854,True,0.27865753620087025,30,no_mask_reaches_0.5
recipe_v1,val32,10,5,20025,19,194,57,0.015031645569620253,8,False,0.7753579616546631,True,0.015031645569620253,57,no_mask_reaches_0.5
recipe_v1,val32,10,5,20026,19,399,30,0.03479973736047275,2,False,0.8631325364112854,True,0.03479973736047275,30,no_mask_reaches_0.5
recipe_v1,val32,11,0,5003,4,745,30,0.06132191949954729,6,False,0.8582239151000977,True,0.06132191949954729,30,no_mask_reaches_0.5
recipe_v1,val32,11,0,5004,4,1777,57,0.5408403361344538,19,False,0.6693378686904907,True,0.5408403361344538,57,reader_true_positive
recipe_v1,val32,11,0,5005,4,222,54,0.04040036396724295,6,False,0.8363540768623352,True,0.04040036396724295,54,no_mask_reaches_0.5
recipe_v1,val32,11,0,5006,4,270,30,0.022224051362252036,6,False,0.8582239151000977,True,0.022224051362252036,30,no_mask_reaches_0.5
recipe_v1,val32,11,0,5007,4,6575,14,0.32859976199920665,4,True,0.9205673933029175,True,0.32859976199920665,14,no_mask_reaches_0.5
recipe_v1,val32,11,0,5008,4,489,54,0.08898999090081892,6,False,0.8363540768623352,True,0.08898999090081892,54,no_mask_reaches_0.5
recipe_v1,val32,11,0,5010,4,219,54,0.03985441310282074,6,False,0.8363540768623352,True,0.03985441310282074,54,no_mask_reaches_0.5
recipe_v1,val32,11,0,5011,4,1330,54,0.07210179076343072,6,False,0.8363540768623352,True,0.07210179076343072,54,no_mask_reaches_0.5
recipe_v1,val32,11,0,5012,4,8566,54,0.08011983407589492,6,False,0.8363540768623352,True,0.08011983407589492,54,no_mask_reaches_0.5
recipe_v1,val32,11,0,7016,6,26986,30,0.34373712402142564,6,True,0.8582239151000977,True,0.34373712402142564,30,no_mask_reaches_0.5
recipe_v1,val32,11,0,20025,19,222,30,0.018273108897851675,6,False,0.8582239151000977,True,0.018273108897851675,30,no_mask_reaches_0.5
recipe_v1,val32,11,0,20026,19,480,54,0.05082659162856138,6,False,0.8363540768623352,True,0.05082659162856138,54,no_mask_reaches_0.5
recipe_v1,val32,11,1,5003,4,920,30,0.08258527827648116,6,False,0.8582239151000977,True,0.08258527827648116,30,no_mask_reaches_0.5
recipe_v1,val32,11,1,5004,4,1689,57,0.30069432081182124,19,False,0.6693378686904907,True,0.30069432081182124,57,no_mask_reaches_0.5
recipe_v1,val32,11,1,5006,4,415,30,0.037253141831238776,6,False,0.8582239151000977,True,0.037253141831238776,30,no_mask_reaches_0.5
recipe_v1,val32,11,1,5007,4,94,92,0.012145196506550219,4,True,0.8163434863090515,True,0.012145196506550219,92,no_mask_reaches_0.5
recipe_v1,val32,11,1,5009,4,1192,57,0.03433085219504785,19,False,0.6693378686904907,True,0.03433085219504785,57,no_mask_reaches_0.5
recipe_v1,val32,11,1,5011,4,2356,30,0.002972651605231867,6,False,0.8582239151000977,True,0.002972651605231867,30,no_mask_reaches_0.5
recipe_v1,val32,11,1,5012,4,17123,14,0.39197514330101246,4,True,0.9205673933029175,True,0.39197514330101246,14,no_mask_reaches_0.5
recipe_v1,val32,11,1,7016,6,24853,30,0.20940156580760055,6,True,0.8582239151000977,True,0.20940156580760055,30,no_mask_reaches_0.5
recipe_v1,val32,11,2,5003,4,808,30,0.06221606221606222,6,False,0.8582239151000977,True,0.06221606221606222,30,no_mask_reaches_0.5
recipe_v1,val32,11,2,5004,4,1739,57,0.39215686274509803,19,False,0.6693378686904907,True,0.39215686274509803,57,no_mask_reaches_0.5
recipe_v1,val32,11,2,5005,4,225,54,0.04127682993946065,6,False,0.8363540768623352,True,0.04127682993946065,54,no_mask_reaches_0.5
recipe_v1,val32,11,2,5006,4,310,30,0.02387002387002387,6,False,0.8582239151000977,True,0.02387002387002387,30,no_mask_reaches_0.5
recipe_v1,val32,11,2,5007,4,6361,14,0.28167262552463856,4,True,0.9205673933029175,True,0.28167262552463856,14,no_mask_reaches_0.5
recipe_v1,val32,11,2,5008,4,525,54,0.09631260319207485,6,False,0.8363540768623352,True,0.09631260319207485,54,no_mask_reaches_0.5
recipe_v1,val32,11,2,5010,4,173,54,0.03173729590900752,6,False,0.8363540768623352,True,0.03173729590900752,54,no_mask_reaches_0.5
recipe_v1,val32,11,2,5011,4,1506,54,0.061165344722391705,6,False,0.8363540768623352,True,0.061165344722391705,54,no_mask_reaches_0.5
recipe_v1,val32,11,2,5012,4,8471,54,0.07075834487002,6,False,0.8363540768623352,True,0.07075834487002,54,no_mask_reaches_0.5
recipe_v1,val32,11,2,7016,6,26504,30,0.3194894583848441,6,True,0.8582239151000977,True,0.3194894583848441,30,no_mask_reaches_0.5
recipe_v1,val32,11,2,20025,19,196,30,0.015092015092015092,6,False,0.8582239151000977,True,0.015092015092015092,30,no_mask_reaches_0.5
recipe_v1,val32,11,2,20026,19,433,54,0.036645525017618044,6,False,0.8363540768623352,True,0.036645525017618044,54,no_mask_reaches_0.5
recipe_v1,val32,11,3,5003,4,825,30,0.06294346532387274,6,False,0.8582239151000977,True,0.06294346532387274,30,no_mask_reaches_0.5
recipe_v1,val32,11,3,5004,4,1677,57,0.27879557409758754,19,False,0.6693378686904907,True,0.27879557409758754,57,no_mask_reaches_0.5
recipe_v1,val32,11,3,5005,4,117,54,0.02846715328467153,6,False,0.8363540768623352,True,0.02846715328467153,54,no_mask_reaches_0.5
recipe_v1,val32,11,3,5006,4,355,30,0.02708476386663615,6,False,0.8582239151000977,True,0.02708476386663615,30,no_mask_reaches_0.5
recipe_v1,val32,11,3,5007,4,6346,14,0.1901274351838289,4,True,0.9205673933029175,True,0.1901274351838289,14,no_mask_reaches_0.5
recipe_v1,val32,11,3,5008,4,119,54,0.028953771289537713,6,False,0.8363540768623352,True,0.028953771289537713,54,no_mask_reaches_0.5
recipe_v1,val32,11,3,5009,4,236,57,0.04392332030522985,19,False,0.6693378686904907,True,0.04392332030522985,57,no_mask_reaches_0.5
recipe_v1,val32,11,3,5010,4,110,54,0.021544420237230695,6,False,0.8363540768623352,True,0.021544420237230695,54,no_mask_reaches_0.5
recipe_v1,val32,11,3,5011,4,1483,54,0.025673940949935817,6,False,0.8363540768623352,True,0.025673940949935817,54,no_mask_reaches_0.5
recipe_v1,val32,11,3,5012,4,8491,54,0.05668763102725367,6,False,0.8363540768623352,True,0.05668763102725367,54,no_mask_reaches_0.5
recipe_v1,val32,11,3,7016,6,27217,30,0.2895014550222251,6,True,0.8582239151000977,True,0.2895014550222251,30,no_mask_reaches_0.5
recipe_v1,val32,11,3,20025,19,169,30,0.012893873502708476,6,False,0.8582239151000977,True,0.012893873502708476,30,no_mask_reaches_0.5
recipe_v1,val32,11,3,20026,19,469,54,0.06786380597014925,6,False,0.8363540768623352,True,0.06786380597014925,54,no_mask_reaches_0.5
recipe_v1,val32,11,4,5003,4,918,30,0.0770005032712632,6,False,0.8582239151000977,True,0.0770005032712632,30,no_mask_reaches_0.5
recipe_v1,val32,11,4,5004,4,1569,57,0.2466434609646942,19,False,0.6693378686904907,True,0.2466434609646942,57,no_mask_reaches_0.5
recipe_v1,val32,11,4,5006,4,309,30,0.025918470055359837,6,False,0.8582239151000977,True,0.025918470055359837,30,no_mask_reaches_0.5
recipe_v1,val32,11,4,5007,4,6301,92,0.22033898305084745,4,True,0.8163434863090515,True,0.22033898305084745,92,no_mask_reaches_0.5
recipe_v1,val32,11,4,5009,4,1086,57,0.1242811501597444,19,False,0.6693378686904907,True,0.1242811501597444,57,no_mask_reaches_0.5
recipe_v1,val32,11,4,5011,4,646,,0.0,,False,,False,0.0,,no_mask_reaches_0.5
recipe_v1,val32,11,4,5012,4,9372,14,0.11452899202494453,4,True,0.9205673933029175,True,0.11452899202494453,14,no_mask_reaches_0.5
recipe_v1,val32,11,4,7016,6,26691,30,0.29162067235323635,6,True,0.8582239151000977,True,0.29162067235323635,30,no_mask_reaches_0.5
recipe_v1,val32,11,4,20025,19,171,30,0.014343231001509815,6,False,0.8582239151000977,True,0.014343231001509815,30,no_mask_reaches_0.5
recipe_v1,val32,11,4,20026,19,212,54,0.10039630118890357,6,False,0.8363540768623352,True,0.10039630118890357,54,no_mask_reaches_0.5
recipe_v1,val32,11,5,5003,4,770,30,0.06702062842719123,6,False,0.8582239151000977,True,0.06702062842719123,30,no_mask_reaches_0.5
recipe_v1,val32,11,5,5004,4,1597,57,0.2680320569902048,19,False,0.6693378686904907,True,0.2680320569902048,57,no_mask_reaches_0.5
recipe_v1,val32,11,5,5006,4,277,30,0.02411001827835321,6,False,0.8582239151000977,True,0.02411001827835321,30,no_mask_reaches_0.5
recipe_v1,val32,11,5,5007,4,6313,92,0.22155748329843453,4,True,0.8163434863090515,True,0.22155748329843453,92,no_mask_reaches_0.5
recipe_v1,val32,11,5,5009,4,1184,57,0.13485617597292723,19,False,0.6693378686904907,True,0.13485617597292723,57,no_mask_reaches_0.5
recipe_v1,val32,11,5,5011,4,598,,0.0,,False,,False,0.0,,no_mask_reaches_0.5
recipe_v1,val32,11,5,5012,4,9510,14,0.12686025408348459,4,True,0.9205673933029175,True,0.12686025408348459,14,no_mask_reaches_0.5
recipe_v1,val32,11,5,7016,6,26847,30,0.3003629456259964,6,True,0.8582239151000977,True,0.3003629456259964,30,no_mask_reaches_0.5
recipe_v1,val32,11,5,20025,19,229,30,0.019932108973801026,6,False,0.8582239151000977,True,0.019932108973801026,30,no_mask_reaches_0.5
recipe_v1,val32,11,5,20026,19,161,54,0.05639913232104121,6,False,0.8363540768623352,True,0.05639913232104121,54,no_mask_reaches_0.5
recipe_v1,val32,12,0,5028,4,4280,30,0.2723372034326098,6,False,0.8957355618476868,True,0.2723372034326098,30,no_mask_reaches_0.5
recipe_v1,val32,12,0,5050,4,143,57,0.02531869688385269,8,False,0.7391608953475952,True,0.02531869688385269,57,no_mask_reaches_0.5
recipe_v1,val32,12,0,7034,6,12927,57,0.15760937305247413,8,False,0.7391608953475952,True,0.15760937305247413,57,no_mask_reaches_0.5
recipe_v1,val32,12,1,5017,4,4478,97,0.2926703194458803,6,False,0.904511570930481,True,0.2926703194458803,97,no_mask_reaches_0.5
recipe_v1,val32,12,1,5028,4,65,30,0.0008149959250203749,6,False,0.8957355618476868,True,0.0008149959250203749,30,no_mask_reaches_0.5
recipe_v1,val32,12,1,5050,4,377,57,0.04528528528528528,8,False,0.7391608953475952,True,0.04528528528528528,57,no_mask_reaches_0.5
recipe_v1,val32,12,1,5054,4,1098,97,0.09164871978942331,6,False,0.904511570930481,True,0.09164871978942331,97,no_mask_reaches_0.5
recipe_v1,val32,12,1,7034,6,22959,14,0.22031141064373694,4,False,0.9519532918930054,True,0.22031141064373694,14,no_mask_reaches_0.5
recipe_v1,val32,12,1,7035,6,3753,97,0.3063103027614506,6,True,0.904511570930481,True,0.3063103027614506,97,no_mask_reaches_0.5
recipe_v1,val32,12,1,9003,8,25,,0.0,,False,,False,0.0,,no_mask_reaches_0.5
recipe_v1,val32,12,2,5028,4,4355,30,0.27239557121288377,6,False,0.8957355618476868,True,0.27239557121288377,30,no_mask_reaches_0.5
recipe_v1,val32,12,2,5050,4,235,57,0.039442766028868745,8,False,0.7391608953475952,True,0.039442766028868745,57,no_mask_reaches_0.5
recipe_v1,val32,12,2,7034,6,13213,57,0.1589988513390968,8,False,0.7391608953475952,True,0.1589988513390968,57,no_mask_reaches_0.5
recipe_v1,val32,12,3,5028,4,4367,30,0.27313280652561817,6,False,0.8957355618476868,True,0.27313280652561817,30,no_mask_reaches_0.5
recipe_v1,val32,12,3,5050,4,386,57,0.05978934324659232,8,False,0.7391608953475952,True,0.05978934324659232,57,no_mask_reaches_0.5
recipe_v1,val32,12,3,7034,6,14331,57,0.15579649708090076,8,False,0.7391608953475952,True,0.15579649708090076,57,no_mask_reaches_0.5
recipe_v1,val32,12,4,5028,4,4502,30,0.28318700039313327,6,False,0.8957355618476868,True,0.28318700039313327,30,no_mask_reaches_0.5
recipe_v1,val32,12,4,5050,4,435,57,0.06194816291654799,8,False,0.7391608953475952,True,0.06194816291654799,57,no_mask_reaches_0.5
recipe_v1,val32,12,4,7034,6,16478,57,0.1360889533478366,8,False,0.7391608953475952,True,0.1360889533478366,57,no_mask_reaches_0.5
recipe_v1,val32,12,4,7035,6,57,57,0.008117345485616633,8,False,0.7391608953475952,True,0.008117345485616633,57,no_mask_reaches_0.5
recipe_v1,val32,12,5,5028,4,4643,30,0.2843354636754924,6,False,0.8957355618476868,True,0.2843354636754924,30,no_mask_reaches_0.5
recipe_v1,val32,12,5,5050,4,425,57,0.059817030260380016,8,False,0.7391608953475952,True,0.059817030260380016,57,no_mask_reaches_0.5
recipe_v1,val32,12,5,7034,6,17073,57,0.13129328092831744,8,False,0.7391608953475952,True,0.13129328092831744,57,no_mask_reaches_0.5
recipe_v1,val32,12,5,7035,6,177,57,0.024912033779028852,8,False,0.7391608953475952,True,0.024912033779028852,57,no_mask_reaches_0.5
recipe_v1,val32,13,0,5001,4,715,57,0.16772226131832044,2,False,0.7822046279907227,True,0.16772226131832044,57,no_mask_reaches_0.5
recipe_v1,val32,13,0,5002,4,534,57,0.0533596837944664,2,False,0.7822046279907227,True,0.0533596837944664,57,no_mask_reaches_0.5
recipe_v1,val32,13,0,5017,4,7324,35,0.6796104975656098,2,False,0.8690685033798218,True,0.6796104975656098,35,reader_true_positive
recipe_v1,val32,13,0,5018,4,2044,30,0.037300177619893425,2,False,0.8682327270507812,True,0.037300177619893425,30,no_mask_reaches_0.5
recipe_v1,val32,13,0,5027,4,1296,57,0.008709853021230268,2,False,0.7822046279907227,True,0.008709853021230268,57,no_mask_reaches_0.5
recipe_v1,val32,13,0,5054,4,1006,35,0.020738228772662057,2,False,0.8690685033798218,True,0.020738228772662057,35,no_mask_reaches_0.5
recipe_v1,val32,13,0,7032,6,23,57,0.005395261552897021,2,False,0.7822046279907227,True,0.005395261552897021,57,no_mask_reaches_0.5
recipe_v1,val32,13,0,7033,6,2664,57,0.16049589545987603,2,False,0.7822046279907227,True,0.16049589545987603,57,no_mask_reaches_0.5
recipe_v1,val32,13,0,7034,6,181,35,0.019513615843891073,2,False,0.8690685033798218,True,0.019513615843891073,35,no_mask_reaches_0.5
recipe_v1,val32,13,0,7035,6,18995,14,0.31982543640897754,2,False,0.9018754959106445,True,0.31982543640897754,14,no_mask_reaches_0.5
recipe_v1,val32,13,0,9007,8,605,54,0.15382659547419272,2,False,0.8759900331497192,True,0.15382659547419272,54,no_mask_reaches_0.5
recipe_v1,val32,13,1,5001,4,738,57,0.061387456330061554,2,False,0.7822046279907227,True,0.061387456330061554,57,no_mask_reaches_0.5
recipe_v1,val32,13,1,5002,4,699,57,0.01857634718552326,2,False,0.7822046279907227,True,0.01857634718552326,57,no_mask_reaches_0.5
recipe_v1,val32,13,1,5013,4,152,97,0.007291082445316881,2,False,0.895841658115387,True,0.007291082445316881,97,no_mask_reaches_0.5
recipe_v1,val32,13,1,5018,4,3113,30,0.07662397072278133,2,False,0.8682327270507812,True,0.07662397072278133,30,no_mask_reaches_0.5
recipe_v1,val32,13,1,5027,4,1892,14,0.050958252859901944,2,False,0.9018754959106445,True,0.050958252859901944,14,no_mask_reaches_0.5
recipe_v1,val32,13,1,5031,4,1027,57,0.04937675914756735,2,False,0.7822046279907227,True,0.04937675914756735,57,no_mask_reaches_0.5
recipe_v1,val32,13,1,5053,4,3953,97,0.20800653594771243,2,False,0.895841658115387,True,0.20800653594771243,97,no_mask_reaches_0.5
recipe_v1,val32,13,1,7032,6,918,57,0.05753514220333442,2,False,0.7822046279907227,True,0.05753514220333442,57,no_mask_reaches_0.5
recipe_v1,val32,13,1,7033,6,5795,97,0.0991430611759105,2,False,0.895841658115387,True,0.0991430611759105,97,no_mask_reaches_0.5
recipe_v1,val32,13,1,7035,6,22724,14,0.45465130785544977,2,False,0.9018754959106445,True,0.45465130785544977,14,no_mask_reaches_0.5
recipe_v1,val32,13,2,5001,4,723,57,0.12212837837837838,2,False,0.7822046279907227,True,0.12212837837837838,57,no_mask_reaches_0.5
recipe_v1,val32,13,2,5002,4,597,57,0.037243355085150406,2,False,0.7822046279907227,True,0.037243355085150406,57,no_mask_reaches_0.5
recipe_v1,val32,13,2,5017,4,5546,35,0.7365967365967366,2,False,0.8690685033798218,True,0.7365967365967366,35,reader_true_positive
recipe_v1,val32,13,2,5018,4,2060,30,0.03755004003202562,2,False,0.8682327270507812,True,0.03755004003202562,30,no_mask_reaches_0.5
recipe_v1,val32,13,2,5027,4,1337,57,0.005124653739612188,2,False,0.7822046279907227,True,0.005124653739612188,57,no_mask_reaches_0.5
recipe_v1,val32,13,2,5053,4,241,,0.0,,False,,False,0.0,,no_mask_reaches_0.5
recipe_v1,val32,13,2,5054,4,930,35,0.033967632936155075,2,False,0.8690685033798218,True,0.033967632936155075,35,no_mask_reaches_0.5
recipe_v1,val32,13,2,7032,6,136,57,0.022972972972972974,2,False,0.7822046279907227,True,0.022972972972972974,57,no_mask_reaches_0.5
recipe_v1,val32,13,2,7033,6,2995,57,0.1655118316119754,2,False,0.7822046279907227,True,0.1655118316119754,57,no_mask_reaches_0.5
recipe_v1,val32,13,2,7035,6,19788,14,0.3125134148959004,2,False,0.9018754959106445,True,0.3125134148959004,14,no_mask_reaches_0.5
recipe_v1,val32,13,2,9007,8,256,54,0.12433220009713453,2,False,0.8759900331497192,True,0.12433220009713453,54,no_mask_reaches_0.5
recipe_v1,val32,13,3,5001,4,729,57,0.11939076318375369,2,False,0.7822046279907227,True,0.11939076318375369,57,no_mask_reaches_0.5
recipe_v1,val32,13,3,5002,4,603,57,0.03613899613899614,2,False,0.7822046279907227,True,0.03613899613899614,57,no_mask_reaches_0.5
recipe_v1,val32,13,3,5017,4,4176,35,0.6805586344491243,2,False,0.8690685033798218,True,0.6805586344491243,35,reader_true_positive
recipe_v1,val32,13,3,5018,4,2171,30,0.040826245443499394,2,False,0.8682327270507812,True,0.040826245443499394,30,no_mask_reaches_0.5
recipe_v1,val32,13,3,5027,4,1363,57,0.005248990578734859,2,False,0.7822046279907227,True,0.005248990578734859,57,no_mask_reaches_0.5
recipe_v1,val32,13,3,5031,4,116,57,0.01899770717327219,2,False,0.7822046279907227,True,0.01899770717327219,57,no_mask_reaches_0.5
recipe_v1,val32,13,3,5053,4,645,,0.0,,False,,False,0.0,,no_mask_reaches_0.5
recipe_v1,val32,13,3,5054,4,630,,0.0,,False,,False,0.0,,no_mask_reaches_0.5
recipe_v1,val32,13,3,7032,6,306,57,0.05011464133639044,2,False,0.7822046279907227,True,0.05011464133639044,57,no_mask_reaches_0.5
recipe_v1,val32,13,3,7033,6,3546,57,0.18125076490025702,2,False,0.7822046279907227,True,0.18125076490025702,57,no_mask_reaches_0.5
recipe_v1,val32,13,3,7035,6,21011,14,0.31958891053002364,2,False,0.9018754959106445,True,0.31958891053002364,14,no_mask_reaches_0.5
recipe_v1,val32,13,4,5001,4,730,57,0.11393788044326518,2,False,0.7822046279907227,True,0.11393788044326518,57,no_mask_reaches_0.5
recipe_v1,val32,13,4,5002,4,632,57,0.03636631330977621,2,False,0.7822046279907227,True,0.03636631330977621,57,no_mask_reaches_0.5
recipe_v1,val32,13,4,5017,4,3585,35,0.6661642803315749,2,False,0.8690685033798218,True,0.6661642803315749,35,reader_true_positive
recipe_v1,val32,13,4,5018,4,2213,30,0.03940573607690474,2,False,0.8682327270507812,True,0.03940573607690474,30,no_mask_reaches_0.5
recipe_v1,val32,13,4,5027,4,1374,14,0.00647434846746435,2,False,0.9018754959106445,True,0.00647434846746435,14,no_mask_reaches_0.5
recipe_v1,val32,13,4,5031,4,170,57,0.026533479007335728,2,False,0.7822046279907227,True,0.026533479007335728,57,no_mask_reaches_0.5
recipe_v1,val32,13,4,5053,4,767,97,0.0842911877394636,2,False,0.895841658115387,True,0.0842911877394636,97,no_mask_reaches_0.5
recipe_v1,val32,13,4,5054,4,616,,0.0,,False,,False,0.0,,no_mask_reaches_0.5
recipe_v1,val32,13,4,7032,6,332,57,0.051818323708443886,2,False,0.7822046279907227,True,0.051818323708443886,57,no_mask_reaches_0.5
recipe_v1,val32,13,4,7033,6,3609,57,0.1726964055731179,2,False,0.7822046279907227,True,0.1726964055731179,57,no_mask_reaches_0.5
recipe_v1,val32,13,4,7035,6,21327,14,0.3236695137976347,2,False,0.9018754959106445,True,0.3236695137976347,14,no_mask_reaches_0.5
recipe_v1,val32,13,5,5001,4,711,57,0.08963691376701967,2,False,0.7822046279907227,True,0.08963691376701967,57,no_mask_reaches_0.5
recipe_v1,val32,13,5,5002,4,682,57,0.031369731800766285,2,False,0.7822046279907227,True,0.031369731800766285,57,no_mask_reaches_0.5
recipe_v1,val32,13,5,5017,4,143,35,0.07026476578411406,2,False,0.8690685033798218,True,0.07026476578411406,35,no_mask_reaches_0.5
recipe_v1,val32,13,5,5018,4,2379,30,0.044005518843947426,2,False,0.8682327270507812,True,0.044005518843947426,30,no_mask_reaches_0.5
recipe_v1,val32,13,5,5027,4,1521,14,0.017094690404915708,2,False,0.9018754959106445,True,0.017094690404915708,14,no_mask_reaches_0.5
recipe_v1,val32,13,5,5031,4,284,57,0.03580433686333838,2,False,0.7822046279907227,True,0.03580433686333838,57,no_mask_reaches_0.5
recipe_v1,val32,13,5,5053,4,1240,97,0.1282820705176294,2,False,0.895841658115387,True,0.1282820705176294,97,no_mask_reaches_0.5
recipe_v1,val32,13,5,5054,4,365,,0.0,,False,,False,0.0,,no_mask_reaches_0.5
recipe_v1,val32,13,5,7032,6,405,57,0.0510590015128593,2,False,0.7822046279907227,True,0.0510590015128593,57,no_mask_reaches_0.5
recipe_v1,val32,13,5,7033,6,3968,57,0.14621460219610866,2,False,0.7822046279907227,True,0.14621460219610866,57,no_mask_reaches_0.5
recipe_v1,val32,13,5,7035,6,24414,14,0.36646057552858563,2,False,0.9018754959106445,True,0.36646057552858563,14,no_mask_reaches_0.5
recipe_v1,val32,14,0,5001,4,912,30,0.004121423476262186,2,False,0.8533285856246948,True,0.004121423476262186,30,no_mask_reaches_0.5
recipe_v1,val32,14,0,5002,4,256,54,0.05524384980578334,2,False,0.8198517560958862,True,0.05524384980578334,54,no_mask_reaches_0.5
recipe_v1,val32,14,0,5013,4,831,30,0.0250814332247557,2,False,0.8533285856246948,True,0.0250814332247557,30,no_mask_reaches_0.5
recipe_v1,val32,14,0,5020,4,838,97,0.16285714285714287,6,False,0.8863208293914795,True,0.16285714285714287,97,no_mask_reaches_0.5
recipe_v1,val32,14,0,5021,4,259,97,0.1287916459472899,6,False,0.8863208293914795,True,0.1287916459472899,97,no_mask_reaches_0.5
recipe_v1,val32,14,0,5027,4,2876,35,0.4612693653173413,2,False,0.8295557498931885,True,0.4612693653173413,35,no_mask_reaches_0.5
recipe_v1,val32,14,0,5030,4,366,,0.0,,False,,False,0.0,,no_mask_reaches_0.5
recipe_v1,val32,14,0,5031,4,1094,30,0.08566359719523528,2,False,0.8533285856246948,True,0.08566359719523528,30,no_mask_reaches_0.5
recipe_v1,val32,14,0,5053,4,3755,14,0.09821343269322633,4,True,0.8893553614616394,True,0.09821343269322633,14,no_mask_reaches_0.5
recipe_v1,val32,14,0,7032,6,1359,30,0.08146437994722955,2,False,0.8533285856246948,True,0.08146437994722955,30,no_mask_reaches_0.5
recipe_v1,val32,14,0,7033,6,4942,14,0.1587026039287346,4,False,0.8893553614616394,True,0.1587026039287346,14,no_mask_reaches_0.5
recipe_v1,val32,14,0,7035,6,106,35,0.009757738896366084,2,False,0.8295557498931885,True,0.009757738896366084,35,no_mask_reaches_0.5
recipe_v1,val32,14,0,7037,6,662,57,0.054565840289024545,2,False,0.7311859130859375,True,0.054565840289024545,57,no_mask_reaches_0.5
recipe_v1,val32,14,1,5001,4,1054,30,0.005083247384706056,2,False,0.8533285856246948,True,0.005083247384706056,30,no_mask_reaches_0.5
recipe_v1,val32,14,1,5002,4,260,54,0.05523688124070533,2,False,0.8198517560958862,True,0.05523688124070533,54,no_mask_reaches_0.5
recipe_v1,val32,14,1,5013,4,993,30,0.026063307395935636,2,False,0.8533285856246948,True,0.026063307395935636,30,no_mask_reaches_0.5
recipe_v1,val32,14,1,5020,4,827,97,0.24116161616161616,6,False,0.8863208293914795,True,0.24116161616161616,97,no_mask_reaches_0.5
recipe_v1,val32,14,1,5027,4,1616,35,0.24930576982412836,2,False,0.8295557498931885,True,0.24930576982412836,35,no_mask_reaches_0.5
recipe_v1,val32,14,1,5030,4,447,,0.0,,False,,False,0.0,,no_mask_reaches_0.5
recipe_v1,val32,14,1,5031,4,1321,30,0.09484454939000393,2,False,0.8533285856246948,True,0.09484454939000393,30,no_mask_reaches_0.5
recipe_v1,val32,14,1,5053,4,2759,14,0.0351506456241033,4,True,0.8893553614616394,True,0.0351506456241033,14,no_mask_reaches_0.5
recipe_v1,val32,14,1,7032,6,1644,30,0.09526741054251635,2,False,0.8533285856246948,True,0.09526741054251635,30,no_mask_reaches_0.5
recipe_v1,val32,14,1,7033,6,6349,14,0.17417953293506092,4,False,0.8893553614616394,True,0.17417953293506092,14,no_mask_reaches_0.5
recipe_v1,val32,14,1,7037,6,549,57,0.08236374770361299,2,False,0.7311859130859375,True,0.08236374770361299,57,no_mask_reaches_0.5
recipe_v1,val32,14,2,5001,4,900,30,0.004919073310060298,2,False,0.8533285856246948,True,0.004919073310060298,30,no_mask_reaches_0.5
recipe_v1,val32,14,2,5002,4,237,54,0.05336635892816933,2,False,0.8198517560958862,True,0.05336635892816933,54,no_mask_reaches_0.5
recipe_v1,val32,14,2,5013,4,786,30,0.02214983713355049,2,False,0.8533285856246948,True,0.02214983713355049,30,no_mask_reaches_0.5
recipe_v1,val32,14,2,5020,4,830,97,0.15871121718377088,6,False,0.8863208293914795,True,0.15871121718377088,97,no_mask_reaches_0.5
recipe_v1,val32,14,2,5021,4,287,97,0.13778204512722037,6,False,0.8863208293914795,True,0.13778204512722037,97,no_mask_reaches_0.5
recipe_v1,val32,14,2,5027,4,2726,35,0.45315717227179136,2,False,0.8295557498931885,True,0.45315717227179136,35,no_mask_reaches_0.5
recipe_v1,val32,14,2,5030,4,366,,0.0,,False,,False,0.0,,no_mask_reaches_0.5
recipe_v1,val32,14,2,5031,4,1119,30,0.08761711825778679,2,False,0.8533285856246948,True,0.08761711825778679,30,no_mask_reaches_0.5
recipe_v1,val32,14,2,5053,4,3796,14,0.10013325718636969,4,True,0.8893553614616394,True,0.10013325718636969,14,no_mask_reaches_0.5
recipe_v1,val32,14,2,7032,6,1351,30,0.08333333333333333,2,False,0.8533285856246948,True,0.08333333333333333,30,no_mask_reaches_0.5
recipe_v1,val32,14,2,7033,6,4901,14,0.1592968964570173,4,False,0.8893553614616394,True,0.1592968964570173,14,no_mask_reaches_0.5
recipe_v1,val32,14,2,7035,6,118,35,0.013312586445366528,2,False,0.8295557498931885,True,0.013312586445366528,35,no_mask_reaches_0.5
recipe_v1,val32,14,2,7037,6,687,57,0.055008614324390845,2,False,0.7311859130859375,True,0.055008614324390845,57,no_mask_reaches_0.5
recipe_v1,val32,14,3,5001,4,906,30,0.005043631414618525,2,False,0.8533285856246948,True,0.005043631414618525,30,no_mask_reaches_0.5
recipe_v1,val32,14,3,5002,4,165,54,0.040342298288508556,2,False,0.8198517560958862,True,0.040342298288508556,54,no_mask_reaches_0.5
recipe_v1,val32,14,3,5013,4,810,30,0.02290828475244273,2,False,0.8533285856246948,True,0.02290828475244273,30,no_mask_reaches_0.5
recipe_v1,val32,14,3,5020,4,848,97,0.1505703422053232,6,False,0.8863208293914795,True,0.1505703422053232,97,no_mask_reaches_0.5
recipe_v1,val32,14,3,5021,4,309,97,0.1418732782369146,6,False,0.8863208293914795,True,0.1418732782369146,97,no_mask_reaches_0.5
recipe_v1,val32,14,3,5027,4,2481,35,0.427348934683898,2,False,0.8295557498931885,True,0.427348934683898,35,no_mask_reaches_0.5
recipe_v1,val32,14,3,5030,4,390,,0.0,,False,,False,0.0,,no_mask_reaches_0.5
recipe_v1,val32,14,3,5031,4,1101,30,0.08752025931928688,2,False,0.8533285856246948,True,0.08752025931928688,30,no_mask_reaches_0.5
recipe_v1,val32,14,3,5053,4,3968,14,0.09318963114373316,4,True,0.8893553614616394,True,0.09318963114373316,14,no_mask_reaches_0.5
recipe_v1,val32,14,3,7032,6,1409,30,0.08636325817455695,2,False,0.8533285856246948,True,0.08636325817455695,30,no_mask_reaches_0.5
recipe_v1,val32,14,3,7033,6,4902,14,0.15780836904002188,4,False,0.8893553614616394,True,0.15780836904002188,14,no_mask_reaches_0.5
recipe_v1,val32,14,3,7035,6,189,35,0.02742837176799441,2,False,0.8295557498931885,True,0.02742837176799441,35,no_mask_reaches_0.5
recipe_v1,val32,14,3,7037,6,733,57,0.058530510585305104,2,False,0.7311859130859375,True,0.058530510585305104,57,no_mask_reaches_0.5
recipe_v1,val32,14,4,5001,4,900,30,0.0044194455604660505,2,False,0.8533285856246948,True,0.0044194455604660505,30,no_mask_reaches_0.5
recipe_v1,val32,14,4,5002,4,214,54,0.04970963995354239,2,False,0.8198517560958862,True,0.04970963995354239,54,no_mask_reaches_0.5
recipe_v1,val32,14,4,5013,4,782,30,0.021785773229905925,2,False,0.8533285856246948,True,0.021785773229905925,30,no_mask_reaches_0.5
recipe_v1,val32,14,4,5020,4,835,97,0.15665584415584416,6,False,0.8863208293914795,True,0.15665584415584416,97,no_mask_reaches_0.5
recipe_v1,val32,14,4,5021,4,263,97,0.13052109181141439,6,False,0.8863208293914795,True,0.13052109181141439,97,no_mask_reaches_0.5
recipe_v1,val32,14,4,5027,4,2337,35,0.3904109589041096,2,False,0.8295557498931885,True,0.3904109589041096,35,no_mask_reaches_0.5
recipe_v1,val32,14,4,5030,4,392,,0.0,,False,,False,0.0,,no_mask_reaches_0.5
recipe_v1,val32,14,4,5031,4,1118,30,0.08914961034512289,2,False,0.8533285856246948,True,0.08914961034512289,30,no_mask_reaches_0.5
recipe_v1,val32,14,4,5053,4,4126,14,0.08129125599059589,4,True,0.8893553614616394,True,0.08129125599059589,14,no_mask_reaches_0.5
recipe_v1,val32,14,4,7032,6,1397,30,0.08588854540897319,2,False,0.8533285856246948,True,0.08588854540897319,30,no_mask_reaches_0.5
recipe_v1,val32,14,4,7033,6,4894,14,0.14689978370583995,4,False,0.8893553614616394,True,0.14689978370583995,14,no_mask_reaches_0.5
recipe_v1,val32,14,4,7035,6,254,35,0.042432342131640495,2,False,0.8295557498931885,True,0.042432342131640495,35,no_mask_reaches_0.5
recipe_v1,val32,14,4,7037,6,647,57,0.05837233489339574,2,False,0.7311859130859375,True,0.05837233489339574,57,no_mask_reaches_0.5
recipe_v1,val32,14,5,5001,4,889,30,0.003813387423935091,2,False,0.8533285856246948,True,0.003813387423935091,30,no_mask_reaches_0.5
recipe_v1,val32,14,5,5002,4,239,54,0.0555039479795634,2,False,0.8198517560958862,True,0.0555039479795634,54,no_mask_reaches_0.5
recipe_v1,val32,14,5,5013,4,805,30,0.024341447149049684,2,False,0.8533285856246948,True,0.024341447149049684,30,no_mask_reaches_0.5
recipe_v1,val32,14,5,5014,4,3,30,0.00026125576939824087,2,False,0.8533285856246948,True,0.00026125576939824087,30,no_mask_reaches_0.5
recipe_v1,val32,14,5,5020,4,856,97,0.15940274414850686,6,False,0.8863208293914795,True,0.15940274414850686,97,no_mask_reaches_0.5
recipe_v1,val32,14,5,5021,4,243,97,0.12047595438770452,6,False,0.8863208293914795,True,0.12047595438770452,97,no_mask_reaches_0.5
recipe_v1,val32,14,5,5027,4,2317,35,0.3759532695116015,2,False,0.8295557498931885,True,0.3759532695116015,35,no_mask_reaches_0.5
recipe_v1,val32,14,5,5030,4,406,,0.0,,False,,False,0.0,,no_mask_reaches_0.5
recipe_v1,val32,14,5,5031,4,1121,30,0.09087761814090359,2,False,0.8533285856246948,True,0.09087761814090359,30,no_mask_reaches_0.5
recipe_v1,val32,14,5,5053,4,4328,14,0.07744793974302171,4,True,0.8893553614616394,True,0.07744793974302171,14,no_mask_reaches_0.5
recipe_v1,val32,14,5,7032,6,1441,30,0.08952959028831563,2,False,0.8533285856246948,True,0.08952959028831563,30,no_mask_reaches_0.5
recipe_v1,val32,14,5,7033,6,4874,14,0.14407924358397117,4,False,0.8893553614616394,True,0.14407924358397117,14,no_mask_reaches_0.5
recipe_v1,val32,14,5,7035,6,339,35,0.055005679052409544,2,False,0.8295557498931885,True,0.055005679052409544,35,no_mask_reaches_0.5
recipe_v1,val32,14,5,7037,6,697,57,0.06785570604800858,2,False,0.7311859130859375,True,0.06785570604800858,57,no_mask_reaches_0.5
recipe_v1,val32,15,0,5001,4,729,,0.0,,False,,False,0.0,,no_mask_reaches_0.5
recipe_v1,val32,15,0,5002,4,677,30,0.05761211811760701,2,False,0.8765150308609009,True,0.05761211811760701,30,no_mask_reaches_0.5
recipe_v1,val32,15,0,5018,4,2471,30,0.12462438715799462,2,False,0.8765150308609009,True,0.12462438715799462,30,no_mask_reaches_0.5
recipe_v1,val32,15,0,5027,4,1625,14,0.02304745063365753,2,False,0.913802981376648,True,0.02304745063365753,14,no_mask_reaches_0.5
recipe_v1,val32,15,0,5031,4,348,,0.0,,False,,False,0.0,,no_mask_reaches_0.5
recipe_v1,val32,15,0,5053,4,1469,14,0.08895220006331117,2,False,0.913802981376648,True,0.08895220006331117,14,no_mask_reaches_0.5
recipe_v1,val32,15,0,5054,4,282,54,0.038491598280578354,2,False,0.8710878491401672,True,0.038491598280578354,54,no_mask_reaches_0.5
recipe_v1,val32,15,0,7032,6,449,57,0.03964497041420118,2,False,0.7957438230514526,True,0.03964497041420118,57,no_mask_reaches_0.5
recipe_v1,val32,15,0,7033,6,4162,30,0.10040799391466704,2,False,0.8765150308609009,True,0.10040799391466704,30,no_mask_reaches_0.5
recipe_v1,val32,15,0,7035,6,24398,14,0.4083315785779462,2,False,0.913802981376648,True,0.4083315785779462,14,no_mask_reaches_0.5
recipe_v1,val32,15,1,5001,4,823,,0.0,,False,,False,0.0,,no_mask_reaches_0.5
recipe_v1,val32,15,1,5002,4,869,30,0.07469485989341584,2,False,0.8765150308609009,True,0.07469485989341584,30,no_mask_reaches_0.5
recipe_v1,val32,15,1,5013,4,937,57,0.03134958229265352,2,False,0.7957438230514526,True,0.03134958229265352,57,no_mask_reaches_0.5
recipe_v1,val32,15,1,5018,4,1728,30,0.06776410420329232,2,False,0.8765150308609009,True,0.06776410420329232,30,no_mask_reaches_0.5
recipe_v1,val32,15,1,5020,4,226,97,0.03637534202478674,2,False,0.8954999446868896,True,0.03637534202478674,97,no_mask_reaches_0.5
recipe_v1,val32,15,1,5027,4,2776,14,0.11047828619506828,2,False,0.913802981376648,True,0.11047828619506828,14,no_mask_reaches_0.5
recipe_v1,val32,15,1,5030,4,413,97,0.02872224809812141,2,False,0.8954999446868896,True,0.02872224809812141,97,no_mask_reaches_0.5
recipe_v1,val32,15,1,5031,4,1010,57,0.002246069378587472,2,False,0.7957438230514526,True,0.002246069378587472,57,no_mask_reaches_0.5
recipe_v1,val32,15,1,5053,4,4414,14,0.1295673076923077,2,False,0.913802981376648,True,0.1295673076923077,14,no_mask_reaches_0.5
recipe_v1,val32,15,1,7032,6,1397,57,0.07374147310249547,2,False,0.7957438230514526,True,0.07374147310249547,57,no_mask_reaches_0.5
recipe_v1,val32,15,1,7033,6,5520,30,0.08295454545454546,2,False,0.8765150308609009,True,0.08295454545454546,30,no_mask_reaches_0.5
recipe_v1,val32,15,1,7035,6,6549,14,0.37117589256469047,2,False,0.913802981376648,True,0.37117589256469047,14,no_mask_reaches_0.5
recipe_v1,val32,15,1,7037,6,187,57,0.00026733202637675994,2,False,0.7957438230514526,True,0.00026733202637675994,57,no_mask_reaches_0.5
recipe_v1,val32,15,2,5001,4,736,,0.0,,False,,False,0.0,,no_mask_reaches_0.5
recipe_v1,val32,15,2,5002,4,694,30,0.059591275974583545,2,False,0.8765150308609009,True,0.059591275974583545,30,no_mask_reaches_0.5
recipe_v1,val32,15,2,5018,4,2561,30,0.12343824134113554,2,False,0.8765150308609009,True,0.12343824134113554,30,no_mask_reaches_0.5
recipe_v1,val32,15,2,5027,4,1613,14,0.02181818181818182,2,False,0.913802981376648,True,0.02181818181818182,14,no_mask_reaches_0.5
recipe_v1,val32,15,2,5031,4,380,,0.0,,False,,False,0.0,,no_mask_reaches_0.5
recipe_v1,val32,15,2,5053,4,1688,14,0.10016348088531186,2,False,0.913802981376648,True,0.10016348088531186,14,no_mask_reaches_0.5
recipe_v1,val32,15,2,5054,4,235,54,0.03296925566343042,2,False,0.8710878491401672,True,0.03296925566343042,54,no_mask_reaches_0.5
recipe_v1,val32,15,2,7032,6,456,57,0.03889886295631358,2,False,0.7957438230514526,True,0.03889886295631358,57,no_mask_reaches_0.5
recipe_v1,val32,15,2,7033,6,4238,30,0.10458970792767733,2,False,0.8765150308609009,True,0.10458970792767733,30,no_mask_reaches_0.5
recipe_v1,val32,15,2,7035,6,24767,14,0.396043351109582,2,False,0.913802981376648,True,0.396043351109582,14,no_mask_reaches_0.5
recipe_v1,val32,15,3,5001,4,717,,0.0,,False,,False,0.0,,no_mask_reaches_0.5
recipe_v1,val32,15,3,5002,4,662,30,0.05761531766753699,2,False,0.8765150308609009,True,0.05761531766753699,30,no_mask_reaches_0.5
recipe_v1,val32,15,3,5018,4,2620,30,0.12197837150127226,2,False,0.8765150308609009,True,0.12197837150127226,30,no_mask_reaches_0.5
recipe_v1,val32,15,3,5027,4,1678,14,0.024385975147307625,2,False,0.913802981376648,True,0.024385975147307625,14,no_mask_reaches_0.5
recipe_v1,val32,15,3,5031,4,428,,0.0,,False,,False,0.0,,no_mask_reaches_0.5
recipe_v1,val32,15,3,5053,4,1949,14,0.10903775580021148,2,False,0.913802981376648,True,0.10903775580021148,14,no_mask_reaches_0.5
recipe_v1,val32,15,3,5054,4,133,54,0.018800358102059087,2,False,0.8710878491401672,True,0.018800358102059087,54,no_mask_reaches_0.5
recipe_v1,val32,15,3,7032,6,511,57,0.051926298157453935,2,False,0.7957438230514526,True,0.051926298157453935,57,no_mask_reaches_0.5
recipe_v1,val32,15,3,7033,6,4485,30,0.10706860706860707,2,False,0.8765150308609009,True,0.10706860706860707,30,no_mask_reaches_0.5
recipe_v1,val32,15,3,7035,6,25126,14,0.3808000538756819,2,False,0.913802981376648,True,0.3808000538756819,14,no_mask_reaches_0.5
recipe_v1,val32,15,4,5001,4,714,,0.0,,False,,False,0.0,,no_mask_reaches_0.5
recipe_v1,val32,15,4,5002,4,707,30,0.0581605791378743,2,False,0.8765150308609009,True,0.0581605791378743,30,no_mask_reaches_0.5
recipe_v1,val32,15,4,5018,4,2819,30,0.11106989167532275,2,False,0.8765150308609009,True,0.11106989167532275,30,no_mask_reaches_0.5
recipe_v1,val32,15,4,5027,4,1689,14,0.029342723004694836,2,False,0.913802981376648,True,0.029342723004694836,14,no_mask_reaches_0.5
recipe_v1,val32,15,4,5031,4,809,57,0.01897590361445783,2,False,0.7957438230514526,True,0.01897590361445783,57,no_mask_reaches_0.5
recipe_v1,val32,15,4,5053,4,2931,14,0.10899858290033065,2,False,0.913802981376648,True,0.10899858290033065,14,no_mask_reaches_0.5
recipe_v1,val32,15,4,7032,6,648,57,0.08631153068105192,2,False,0.7957438230514526,True,0.08631153068105192,57,no_mask_reaches_0.5
recipe_v1,val32,15,4,7033,6,4847,30,0.09902398035033289,2,False,0.8765150308609009,True,0.09902398035033289,30,no_mask_reaches_0.5
recipe_v1,val32,15,4,7035,6,24380,14,0.3745729123957906,2,False,0.913802981376648,True,0.3745729123957906,14,no_mask_reaches_0.5
recipe_v1,val32,15,5,5001,4,774,,0.0,,False,,False,0.0,,no_mask_reaches_0.5
recipe_v1,val32,15,5,5002,4,793,30,0.06276713629887605,2,False,0.8765150308609009,True,0.06276713629887605,30,no_mask_reaches_0.5
recipe_v1,val32,15,5,5013,4,869,57,0.038162162162162165,2,False,0.7957438230514526,True,0.038162162162162165,57,no_mask_reaches_0.5
recipe_v1,val32,15,5,5018,4,2738,30,0.09518381305215161,2,False,0.8765150308609009,True,0.09518381305215161,30,no_mask_reaches_0.5
recipe_v1,val32,15,5,5020,4,6,97,0.001274426508071368,2,False,0.8954999446868896,True,0.001274426508071368,97,no_mask_reaches_0.5
recipe_v1,val32,15,5,5027,4,2446,14,0.07876095569696243,2,False,0.913802981376648,True,0.07876095569696243,14,no_mask_reaches_0.5
recipe_v1,val32,15,5,5030,4,273,97,0.015287403179779861,2,False,0.8954999446868896,True,0.015287403179779861,97,no_mask_reaches_0.5
recipe_v1,val32,15,5,5031,4,1023,57,0.004633443163097199,2,False,0.7957438230514526,True,0.004633443163097199,57,no_mask_reaches_0.5
recipe_v1,val32,15,5,5053,4,4156,14,0.11989984635520401,2,False,0.913802981376648,True,0.11989984635520401,14,no_mask_reaches_0.5
recipe_v1,val32,15,5,7032,6,1452,57,0.09632978150898719,2,False,0.7957438230514526,True,0.09632978150898719,57,no_mask_reaches_0.5
recipe_v1,val32,15,5,7033,6,5514,30,0.0925290470170369,2,False,0.8765150308609009,True,0.0925290470170369,30,no_mask_reaches_0.5
recipe_v1,val32,15,5,7035,6,11416,14,0.41983767260461685,2,False,0.913802981376648,True,0.41983767260461685,14,no_mask_reaches_0.5
recipe_v1,val32,15,5,7037,6,24,,0.0,,False,,False,0.0,,no_mask_reaches_0.5
recipe_v1,val32,16,0,5020,4,1096,35,0.01050941468398774,5,False,0.9111912846565247,True,0.01050941468398774,35,no_mask_reaches_0.5
recipe_v1,val32,16,0,5021,4,1230,30,0.08781609195402298,2,False,0.8589869737625122,True,0.08781609195402298,30,no_mask_reaches_0.5
recipe_v1,val32,16,0,5022,4,764,30,0.0556792873051225,2,False,0.8589869737625122,True,0.0556792873051225,30,no_mask_reaches_0.5
recipe_v1,val32,16,0,5023,4,1732,14,0.07294167193093283,5,False,0.9124799966812134,True,0.07294167193093283,14,no_mask_reaches_0.5
recipe_v1,val32,16,0,5025,4,327,14,0.00825130890052356,5,False,0.9124799966812134,True,0.00825130890052356,14,no_mask_reaches_0.5
recipe_v1,val32,16,0,5030,4,465,54,0.06544502617801047,7,False,0.8500416278839111,True,0.06544502617801047,54,no_mask_reaches_0.5
recipe_v1,val32,16,0,7037,6,1930,30,0.15746857021095248,2,False,0.8589869737625122,True,0.15746857021095248,30,no_mask_reaches_0.5
recipe_v1,val32,16,0,7038,6,8339,14,0.35118972415245314,5,False,0.9124799966812134,True,0.35118972415245314,14,no_mask_reaches_0.5
recipe_v1,val32,16,1,5021,4,1024,30,0.07246044485209814,2,False,0.8589869737625122,True,0.07246044485209814,30,no_mask_reaches_0.5
recipe_v1,val32,16,1,5022,4,796,30,0.07204819277108433,2,False,0.8589869737625122,True,0.07204819277108433,30,no_mask_reaches_0.5
recipe_v1,val32,16,1,5023,4,1848,14,0.07281323877068557,5,False,0.9124799966812134,True,0.07281323877068557,14,no_mask_reaches_0.5
recipe_v1,val32,16,1,5025,4,2029,97,0.01822477219034762,19,False,0.8632254004478455,True,0.01822477219034762,97,no_mask_reaches_0.5
recipe_v1,val32,16,1,7037,6,889,30,0.24098360655737705,2,False,0.8589869737625122,True,0.24098360655737705,30,no_mask_reaches_0.5
recipe_v1,val32,16,1,7038,6,19607,14,0.38039275851488186,5,False,0.9124799966812134,True,0.38039275851488186,14,no_mask_reaches_0.5
recipe_v1,val32,16,2,5020,4,1135,35,0.013418239708892426,5,False,0.9111912846565247,True,0.013418239708892426,35,no_mask_reaches_0.5
recipe_v1,val32,16,2,5021,4,1170,30,0.08292795923094742,2,False,0.8589869737625122,True,0.08292795923094742,30,no_mask_reaches_0.5
recipe_v1,val32,16,2,5022,4,688,30,0.05378235737622518,2,False,0.8589869737625122,True,0.05378235737622518,30,no_mask_reaches_0.5
recipe_v1,val32,16,2,5023,4,1671,14,0.06964531321635477,5,False,0.9124799966812134,True,0.06964531321635477,14,no_mask_reaches_0.5
recipe_v1,val32,16,2,5025,4,455,14,0.008664081194818055,5,False,0.9124799966812134,True,0.008664081194818055,14,no_mask_reaches_0.5
recipe_v1,val32,16,2,5030,4,441,54,0.0639673358285131,7,False,0.8500416278839111,True,0.0639673358285131,54,no_mask_reaches_0.5
recipe_v1,val32,16,2,7037,6,1990,54,0.15742574257425743,7,False,0.8500416278839111,True,0.15742574257425743,54,no_mask_reaches_0.5
recipe_v1,val32,16,2,7038,6,9067,14,0.3777870389664513,5,False,0.9124799966812134,True,0.3777870389664513,14,no_mask_reaches_0.5
recipe_v1,val32,16,3,5020,4,1157,35,0.015076598848990841,5,False,0.9111912846565247,True,0.015076598848990841,35,no_mask_reaches_0.5
recipe_v1,val32,16,3,5021,4,1168,30,0.07933194154488518,2,False,0.8589869737625122,True,0.07933194154488518,30,no_mask_reaches_0.5
recipe_v1,val32,16,3,5022,4,724,30,0.05647590361445783,2,False,0.8589869737625122,True,0.05647590361445783,30,no_mask_reaches_0.5
recipe_v1,val32,16,3,5023,4,1716,14,0.07024150634465821,5,False,0.9124799966812134,True,0.07024150634465821,14,no_mask_reaches_0.5
recipe_v1,val32,16,3,5025,4,600,14,0.009355593192999435,5,False,0.9124799966812134,True,0.009355593192999435,14,no_mask_reaches_0.5
recipe_v1,val32,16,3,5030,4,346,54,0.05975941016686069,7,False,0.8500416278839111,True,0.05975941016686069,54,no_mask_reaches_0.5
recipe_v1,val32,16,3,7037,6,1893,54,0.16598528209321342,7,False,0.8500416278839111,True,0.16598528209321342,54,no_mask_reaches_0.5
recipe_v1,val32,16,3,7038,6,9842,14,0.40040044130266006,5,False,0.9124799966812134,True,0.40040044130266006,14,no_mask_reaches_0.5
recipe_v1,val32,16,4,5020,4,1155,35,0.01815005338250995,5,False,0.9111912846565247,True,0.01815005338250995,35,no_mask_reaches_0.5
recipe_v1,val32,16,4,5021,4,1197,30,0.07641972423463426,2,False,0.8589869737625122,True,0.07641972423463426,30,no_mask_reaches_0.5
recipe_v1,val32,16,4,5022,4,729,30,0.05885363357215967,2,False,0.8589869737625122,True,0.05885363357215967,30,no_mask_reaches_0.5
recipe_v1,val32,16,4,5023,4,1630,14,0.06499202551834131,5,False,0.9124799966812134,True,0.06499202551834131,14,no_mask_reaches_0.5
recipe_v1,val32,16,4,5025,4,1299,14,0.009606552357624004,5,False,0.9124799966812134,True,0.009606552357624004,14,no_mask_reaches_0.5
recipe_v1,val32,16,4,5030,4,114,54,0.018281535648994516,7,False,0.8500416278839111,True,0.018281535648994516,54,no_mask_reaches_0.5
recipe_v1,val32,16,4,7037,6,1796,54,0.1654501216545012,7,False,0.8500416278839111,True,0.1654501216545012,54,no_mask_reaches_0.5
recipe_v1,val32,16,4,7038,6,11471,14,0.4376007866273353,5,False,0.9124799966812134,True,0.4376007866273353,14,no_mask_reaches_0.5
recipe_v1,val32,16,5,5020,4,1093,35,0.01793584093471354,5,False,0.9111912846565247,True,0.01793584093471354,35,no_mask_reaches_0.5
recipe_v1,val32,16,5,5021,4,1186,30,0.07488883688275216,2,False,0.8589869737625122,True,0.07488883688275216,30,no_mask_reaches_0.5
recipe_v1,val32,16,5,5022,4,725,30,0.06166495375128469,2,False,0.8589869737625122,True,0.06166495375128469,30,no_mask_reaches_0.5
recipe_v1,val32,16,5,5023,4,1612,14,0.06382894476341319,5,False,0.9124799966812134,True,0.06382894476341319,14,no_mask_reaches_0.5
recipe_v1,val32,16,5,5025,4,1493,14,0.010273455204713703,5,False,0.9124799966812134,True,0.010273455204713703,14,no_mask_reaches_0.5
recipe_v1,val32,16,5,5030,4,64,54,0.011695906432748537,7,False,0.8500416278839111,True,0.011695906432748537,54,no_mask_reaches_0.5
recipe_v1,val32,16,5,7037,6,1753,30,0.162947937795808,2,False,0.8589869737625122,True,0.162947937795808,30,no_mask_reaches_0.5
recipe_v1,val32,16,5,7038,6,11978,14,0.4470656820831714,5,False,0.9124799966812134,True,0.4470656820831714,14,no_mask_reaches_0.5
recipe_v1,val32,17,0,5028,4,4284,30,0.4045821067451683,6,False,0.8969582915306091,True,0.4045821067451683,30,no_mask_reaches_0.5
recipe_v1,val32,17,0,7034,6,11075,57,0.1770197486535009,8,False,0.7290929555892944,True,0.1770197486535009,57,no_mask_reaches_0.5
recipe_v1,val32,17,1,5017,4,4184,97,0.2766480007859318,6,False,0.9062038660049438,True,0.2766480007859318,97,no_mask_reaches_0.5
recipe_v1,val32,17,1,5028,4,618,30,0.16984231274638634,6,False,0.8969582915306091,True,0.16984231274638634,30,no_mask_reaches_0.5
recipe_v1,val32,17,1,5050,4,383,57,0.058895894202675686,8,False,0.7290929555892944,True,0.058895894202675686,57,no_mask_reaches_0.5
recipe_v1,val32,17,1,5054,4,1188,97,0.07170418006430868,6,False,0.9062038660049438,True,0.07170418006430868,97,no_mask_reaches_0.5
recipe_v1,val32,17,1,7034,6,22176,14,0.1515567931146711,4,False,0.9518317580223083,True,0.1515567931146711,14,no_mask_reaches_0.5
recipe_v1,val32,17,1,7035,6,3098,97,0.24623273336123902,6,True,0.9062038660049438,True,0.24623273336123902,97,no_mask_reaches_0.5
recipe_v1,val32,17,2,5028,4,4280,30,0.3970719287078294,6,False,0.8969582915306091,True,0.3970719287078294,30,no_mask_reaches_0.5
recipe_v1,val32,17,2,5050,4,5,57,0.0009053050878145935,8,False,0.7290929555892944,True,0.0009053050878145935,57,no_mask_reaches_0.5
recipe_v1,val32,17,2,7034,6,11419,57,0.1738377329730479,8,False,0.7290929555892944,True,0.1738377329730479,57,no_mask_reaches_0.5
recipe_v1,val32,17,3,5028,4,4312,30,0.39710181771958813,6,False,0.8969582915306091,True,0.39710181771958813,30,no_mask_reaches_0.5
recipe_v1,val32,17,3,5050,4,24,57,0.004140072451267897,8,False,0.7290929555892944,True,0.004140072451267897,57,no_mask_reaches_0.5
recipe_v1,val32,17,3,7034,6,11868,57,0.17320847446370458,8,False,0.7290929555892944,True,0.17320847446370458,57,no_mask_reaches_0.5
recipe_v1,val32,17,4,5028,4,4367,30,0.40280483054148813,6,False,0.8969582915306091,True,0.40280483054148813,30,no_mask_reaches_0.5
recipe_v1,val32,17,4,5050,4,386,57,0.05616996507566938,8,False,0.7290929555892944,True,0.05616996507566938,57,no_mask_reaches_0.5
recipe_v1,val32,17,4,7034,6,14331,57,0.15635907504363003,8,False,0.7290929555892944,True,0.15635907504363003,57,no_mask_reaches_0.5
recipe_v1,val32,17,5,5028,4,4374,30,0.40572103398504133,6,False,0.8969582915306091,True,0.40572103398504133,30,no_mask_reaches_0.5
recipe_v1,val32,17,5,5050,4,450,57,0.06517016654598118,8,False,0.7290929555892944,True,0.06517016654598118,57,no_mask_reaches_0.5
recipe_v1,val32,17,5,7034,6,14949,57,0.15069502948609942,8,False,0.7290929555892944,True,0.15069502948609942,57,no_mask_reaches_0.5
recipe_v1,val32,18,0,5022,4,2319,57,0.13717693836978131,13,False,0.7975652813911438,True,0.13717693836978131,57,no_mask_reaches_0.5
recipe_v1,val32,18,0,5024,4,6697,35,0.5070594879518072,7,False,0.8679946660995483,True,0.5070594879518072,35,reader_true_positive
recipe_v1,val32,18,0,6004,5,23791,14,0.4944825039996718,3,False,0.880447506904602,True,0.4944825039996718,14,no_mask_reaches_0.5
recipe_v1,val32,18,1,5001,4,7939,35,0.09642803541948071,7,False,0.8679946660995483,True,0.09642803541948071,35,no_mask_reaches_0.5
recipe_v1,val32,18,1,5024,4,13300,35,0.4231687242798354,7,False,0.8679946660995483,True,0.4231687242798354,35,no_mask_reaches_0.5
recipe_v1,val32,18,1,6004,5,8143,14,0.5668604651162791,3,False,0.880447506904602,True,0.5668604651162791,14,reader_true_positive
recipe_v1,val32,18,2,5022,4,2117,57,0.15028901734104047,13,False,0.7975652813911438,True,0.15028901734104047,57,no_mask_reaches_0.5
recipe_v1,val32,18,2,5024,4,6910,35,0.49995524926161283,7,False,0.8679946660995483,True,0.49995524926161283,35,no_mask_reaches_0.5
recipe_v1,val32,18,2,6004,5,23650,14,0.4948895483020112,3,False,0.880447506904602,True,0.4948895483020112,14,no_mask_reaches_0.5
recipe_v1,val32,18,3,5022,4,1637,57,0.13637535447280227,13,False,0.7975652813911438,True,0.13637535447280227,57,no_mask_reaches_0.5
recipe_v1,val32,18,3,5024,4,7410,35,0.4786806114239743,7,False,0.8679946660995483,True,0.4786806114239743,35,no_mask_reaches_0.5
recipe_v1,val32,18,3,6004,5,23239,14,0.49505157222199025,3,False,0.880447506904602,True,0.49505157222199025,14,no_mask_reaches_0.5
recipe_v1,val32,18,4,5022,4,311,97,0.05744888023369036,7,False,0.8780487179756165,True,0.05744888023369036,97,no_mask_reaches_0.5
recipe_v1,val32,18,4,5024,4,9085,35,0.4752688172043011,7,False,0.8679946660995483,True,0.4752688172043011,35,no_mask_reaches_0.5
recipe_v1,val32,18,4,6004,5,21550,14,0.5239971346704871,3,False,0.880447506904602,True,0.5239971346704871,14,reader_true_positive
recipe_v1,val32,18,5,5022,4,205,97,0.04486758590501204,7,False,0.8780487179756165,True,0.04486758590501204,97,no_mask_reaches_0.5
recipe_v1,val32,18,5,5024,4,9491,35,0.478558035444263,7,False,0.8679946660995483,True,0.478558035444263,35,no_mask_reaches_0.5
recipe_v1,val32,18,5,6004,5,21097,14,0.5344567749006713,3,False,0.880447506904602,True,0.5344567749006713,14,reader_true_positive
recipe_v1,val32,19,0,5022,4,853,97,0.053987005316007086,7,False,0.8829923272132874,True,0.053987005316007086,97,no_mask_reaches_0.5
recipe_v1,val32,19,0,5024,4,8332,35,0.43621644652748187,2,False,0.8659794330596924,True,0.43621644652748187,35,no_mask_reaches_0.5
recipe_v1,val32,19,0,6004,5,22327,14,0.436657131181038,3,False,0.8810850977897644,True,0.436657131181038,14,no_mask_reaches_0.5
recipe_v1,val32,19,1,5001,4,9867,35,0.04840520647066162,2,False,0.8659794330596924,True,0.04840520647066162,35,no_mask_reaches_0.5
recipe_v1,val32,19,1,5024,4,12987,35,0.3635094811820194,2,False,0.8659794330596924,True,0.3635094811820194,35,no_mask_reaches_0.5
recipe_v1,val32,19,1,6004,5,5005,14,0.52061635040662,3,False,0.8810850977897644,True,0.52061635040662,14,reader_true_positive
recipe_v1,val32,19,2,5022,4,311,97,0.03861165319208252,7,False,0.8829923272132874,True,0.03861165319208252,97,no_mask_reaches_0.5
recipe_v1,val32,19,2,5024,4,9085,35,0.4461631786472551,2,False,0.8659794330596924,True,0.4461631786472551,35,no_mask_reaches_0.5
recipe_v1,val32,19,2,6004,5,21550,14,0.44551823092505066,3,False,0.8810850977897644,True,0.44551823092505066,14,no_mask_reaches_0.5
recipe_v1,val32,19,3,5022,4,90,97,0.015025041736227046,7,False,0.8829923272132874,True,0.015025041736227046,97,no_mask_reaches_0.5
recipe_v1,val32,19,3,5024,4,10107,35,0.47532951487129943,2,False,0.8659794330596924,True,0.47532951487129943,35,no_mask_reaches_0.5
recipe_v1,val32,19,3,6004,5,20594,14,0.46137997545151677,3,False,0.8810850977897644,True,0.46137997545151677,14,no_mask_reaches_0.5
recipe_v1,val32,19,4,5024,4,13381,35,0.47677915135315735,2,False,0.8659794330596924,True,0.47677915135315735,35,no_mask_reaches_0.5
recipe_v1,val32,19,4,6004,5,17259,14,0.5560728537808247,3,False,0.8810850977897644,True,0.5560728537808247,14,reader_true_positive
recipe_v1,val32,19,5,5001,4,62,35,0.004548122065727699,2,False,0.8659794330596924,True,0.004548122065727699,35,no_mask_reaches_0.5
recipe_v1,val32,19,5,5024,4,14047,35,0.45855509300732467,2,False,0.8659794330596924,True,0.45855509300732467,35,no_mask_reaches_0.5
recipe_v1,val32,19,5,6004,5,16455,14,0.5880906564036775,3,False,0.8810850977897644,True,0.5880906564036775,14,reader_true_positive
recipe_v1,val32,20,0,5022,4,2319,57,0.13648137079099423,13,False,0.7981218099594116,True,0.13648137079099423,57,no_mask_reaches_0.5
recipe_v1,val32,20,0,5024,4,6697,35,0.5065752395265828,7,False,0.8657792806625366,True,0.5065752395265828,35,reader_true_positive
recipe_v1,val32,20,0,6004,5,23791,14,0.4943198129844564,3,False,0.8797433376312256,True,0.4943198129844564,14,no_mask_reaches_0.5
recipe_v1,val32,20,1,5001,4,8304,35,0.08430720979725946,7,False,0.8657792806625366,True,0.08430720979725946,35,no_mask_reaches_0.5
recipe_v1,val32,20,1,5024,4,13133,35,0.42042356888236526,7,False,0.8657792806625366,True,0.42042356888236526,35,no_mask_reaches_0.5
recipe_v1,val32,20,1,6004,5,7581,14,0.5551859332303671,3,False,0.8797433376312256,True,0.5551859332303671,14,reader_true_positive
recipe_v1,val32,20,2,5022,4,2117,57,0.1501713796058269,13,False,0.7981218099594116,True,0.1501713796058269,57,no_mask_reaches_0.5
recipe_v1,val32,20,2,5024,4,6910,35,0.49973195139385274,7,False,0.8657792806625366,True,0.49973195139385274,35,no_mask_reaches_0.5
recipe_v1,val32,20,2,6004,5,23650,14,0.494519531893852,3,False,0.8797433376312256,True,0.494519531893852,14,no_mask_reaches_0.5
recipe_v1,val32,20,3,5022,4,1637,57,0.1361997940267765,13,False,0.7981218099594116,True,0.1361997940267765,57,no_mask_reaches_0.5
recipe_v1,val32,20,3,5024,4,7410,35,0.4796525655460833,7,False,0.8657792806625366,True,0.4796525655460833,35,no_mask_reaches_0.5
recipe_v1,val32,20,3,6004,5,23239,14,0.4950523986472381,3,False,0.8797433376312256,True,0.4950523986472381,14,no_mask_reaches_0.5
recipe_v1,val32,20,4,5022,4,311,97,0.05707674508291554,7,False,0.8787054419517517,True,0.05707674508291554,97,no_mask_reaches_0.5
recipe_v1,val32,20,4,5024,4,9085,35,0.477339088485464,7,False,0.8657792806625366,True,0.477339088485464,35,no_mask_reaches_0.5
recipe_v1,val32,20,4,6004,5,21550,14,0.5237647690655209,3,False,0.8797433376312256,True,0.5237647690655209,14,reader_true_positive
recipe_v1,val32,20,5,5022,4,205,97,0.044507164567954845,7,False,0.8787054419517517,True,0.044507164567954845,97,no_mask_reaches_0.5
recipe_v1,val32,20,5,5024,4,9491,35,0.4822971164375228,7,False,0.8657792806625366,True,0.4822971164375228,35,no_mask_reaches_0.5
recipe_v1,val32,20,5,6004,5,21097,14,0.5342953694401316,3,False,0.8797433376312256,True,0.5342953694401316,14,reader_true_positive
recipe_v1,val32,21,0,5001,4,7270,35,0.7251588157737026,2,False,0.8621744513511658,True,0.7251588157737026,35,reader_true_positive
recipe_v1,val32,21,0,5024,4,13274,14,0.6062947606483227,2,False,0.8856335878372192,True,0.6062947606483227,14,reader_true_positive
recipe_v1,val32,21,0,6004,5,9300,92,0.3278965688712083,3,False,0.740553617477417,True,0.3278965688712083,92,no_mask_reaches_0.5
recipe_v1,val32,21,1,5001,4,14944,35,0.40476601623208425,2,False,0.8621744513511658,True,0.40476601623208425,35,no_mask_reaches_0.5
recipe_v1,val32,21,1,5013,4,58,,0.0,,False,,False,0.0,,no_mask_reaches_0.5
recipe_v1,val32,21,1,5024,4,10576,14,0.6155737704918033,2,False,0.8856335878372192,True,0.6155737704918033,14,reader_true_positive
recipe_v1,val32,21,2,5001,4,8304,35,0.6154970760233918,2,False,0.8621744513511658,True,0.6154970760233918,35,reader_true_positive
recipe_v1,val32,21,2,5024,4,13133,14,0.5903266331658291,2,False,0.8856335878372192,True,0.5903266331658291,14,reader_true_positive
recipe_v1,val32,21,2,6004,5,7581,92,0.3077016965702429,3,False,0.740553617477417,True,0.3077016965702429,92,no_mask_reaches_0.5
recipe_v1,val32,21,3,5001,4,9867,35,0.5555114988104679,2,False,0.8621744513511658,True,0.5555114988104679,35,reader_true_positive
recipe_v1,val32,21,3,5024,4,12987,14,0.5886493341788206,2,False,0.8856335878372192,True,0.5886493341788206,14,reader_true_positive
recipe_v1,val32,21,3,6004,5,5005,92,0.28706099815157116,3,False,0.740553617477417,True,0.28706099815157116,92,no_mask_reaches_0.5
recipe_v1,val32,21,4,5001,4,10229,35,0.5468833857241432,2,False,0.8621744513511658,True,0.5468833857241432,35,reader_true_positive
recipe_v1,val32,21,4,5024,4,12948,14,0.5866031746031746,2,False,0.8856335878372192,True,0.5866031746031746,14,reader_true_positive
recipe_v1,val32,21,4,6004,5,4348,92,0.2782608695652174,3,False,0.740553617477417,True,0.2782608695652174,92,no_mask_reaches_0.5
recipe_v1,val32,21,5,5001,4,12962,35,0.4538150028925885,2,False,0.8621744513511658,True,0.4538150028925885,35,no_mask_reaches_0.5
recipe_v1,val32,21,5,5024,4,12068,14,0.6269527321488434,2,False,0.8856335878372192,True,0.6269527321488434,14,reader_true_positive
recipe_v1,val32,21,5,6004,5,582,97,0.13240418118466898,7,False,0.8923922777175903,True,0.13240418118466898,97,no_mask_reaches_0.5
recipe_v1,val32,22,0,5022,4,2565,57,0.26697305201587634,7,False,0.806060254573822,True,0.26697305201587634,57,no_mask_reaches_0.5
recipe_v1,val32,22,0,5024,4,5142,35,0.49869071864998543,7,False,0.862400472164154,True,0.49869071864998543,35,no_mask_reaches_0.5
recipe_v1,val32,22,0,6004,5,25682,14,0.47260672327556125,3,False,0.8760024309158325,True,0.47260672327556125,14,no_mask_reaches_0.5
recipe_v1,val32,22,1,5001,4,1235,35,0.03552345141500099,7,False,0.862400472164154,True,0.03552345141500099,35,no_mask_reaches_0.5
recipe_v1,val32,22,1,5024,4,14474,35,0.5075667328480036,7,False,0.862400472164154,True,0.5075667328480036,35,reader_true_positive
recipe_v1,val32,22,1,6004,5,15115,14,0.6779485854540757,3,False,0.8760024309158325,True,0.6779485854540757,14,reader_true_positive
recipe_v1,val32,22,2,5022,4,2777,57,0.26155956112852663,7,False,0.806060254573822,True,0.26155956112852663,57,no_mask_reaches_0.5
recipe_v1,val32,22,2,5023,4,20,97,0.002627085248916327,7,False,0.8787807822227478,True,0.002627085248916327,97,no_mask_reaches_0.5
recipe_v1,val32,22,2,5024,4,5053,35,0.5128387293210189,7,False,0.862400472164154,True,0.5128387293210189,35,reader_true_positive
recipe_v1,val32,22,2,6004,5,25730,14,0.4746268656716418,3,False,0.8760024309158325,True,0.4746268656716418,14,no_mask_reaches_0.5
recipe_v1,val32,22,3,5022,4,2923,57,0.24560419004863449,7,False,0.806060254573822,True,0.24560419004863449,57,no_mask_reaches_0.5
recipe_v1,val32,22,3,5023,4,55,97,0.007040450588837685,7,False,0.8787807822227478,True,0.007040450588837685,97,no_mask_reaches_0.5
recipe_v1,val32,22,3,5024,4,4996,35,0.5235799622720604,7,False,0.862400472164154,True,0.5235799622720604,35,reader_true_positive
recipe_v1,val32,22,3,6004,5,25694,14,0.4760313883925103,3,False,0.8760024309158325,True,0.4760313883925103,14,no_mask_reaches_0.5
recipe_v1,val32,22,4,5022,4,3236,57,0.21404626215219577,7,False,0.806060254573822,True,0.21404626215219577,57,no_mask_reaches_0.5
recipe_v1,val32,22,4,5023,4,137,97,0.0165879646446301,7,False,0.8787807822227478,True,0.0165879646446301,97,no_mask_reaches_0.5
recipe_v1,val32,22,4,5024,4,4733,35,0.5456536776573668,7,False,0.862400472164154,True,0.5456536776573668,35,reader_true_positive
recipe_v1,val32,22,4,6004,5,25615,14,0.4818192447094587,3,False,0.8760024309158325,True,0.4818192447094587,14,no_mask_reaches_0.5
recipe_v1,val32,22,5,5022,4,1142,57,0.12175015852885225,7,False,0.806060254573822,True,0.12175015852885225,57,no_mask_reaches_0.5
recipe_v1,val32,22,5,5024,4,7910,35,0.5267313822080556,7,False,0.862400472164154,True,0.5267313822080556,35,reader_true_positive
recipe_v1,val32,22,5,6004,5,22770,14,0.5264932562620424,3,False,0.8760024309158325,True,0.5264932562620424,14,reader_true_positive
recipe_v1,val32,23,0,5022,4,311,97,0.0375496779498424,7,False,0.8761317729949951,True,0.0375496779498424,97,no_mask_reaches_0.5
recipe_v1,val32,23,0,5024,4,9085,35,0.429876323660173,7,False,0.8687222003936768,True,0.429876323660173,35,no_mask_reaches_0.5
recipe_v1,val32,23,0,6004,5,21550,14,0.4310800760267747,3,False,0.8800466656684875,True,0.4310800760267747,14,no_mask_reaches_0.5
recipe_v1,val32,23,1,5001,4,7669,35,0.14803782505910165,7,False,0.8687222003936768,True,0.14803782505910165,35,no_mask_reaches_0.5
recipe_v1,val32,23,1,5024,4,13219,35,0.3621461187214612,7,False,0.8687222003936768,True,0.3621461187214612,35,no_mask_reaches_0.5
recipe_v1,val32,23,1,6004,5,8715,14,0.59190058225428,3,False,0.8800466656684875,True,0.59190058225428,14,reader_true_positive
recipe_v1,val32,23,2,5022,4,29,97,0.005185052744502056,7,False,0.8761317729949951,True,0.005185052744502056,97,no_mask_reaches_0.5
recipe_v1,val32,23,2,5024,4,10684,35,0.4740694703404461,7,False,0.8687222003936768,True,0.4740694703404461,35,no_mask_reaches_0.5
recipe_v1,val32,23,2,6004,5,20048,14,0.44715411558669,3,False,0.8800466656684875,True,0.44715411558669,14,no_mask_reaches_0.5
recipe_v1,val32,23,3,5001,4,62,35,0.004658501765722444,7,False,0.8687222003936768,True,0.004658501765722444,35,no_mask_reaches_0.5
recipe_v1,val32,23,3,5024,4,14047,35,0.49486338797814206,7,False,0.8687222003936768,True,0.49486338797814206,35,no_mask_reaches_0.5
recipe_v1,val32,23,3,6004,5,16455,14,0.558449677016045,3,False,0.8800466656684875,True,0.558449677016045,14,reader_true_positive
recipe_v1,val32,23,4,5001,4,545,35,0.034794461582609945,7,False,0.8687222003936768,True,0.034794461582609945,35,no_mask_reaches_0.5
recipe_v1,val32,23,4,5024,4,14435,35,0.4702461314778274,7,False,0.8687222003936768,True,0.4702461314778274,35,no_mask_reaches_0.5
recipe_v1,val32,23,4,6004,5,15722,14,0.5717051137280207,3,False,0.8800466656684875,True,0.5717051137280207,14,reader_true_positive
recipe_v1,val32,23,5,5001,4,5818,35,0.1581676288218944,7,False,0.8687222003936768,True,0.1581676288218944,35,no_mask_reaches_0.5
recipe_v1,val32,23,5,5024,4,13615,35,0.3858889934148636,7,False,0.8687222003936768,True,0.3858889934148636,35,no_mask_reaches_0.5
recipe_v1,val32,23,5,6004,5,11169,14,0.6174520567477009,3,False,0.8800466656684875,True,0.6174520567477009,14,reader_true_positive
recipe_v1,val32,24,0,5004,4,2321,57,0.7695406929895245,13,False,0.8257160782814026,True,0.7695406929895245,57,reader_true_positive
recipe_v1,val32,24,0,5022,4,1169,57,0.04012841091492777,13,False,0.8257160782814026,True,0.04012841091492777,57,no_mask_reaches_0.5
recipe_v1,val32,24,0,5025,4,6863,35,0.604556916426513,7,False,0.8915194272994995,True,0.604556916426513,35,reader_true_positive
recipe_v1,val32,24,0,6010,5,15247,14,0.2043595525489676,3,False,0.8972759246826172,True,0.2043595525489676,14,no_mask_reaches_0.5
recipe_v1,val32,24,1,5004,4,3554,57,0.5201318986463034,13,False,0.8257160782814026,True,0.5201318986463034,57,reader_true_positive
recipe_v1,val32,24,1,5022,4,1426,57,0.0762863171563058,13,False,0.8257160782814026,True,0.0762863171563058,57,no_mask_reaches_0.5
recipe_v1,val32,24,1,6010,5,7224,14,0.23160658257027597,3,False,0.8972759246826172,True,0.23160658257027597,14,no_mask_reaches_0.5
recipe_v1,val32,24,2,5004,4,3939,57,0.7141713370696557,13,False,0.8257160782814026,True,0.7141713370696557,57,reader_true_positive
recipe_v1,val32,24,2,5022,4,1698,57,0.09299913569576491,13,False,0.8257160782814026,True,0.09299913569576491,57,no_mask_reaches_0.5
recipe_v1,val32,24,2,5025,4,4008,35,0.5444344703770198,7,False,0.8915194272994995,True,0.5444344703770198,35,reader_true_positive
recipe_v1,val32,24,2,6010,5,14972,14,0.19641103472904206,3,False,0.8972759246826172,True,0.19641103472904206,14,no_mask_reaches_0.5
recipe_v1,val32,24,3,5004,4,3687,57,0.5908104196816208,13,False,0.8257160782814026,True,0.5908104196816208,57,reader_true_positive
recipe_v1,val32,24,3,5022,4,1517,57,0.07970660146699267,13,False,0.8257160782814026,True,0.07970660146699267,57,no_mask_reaches_0.5
recipe_v1,val32,24,3,5025,4,1165,35,0.2917731221257026,7,False,0.8915194272994995,True,0.2917731221257026,35,no_mask_reaches_0.5
recipe_v1,val32,24,3,6010,5,14311,14,0.188828089375285,3,False,0.8972759246826172,True,0.188828089375285,14,no_mask_reaches_0.5
recipe_v1,val32,24,4,5004,4,3707,57,0.5701373196593081,13,False,0.8257160782814026,True,0.5701373196593081,57,reader_true_positive
recipe_v1,val32,24,4,5022,4,1489,57,0.07458215074109113,13,False,0.8257160782814026,True,0.07458215074109113,57,no_mask_reaches_0.5
recipe_v1,val32,24,4,5025,4,845,35,0.221045197740113,7,False,0.8915194272994995,True,0.221045197740113,35,no_mask_reaches_0.5
recipe_v1,val32,24,4,6010,5,14249,14,0.19110599078341015,3,False,0.8972759246826172,True,0.19110599078341015,14,no_mask_reaches_0.5
recipe_v1,val32,24,5,5004,4,3476,57,0.49204488360408644,13,False,0.8257160782814026,True,0.49204488360408644,57,no_mask_reaches_0.5
recipe_v1,val32,24,5,5022,4,1405,57,0.07279573266394729,13,False,0.8257160782814026,True,0.07279573266394729,57,no_mask_reaches_0.5
recipe_v1,val32,24,5,6010,5,8027,14,0.22615105891172613,3,False,0.8972759246826172,True,0.22615105891172613,14,no_mask_reaches_0.5
recipe_v1,val32,25,0,5004,4,3259,57,0.47062332239785265,13,False,0.8233771324157715,True,0.47062332239785265,57,no_mask_reaches_0.5
recipe_v1,val32,25,0,5022,4,1685,57,0.027548209366391185,13,False,0.8233771324157715,True,0.027548209366391185,57,no_mask_reaches_0.5
recipe_v1,val32,25,0,5025,4,5632,35,0.5164603392939019,7,False,0.8936766982078552,True,0.5164603392939019,35,reader_true_positive
recipe_v1,val32,25,0,6010,5,15600,14,0.133931865699176,3,False,0.9007167220115662,True,0.133931865699176,14,no_mask_reaches_0.5
recipe_v1,val32,25,1,5004,4,2974,57,0.3020187569543793,13,False,0.8233771324157715,True,0.3020187569543793,57,no_mask_reaches_0.5
recipe_v1,val32,25,1,5022,4,991,57,0.01971090670170828,13,False,0.8233771324157715,True,0.01971090670170828,57,no_mask_reaches_0.5
recipe_v1,val32,25,1,6010,5,4508,14,0.16044668587896255,3,False,0.9007167220115662,True,0.16044668587896255,14,no_mask_reaches_0.5
recipe_v1,val32,25,2,5004,4,3949,57,0.5390772128060264,13,False,0.8233771324157715,True,0.5390772128060264,57,reader_true_positive
recipe_v1,val32,25,2,5022,4,1708,57,0.04321437242049041,13,False,0.8233771324157715,True,0.04321437242049041,57,no_mask_reaches_0.5
recipe_v1,val32,25,2,5025,4,4491,35,0.4889493739793141,7,False,0.8936766982078552,True,0.4889493739793141,35,no_mask_reaches_0.5
recipe_v1,val32,25,2,6010,5,15241,14,0.13146560564420198,3,False,0.9007167220115662,True,0.13146560564420198,14,no_mask_reaches_0.5
recipe_v1,val32,25,3,5004,4,3939,57,0.4960223607826274,13,False,0.8233771324157715,True,0.4960223607826274,57,no_mask_reaches_0.5
recipe_v1,val32,25,3,5022,4,1698,57,0.04381500331931843,13,False,0.8233771324157715,True,0.04381500331931843,57,no_mask_reaches_0.5
recipe_v1,val32,25,3,5025,4,4008,35,0.47674556916855004,7,False,0.8936766982078552,True,0.47674556916855004,35,no_mask_reaches_0.5
recipe_v1,val32,25,3,6010,5,14972,14,0.12902291718375114,3,False,0.9007167220115662,True,0.12902291718375114,14,no_mask_reaches_0.5
recipe_v1,val32,25,4,5004,4,3649,57,0.3942454268292683,13,False,0.8233771324157715,True,0.3942454268292683,57,no_mask_reaches_0.5
recipe_v1,val32,25,4,5022,4,1633,57,0.03798707656158214,13,False,0.8233771324157715,True,0.03798707656158214,57,no_mask_reaches_0.5
recipe_v1,val32,25,4,5025,4,2680,35,0.42111879321181644,7,False,0.8936766982078552,True,0.42111879321181644,35,no_mask_reaches_0.5
recipe_v1,val32,25,4,6010,5,14757,14,0.12129859387923904,3,False,0.9007167220115662,True,0.12129859387923904,14,no_mask_reaches_0.5
recipe_v1,val32,25,5,5004,4,3688,57,0.3175512665862485,13,False,0.8233771324157715,True,0.3175512665862485,57,no_mask_reaches_0.5
recipe_v1,val32,25,5,5022,4,1448,57,0.0218587828274886,13,False,0.8233771324157715,True,0.0218587828274886,57,no_mask_reaches_0.5
recipe_v1,val32,25,5,5025,4,476,35,0.26025150355385457,7,False,0.8936766982078552,True,0.26025150355385457,35,no_mask_reaches_0.5
recipe_v1,val32,25,5,6010,5,13799,14,0.12159893992932862,3,False,0.9007167220115662,True,0.12159893992932862,14,no_mask_reaches_0.5
recipe_v1,val32,26,0,5004,4,3512,30,0.18761220825852784,13,False,0.8880432844161987,True,0.18761220825852784,30,no_mask_reaches_0.5
recipe_v1,val32,26,0,5022,4,1370,54,0.07077910500980567,13,False,0.8977054357528687,True,0.07077910500980567,54,no_mask_reaches_0.5
recipe_v1,val32,26,0,6010,5,8385,35,0.42594066158917815,2,False,0.8559623956680298,True,0.42594066158917815,35,no_mask_reaches_0.5
recipe_v1,val32,26,1,5004,4,282,30,0.028911215911420957,13,False,0.8880432844161987,True,0.028911215911420957,30,no_mask_reaches_0.5
recipe_v1,val32,26,1,5022,4,75,30,0.0076891531679311054,13,False,0.8880432844161987,True,0.0076891531679311054,30,no_mask_reaches_0.5
recipe_v1,val32,26,1,6010,5,498,30,0.025712856428214106,13,False,0.8880432844161987,True,0.025712856428214106,30,no_mask_reaches_0.5
recipe_v1,val32,26,2,5004,4,3476,30,0.18725231175693527,13,False,0.8880432844161987,True,0.18725231175693527,30,no_mask_reaches_0.5
recipe_v1,val32,26,2,5022,4,1405,54,0.07979856672477242,13,False,0.8977054357528687,True,0.07979856672477242,54,no_mask_reaches_0.5
recipe_v1,val32,26,2,6010,5,8027,35,0.4084220600550305,2,False,0.8559623956680298,True,0.4084220600550305,35,no_mask_reaches_0.5
recipe_v1,val32,26,3,5004,4,3554,30,0.1905717151454363,13,False,0.8880432844161987,True,0.1905717151454363,30,no_mask_reaches_0.5
recipe_v1,val32,26,3,5022,4,1426,54,0.10890104425658877,13,False,0.8977054357528687,True,0.10890104425658877,54,no_mask_reaches_0.5
recipe_v1,val32,26,3,6010,5,7224,35,0.361327600107498,2,False,0.8559623956680298,True,0.361327600107498,35,no_mask_reaches_0.5
recipe_v1,val32,26,4,5004,4,3595,30,0.17877050485746138,13,False,0.8880432844161987,True,0.17877050485746138,30,no_mask_reaches_0.5
recipe_v1,val32,26,4,5022,4,1432,54,0.16410439756882375,13,False,0.8977054357528687,True,0.16410439756882375,54,no_mask_reaches_0.5
recipe_v1,val32,26,4,6010,5,6077,35,0.27243120013027194,2,False,0.8559623956680298,True,0.27243120013027194,35,no_mask_reaches_0.5
recipe_v1,val32,26,5,5004,4,3617,30,0.18075824873096447,13,False,0.8880432844161987,True,0.18075824873096447,30,no_mask_reaches_0.5
recipe_v1,val32,26,5,5022,4,1425,54,0.1774322169059011,13,False,0.8977054357528687,True,0.1774322169059011,54,no_mask_reaches_0.5
recipe_v1,val32,26,5,6010,5,5820,35,0.2452153110047847,2,False,0.8559623956680298,True,0.2452153110047847,35,no_mask_reaches_0.5
recipe_v1,val32,27,0,5004,4,3527,30,0.22532019704433498,13,False,0.8742647171020508,True,0.22532019704433498,30,no_mask_reaches_0.5
recipe_v1,val32,27,0,5022,4,1561,30,0.13765754019991308,13,False,0.8742647171020508,True,0.13765754019991308,30,no_mask_reaches_0.5
recipe_v1,val32,27,0,5025,4,1691,35,0.14474022083368998,7,False,0.8805480599403381,True,0.14474022083368998,35,no_mask_reaches_0.5
recipe_v1,val32,27,0,6010,5,14566,35,0.2767644340678049,7,False,0.8805480599403381,True,0.2767644340678049,35,no_mask_reaches_0.5
recipe_v1,val32,27,1,5004,4,1840,30,0.17145178764897076,13,False,0.8742647171020508,True,0.17145178764897076,30,no_mask_reaches_0.5
recipe_v1,val32,27,1,5022,4,724,30,0.19783501306457635,13,False,0.8742647171020508,True,0.19783501306457635,30,no_mask_reaches_0.5
recipe_v1,val32,27,1,6010,5,2602,30,0.12594068171757414,13,False,0.8742647171020508,True,0.12594068171757414,30,no_mask_reaches_0.5
recipe_v1,val32,27,2,5004,4,3687,30,0.22599200545968606,13,False,0.8742647171020508,True,0.22599200545968606,30,no_mask_reaches_0.5
recipe_v1,val32,27,2,5022,4,1517,30,0.13579303569479315,13,False,0.8742647171020508,True,0.13579303569479315,30,no_mask_reaches_0.5
recipe_v1,val32,27,2,5025,4,1165,35,0.1145188243389364,7,False,0.8805480599403381,True,0.1145188243389364,35,no_mask_reaches_0.5
recipe_v1,val32,27,2,6010,5,14311,35,0.29026138279932545,7,False,0.8805480599403381,True,0.29026138279932545,35,no_mask_reaches_0.5
recipe_v1,val32,27,3,5004,4,3690,30,0.22073349633251835,13,False,0.8742647171020508,True,0.22073349633251835,30,no_mask_reaches_0.5
recipe_v1,val32,27,3,5022,4,1442,30,0.13270614277808523,13,False,0.8742647171020508,True,0.13270614277808523,30,no_mask_reaches_0.5
recipe_v1,val32,27,3,5025,4,320,35,0.04116285052739902,7,False,0.8805480599403381,True,0.04116285052739902,35,no_mask_reaches_0.5
recipe_v1,val32,27,3,6010,5,13638,35,0.307283716954637,7,False,0.8805480599403381,True,0.307283716954637,35,no_mask_reaches_0.5
recipe_v1,val32,27,4,5004,4,3508,30,0.23424061519781442,13,False,0.8742647171020508,True,0.23424061519781442,30,no_mask_reaches_0.5
recipe_v1,val32,27,4,5022,4,1394,30,0.13239752947782144,13,False,0.8742647171020508,True,0.13239752947782144,30,no_mask_reaches_0.5
recipe_v1,val32,27,4,6010,5,10981,35,0.24388957270968875,7,False,0.8805480599403381,True,0.24388957270968875,35,no_mask_reaches_0.5
recipe_v1,val32,27,5,5004,4,3502,30,0.23162358642972536,13,False,0.8742647171020508,True,0.23162358642972536,30,no_mask_reaches_0.5
recipe_v1,val32,27,5,5022,4,1448,30,0.13747477012783135,13,False,0.8742647171020508,True,0.13747477012783135,30,no_mask_reaches_0.5
recipe_v1,val32,27,5,6010,5,10616,35,0.2289311644150354,7,False,0.8805480599403381,True,0.2289311644150354,35,no_mask_reaches_0.5
recipe_v1,val32,28,0,5004,4,3888,57,0.23764304845385925,13,False,0.8208211660385132,True,0.23764304845385925,57,no_mask_reaches_0.5
recipe_v1,val32,28,0,5022,4,1622,30,0.0867244829886591,13,False,0.8747667074203491,True,0.0867244829886591,30,no_mask_reaches_0.5
recipe_v1,val32,28,0,5025,4,3532,35,0.319262406218928,5,False,0.8890140652656555,True,0.319262406218928,35,no_mask_reaches_0.5
recipe_v1,val32,28,0,6010,5,14847,35,0.16027047601988267,5,True,0.8890140652656555,True,0.16027047601988267,35,no_mask_reaches_0.5
recipe_v1,val32,28,2,5004,4,3649,57,0.2128192288432649,13,False,0.8208211660385132,True,0.2128192288432649,57,no_mask_reaches_0.5
recipe_v1,val32,28,2,5022,4,1633,30,0.08863636363636364,13,False,0.8747667074203491,True,0.08863636363636364,30,no_mask_reaches_0.5
recipe_v1,val32,28,2,5025,4,2680,35,0.27374872318692545,5,False,0.8890140652656555,True,0.27374872318692545,35,no_mask_reaches_0.5
recipe_v1,val32,28,2,6010,5,14757,35,0.1814506425374212,5,True,0.8890140652656555,True,0.1814506425374212,35,no_mask_reaches_0.5
recipe_v1,val32,28,3,5004,4,3625,57,0.2034362549800797,13,False,0.8208211660385132,True,0.2034362549800797,57,no_mask_reaches_0.5
recipe_v1,val32,28,3,5022,4,1617,30,0.08830989163015909,13,False,0.8747667074203491,True,0.08830989163015909,30,no_mask_reaches_0.5
recipe_v1,val32,28,3,5025,4,2360,35,0.25699662419688557,5,False,0.8890140652656555,True,0.25699662419688557,35,no_mask_reaches_0.5
recipe_v1,val32,28,3,6010,5,14679,35,0.18486518695069268,5,True,0.8890140652656555,True,0.18486518695069268,35,no_mask_reaches_0.5
recipe_v1,val32,28,4,5004,4,3594,57,0.19197046608214122,13,False,0.8208211660385132,True,0.19197046608214122,57,no_mask_reaches_0.5
recipe_v1,val32,28,4,5022,4,1604,30,0.09320434167059934,13,False,0.8747667074203491,True,0.09320434167059934,30,no_mask_reaches_0.5
recipe_v1,val32,28,4,5025,4,1407,35,0.19103869653767822,5,False,0.8890140652656555,True,0.19103869653767822,35,no_mask_reaches_0.5
recipe_v1,val32,28,4,6010,5,14467,35,0.2079898190671167,5,True,0.8890140652656555,True,0.2079898190671167,35,no_mask_reaches_0.5
recipe_v1,val32,28,5,5004,4,3582,57,0.14530909090909092,13,False,0.8208211660385132,True,0.14530909090909092,57,no_mask_reaches_0.5
recipe_v1,val32,28,5,5022,4,1405,30,0.08737260750683569,13,False,0.8747667074203491,True,0.08737260750683569,30,no_mask_reaches_0.5
recipe_v1,val32,28,5,6010,5,12705,35,0.1933643597057499,5,True,0.8890140652656555,True,0.1933643597057499,35,no_mask_reaches_0.5
recipe_v1,val32,29,0,5025,4,12181,35,0.5524676233811691,5,False,0.8956710696220398,True,0.5524676233811691,35,reader_true_positive
recipe_v1,val32,29,0,6010,5,11756,14,0.4412156435403802,5,True,0.9031097888946533,True,0.4412156435403802,14,no_mask_reaches_0.5
recipe_v1,val32,29,1,5004,4,3508,57,0.2418474020908098,13,False,0.8160887956619263,True,0.2418474020908098,57,no_mask_reaches_0.5
recipe_v1,val32,29,1,5022,4,1394,97,0.02983038515756446,13,False,0.8913863301277161,True,0.02983038515756446,97,no_mask_reaches_0.5
recipe_v1,val32,29,1,6010,5,10981,14,0.5177237539046584,5,True,0.9031097888946533,True,0.5177237539046584,14,reader_true_positive
recipe_v1,val32,29,2,5025,4,11787,35,0.5589682421350828,5,False,0.8956710696220398,True,0.5589682421350828,35,reader_true_positive
recipe_v1,val32,29,2,6010,5,12135,14,0.4520792432625379,5,True,0.9031097888946533,True,0.4520792432625379,14,no_mask_reaches_0.5
recipe_v1,val32,29,3,5022,4,122,,0.0,,False,,False,0.0,,no_mask_reaches_0.5
recipe_v1,val32,29,3,5025,4,10433,35,0.535792672632112,5,False,0.8956710696220398,True,0.535792672632112,35,reader_true_positive
recipe_v1,val32,29,3,6010,5,13227,14,0.46249155215138543,5,True,0.9031097888946533,True,0.46249155215138543,14,no_mask_reaches_0.5
recipe_v1,val32,29,4,5004,4,1483,57,0.3212152687613607,13,False,0.8160887956619263,True,0.3212152687613607,57,no_mask_reaches_0.5
recipe_v1,val32,29,4,5022,4,944,57,0.01156326439848788,13,False,0.8160887956619263,True,0.01156326439848788,57,no_mask_reaches_0.5
recipe_v1,val32,29,4,5025,4,7927,35,0.37126106724096675,5,False,0.8956710696220398,True,0.37126106724096675,35,no_mask_reaches_0.5
recipe_v1,val32,29,4,6010,5,14681,14,0.4260194587697379,5,True,0.9031097888946533,True,0.4260194587697379,14,no_mask_reaches_0.5
recipe_v1,val32,29,5,5004,4,1854,57,0.34272189349112425,13,False,0.8160887956619263,True,0.34272189349112425,57,no_mask_reaches_0.5
recipe_v1,val32,29,5,5022,4,972,57,0.01033319274567693,13,False,0.8160887956619263,True,0.01033319274567693,57,no_mask_reaches_0.5
recipe_v1,val32,29,5,5025,4,7504,35,0.3328248156623443,5,False,0.8956710696220398,True,0.3328248156623443,35,no_mask_reaches_0.5
recipe_v1,val32,29,5,6010,5,14951,14,0.4178305155938255,5,True,0.9031097888946533,True,0.4178305155938255,14,no_mask_reaches_0.5
recipe_v1,val32,30,0,5014,4,2634,97,0.25177619893428066,4,True,0.8698920607566833,True,0.25177619893428066,97,no_mask_reaches_0.5
recipe_v1,val32,30,0,9023,8,996,57,0.16405105670642395,7,False,0.7265805602073669,True,0.16405105670642395,57,no_mask_reaches_0.5
recipe_v1,val32,30,0,13010,12,2509,92,0.12586872586872586,4,False,0.8457274436950684,True,0.12586872586872586,92,no_mask_reaches_0.5
recipe_v1,val32,30,0,13011,12,964,35,0.06132075471698113,4,False,0.8646136522293091,True,0.06132075471698113,35,no_mask_reaches_0.5
recipe_v1,val32,30,0,20020,19,1443,14,0.04100669880423214,4,False,0.9009455442428589,True,0.04100669880423214,14,no_mask_reaches_0.5
recipe_v1,val32,30,0,20021,19,1119,14,0.022835633626097866,4,False,0.9009455442428589,True,0.022835633626097866,14,no_mask_reaches_0.5
recipe_v1,val32,30,1,3017,2,1323,54,0.029571737867666474,7,False,0.8587437272071838,True,0.029571737867666474,54,no_mask_reaches_0.5
recipe_v1,val32,30,1,5013,4,2743,54,0.018106595278656608,7,False,0.8587437272071838,True,0.018106595278656608,54,no_mask_reaches_0.5
recipe_v1,val32,30,1,9022,8,525,54,0.02888742159128425,7,False,0.8587437272071838,True,0.02888742159128425,54,no_mask_reaches_0.5
recipe_v1,val32,30,1,13011,12,4625,35,0.11922230374174615,4,False,0.8646136522293091,True,0.11922230374174615,35,no_mask_reaches_0.5
recipe_v1,val32,30,2,3017,2,49,54,0.02038269550748752,7,False,0.8587437272071838,True,0.02038269550748752,54,no_mask_reaches_0.5
recipe_v1,val32,30,2,5014,4,2728,97,0.3903948772678762,4,True,0.8698920607566833,True,0.3903948772678762,97,no_mask_reaches_0.5
recipe_v1,val32,30,2,9022,8,108,54,0.04492512479201331,7,False,0.8587437272071838,True,0.04492512479201331,54,no_mask_reaches_0.5
recipe_v1,val32,30,2,9023,8,1321,57,0.1155095098190815,7,False,0.7265805602073669,True,0.1155095098190815,57,no_mask_reaches_0.5
recipe_v1,val32,30,2,13010,12,2139,92,0.1421359223300971,4,False,0.8457274436950684,True,0.1421359223300971,92,no_mask_reaches_0.5
recipe_v1,val32,30,2,13011,12,1156,35,0.05929184998952441,4,False,0.8646136522293091,True,0.05929184998952441,35,no_mask_reaches_0.5
recipe_v1,val32,30,2,20020,19,417,14,0.015285823968730369,4,False,0.9009455442428589,True,0.015285823968730369,14,no_mask_reaches_0.5
recipe_v1,val32,30,2,20021,19,490,14,0.023739495798319327,4,False,0.9009455442428589,True,0.023739495798319327,14,no_mask_reaches_0.5
recipe_v1,val32,30,3,3017,2,2333,54,0.17049443385818874,7,False,0.8587437272071838,True,0.17049443385818874,54,no_mask_reaches_0.5
recipe_v1,val32,30,3,5013,4,2233,54,0.03460300429184549,7,False,0.8587437272071838,True,0.03460300429184549,54,no_mask_reaches_0.5
recipe_v1,val32,30,3,5014,4,7,14,0.0003762510346903454,4,True,0.9009455442428589,True,0.0003762510346903454,14,no_mask_reaches_0.5
recipe_v1,val32,30,3,9022,8,1012,54,0.10837438423645321,7,False,0.8587437272071838,True,0.10837438423645321,54,no_mask_reaches_0.5
recipe_v1,val32,30,3,9023,8,879,57,0.2161198288159772,7,False,0.7265805602073669,True,0.2161198288159772,57,no_mask_reaches_0.5
recipe_v1,val32,30,3,13010,12,1291,30,0.030832196452933152,7,False,0.8180075883865356,True,0.030832196452933152,30,no_mask_reaches_0.5
recipe_v1,val32,30,3,13011,12,4588,35,0.18580337490829055,4,False,0.8646136522293091,True,0.18580337490829055,35,no_mask_reaches_0.5
recipe_v1,val32,30,3,20021,19,475,14,0.02182952182952183,4,False,0.9009455442428589,True,0.02182952182952183,14,no_mask_reaches_0.5
recipe_v1,val32,30,4,3017,2,2647,54,0.16023359795601788,7,False,0.8587437272071838,True,0.16023359795601788,54,no_mask_reaches_0.5
recipe_v1,val32,30,4,5013,4,2338,54,0.039115503811039454,7,False,0.8587437272071838,True,0.039115503811039454,54,no_mask_reaches_0.5
recipe_v1,val32,30,4,5014,4,9,14,0.0001514348451578708,4,True,0.9009455442428589,True,0.0001514348451578708,14,no_mask_reaches_0.5
recipe_v1,val32,30,4,9022,8,1008,54,0.10011918951132301,7,False,0.8587437272071838,True,0.10011918951132301,54,no_mask_reaches_0.5
recipe_v1,val32,30,4,9023,8,706,57,0.19914802981895632,7,False,0.7265805602073669,True,0.19914802981895632,57,no_mask_reaches_0.5
recipe_v1,val32,30,4,13010,12,1066,30,0.03479983024473051,7,False,0.8180075883865356,True,0.03479983024473051,30,no_mask_reaches_0.5
recipe_v1,val32,30,4,13011,12,4476,35,0.17442713107241065,4,False,0.8646136522293091,True,0.17442713107241065,35,no_mask_reaches_0.5
recipe_v1,val32,30,4,20021,19,483,14,0.022569314699947687,4,False,0.9009455442428589,True,0.022569314699947687,14,no_mask_reaches_0.5
recipe_v1,val32,30,5,3017,2,2270,54,0.07630833866106494,7,False,0.8587437272071838,True,0.07630833866106494,54,no_mask_reaches_0.5
recipe_v1,val32,30,5,5013,4,2390,54,0.015170344975358904,7,False,0.8587437272071838,True,0.015170344975358904,54,no_mask_reaches_0.5
recipe_v1,val32,30,5,9022,8,1067,54,0.05009624865017137,7,False,0.8587437272071838,True,0.05009624865017137,54,no_mask_reaches_0.5
recipe_v1,val32,30,5,9023,8,343,54,0.015484234234234234,7,False,0.8587437272071838,True,0.015484234234234234,54,no_mask_reaches_0.5
recipe_v1,val32,30,5,13010,12,177,14,0.012897282358360202,4,False,0.9009455442428589,True,0.012897282358360202,14,no_mask_reaches_0.5
recipe_v1,val32,30,5,13011,12,5849,35,0.1563210919727007,4,False,0.8646136522293091,True,0.1563210919727007,35,no_mask_reaches_0.5
recipe_v1,val32,31,0,5014,4,2591,97,0.23219476744186046,4,True,0.9076293110847473,True,0.23219476744186046,97,no_mask_reaches_0.5
recipe_v1,val32,31,0,9023,8,995,57,0.16091954022988506,7,False,0.7545297145843506,True,0.16091954022988506,57,no_mask_reaches_0.5
recipe_v1,val32,31,0,13010,12,2575,92,0.11465468837731611,4,False,0.911337673664093,True,0.11465468837731611,92,no_mask_reaches_0.5
recipe_v1,val32,31,0,13011,12,962,54,0.04152418172936004,7,False,0.8803735971450806,True,0.04152418172936004,54,no_mask_reaches_0.5
recipe_v1,val32,31,0,20019,19,39,,0.0,,False,,False,0.0,,no_mask_reaches_0.5
recipe_v1,val32,31,0,20020,19,1535,92,0.054843304843304845,4,False,0.911337673664093,True,0.054843304843304845,92,no_mask_reaches_0.5
recipe_v1,val32,31,0,20021,19,1133,14,0.00030330603579011223,4,False,0.9415468573570251,True,0.00030330603579011223,14,no_mask_reaches_0.5
recipe_v1,val32,31,1,3017,2,2574,54,0.16491879350348027,7,False,0.8803735971450806,True,0.16491879350348027,54,no_mask_reaches_0.5
recipe_v1,val32,31,1,5013,4,2260,54,0.04840229589651332,7,False,0.8803735971450806,True,0.04840229589651332,54,no_mask_reaches_0.5
recipe_v1,val32,31,1,5014,4,7,14,0.0006716561120706199,4,True,0.9415468573570251,True,0.0006716561120706199,14,no_mask_reaches_0.5
recipe_v1,val32,31,1,9022,8,983,54,0.08438860308666403,7,False,0.8803735971450806,True,0.08438860308666403,54,no_mask_reaches_0.5
recipe_v1,val32,31,1,9023,8,429,54,0.030498069115754034,7,False,0.8803735971450806,True,0.030498069115754034,54,no_mask_reaches_0.5
recipe_v1,val32,31,1,13010,12,939,30,0.09840425531914894,6,False,0.873188853263855,True,0.09840425531914894,30,no_mask_reaches_0.5
recipe_v1,val32,31,1,13011,12,4395,35,0.09850143121737666,4,False,0.9238999485969543,True,0.09850143121737666,35,no_mask_reaches_0.5
recipe_v1,val32,31,1,20021,19,505,14,0.008211847204281232,4,False,0.9415468573570251,True,0.008211847204281232,14,no_mask_reaches_0.5
recipe_v1,val32,31,2,5014,4,2645,97,0.2638099106417547,4,True,0.9076293110847473,True,0.2638099106417547,97,no_mask_reaches_0.5
recipe_v1,val32,31,2,9023,8,963,57,0.1189236111111111,7,False,0.7545297145843506,True,0.1189236111111111,57,no_mask_reaches_0.5
recipe_v1,val32,31,2,13010,12,2311,92,0.12542857142857142,4,False,0.911337673664093,True,0.12542857142857142,92,no_mask_reaches_0.5
recipe_v1,val32,31,2,13011,12,977,54,0.06705426356589148,7,False,0.8803735971450806,True,0.06705426356589148,54,no_mask_reaches_0.5
recipe_v1,val32,31,2,20020,19,830,92,0.028621964946132818,4,False,0.911337673664093,True,0.028621964946132818,92,no_mask_reaches_0.5
recipe_v1,val32,31,2,20021,19,677,14,0.0001573440327275588,4,False,0.9415468573570251,True,0.0001573440327275588,14,no_mask_reaches_0.5
recipe_v1,val32,31,3,3017,2,142,54,0.04081632653061224,7,False,0.8803735971450806,True,0.04081632653061224,54,no_mask_reaches_0.5
recipe_v1,val32,31,3,5014,4,2721,97,0.39669908635425877,4,True,0.9076293110847473,True,0.39669908635425877,97,no_mask_reaches_0.5
recipe_v1,val32,31,3,9022,8,339,54,0.0825063793592288,7,False,0.8803735971450806,True,0.0825063793592288,54,no_mask_reaches_0.5
recipe_v1,val32,31,3,9023,8,1256,57,0.1079646017699115,7,False,0.7545297145843506,True,0.1079646017699115,57,no_mask_reaches_0.5
recipe_v1,val32,31,3,13010,12,2183,92,0.15045592705167174,4,False,0.911337673664093,True,0.15045592705167174,92,no_mask_reaches_0.5
recipe_v1,val32,31,3,13011,12,1245,54,0.10065237651444547,7,False,0.8803735971450806,True,0.10065237651444547,54,no_mask_reaches_0.5
recipe_v1,val32,31,3,20020,19,384,92,0.01890856869315462,4,False,0.911337673664093,True,0.01890856869315462,92,no_mask_reaches_0.5
recipe_v1,val32,31,3,20021,19,453,14,0.0024098321150293196,4,False,0.9415468573570251,True,0.0024098321150293196,14,no_mask_reaches_0.5
recipe_v1,val32,31,4,3017,2,321,54,0.08350676378772112,7,False,0.8803735971450806,True,0.08350676378772112,54,no_mask_reaches_0.5
recipe_v1,val32,31,4,5014,4,2532,97,0.3737012987012987,4,True,0.9076293110847473,True,0.3737012987012987,97,no_mask_reaches_0.5
recipe_v1,val32,31,4,9022,8,590,54,0.12738367658276126,7,False,0.8803735971450806,True,0.12738367658276126,54,no_mask_reaches_0.5
recipe_v1,val32,31,4,9023,8,1301,57,0.10829075325531565,7,False,0.7545297145843506,True,0.10829075325531565,57,no_mask_reaches_0.5
recipe_v1,val32,31,4,13010,12,2125,92,0.16275303643724695,4,False,0.911337673664093,True,0.16275303643724695,92,no_mask_reaches_0.5
recipe_v1,val32,31,4,13011,12,1477,54,0.09305669679539852,7,False,0.8803735971450806,True,0.09305669679539852,54,no_mask_reaches_0.5
recipe_v1,val32,31,4,20020,19,376,92,0.016798167472639347,4,False,0.911337673664093,True,0.016798167472639347,92,no_mask_reaches_0.5
recipe_v1,val32,31,4,20021,19,448,14,0.001924156177343061,4,False,0.9415468573570251,True,0.001924156177343061,14,no_mask_reaches_0.5
recipe_v1,val32,31,5,3017,2,2679,54,0.17849524917587745,7,False,0.8803735971450806,True,0.17849524917587745,54,no_mask_reaches_0.5
recipe_v1,val32,31,5,5013,4,2316,54,0.05370386918059155,7,False,0.8803735971450806,True,0.05370386918059155,54,no_mask_reaches_0.5
recipe_v1,val32,31,5,5014,4,10,14,0.0009074410163339383,4,True,0.9415468573570251,True,0.0009074410163339383,14,no_mask_reaches_0.5
recipe_v1,val32,31,5,9022,8,1036,54,0.09545644018340975,7,False,0.8803735971450806,True,0.09545644018340975,54,no_mask_reaches_0.5
recipe_v1,val32,31,5,9023,8,492,54,0.03028423772609819,7,False,0.8803735971450806,True,0.03028423772609819,54,no_mask_reaches_0.5
recipe_v1,val32,31,5,13010,12,1036,30,0.10336048879837068,6,False,0.873188853263855,True,0.10336048879837068,30,no_mask_reaches_0.5
recipe_v1,val32,31,5,13011,12,4488,35,0.09981593038821955,4,False,0.9238999485969543,True,0.09981593038821955,35,no_mask_reaches_0.5
recipe_v1,val32,31,5,20021,19,474,14,0.007891967730620834,4,False,0.9415468573570251,True,0.007891967730620834,14,no_mask_reaches_0.5
